#2026 05 08 03:51:35.336#Z#DEBUG#196a5c01-4a91-11f1-8594-eeee0a955217.Loja-db-deployer#flowable-async-job-executor-thread-16216#
[PollStageAppStatusExecution] 540913b5-ee82-43db-a33d-eb5577322406 [2026-05-08T03:42:03.459220] Updated app with guid 540913b5-ee82-43db-a33d-eb5577322406 ({"lifecycle"=>{"data"=>{"buildpacks"=>["nodejs_buildpack"]}, "type"=>"buildpack"}}) (STDOUT, API)#
#2026 05 08 03:51:35.336#Z#DEBUG#196a5c01-4a91-11f1-8594-eeee0a955217.Loja-db-deployer#flowable-async-job-executor-thread-16216#
[PollStageAppStatusExecution] 540913b5-ee82-43db-a33d-eb5577322406 [2026-05-08T03:42:03.550614] Updating process: "web" (STDOUT, API)#
#2026 05 08 03:51:35.336#Z#DEBUG#196a5c01-4a91-11f1-8594-eeee0a955217.Loja-db-deployer#flowable-async-job-executor-thread-16216#
[PollStageAppStatusExecution] 540913b5-ee82-43db-a33d-eb5577322406 [2026-05-08T03:42:12.237066] Uploading app package for app with guid 540913b5-ee82-43db-a33d-eb5577322406 (STDOUT, API)#
#2026 05 08 03:51:35.336#Z#DEBUG#196a5c01-4a91-11f1-8594-eeee0a955217.Loja-db-deployer#flowable-async-job-executor-thread-16216#
[PollStageAppStatusExecution] 540913b5-ee82-43db-a33d-eb5577322406 [2026-05-08T03:42:12.480877] Updated app with guid 540913b5-ee82-43db-a33d-eb5577322406 ({"environment_variables"=>"[PRIVATE DATA HIDDEN]"}) (STDOUT, API)#
#2026 05 08 03:51:35.336#Z#DEBUG#196a5c01-4a91-11f1-8594-eeee0a955217.Loja-db-deployer#flowable-async-job-executor-thread-16216#
[PollStageAppStatusExecution] 540913b5-ee82-43db-a33d-eb5577322406 [2026-05-08T03:42:22.113045] Creating build for app with guid 540913b5-ee82-43db-a33d-eb5577322406 (STDOUT, API)#
#2026 05 08 03:51:35.336#Z#DEBUG#196a5c01-4a91-11f1-8594-eeee0a955217.Loja-db-deployer#flowable-async-job-executor-thread-16216#
[PollStageAppStatusExecution] 540913b5-ee82-43db-a33d-eb5577322406 [2026-05-08T03:42:22.511707] Downloading nodejs_buildpack... (STDOUT, STG)#
#2026 05 08 03:51:35.336#Z#DEBUG#196a5c01-4a91-11f1-8594-eeee0a955217.Loja-db-deployer#flowable-async-job-executor-thread-16216#
[PollStageAppStatusExecution] 540913b5-ee82-43db-a33d-eb5577322406 [2026-05-08T03:42:22.557815] Downloaded nodejs_buildpack (STDOUT, STG)#
#2026 05 08 03:51:35.336#Z#DEBUG#196a5c01-4a91-11f1-8594-eeee0a955217.Loja-db-deployer#flowable-async-job-executor-thread-16216#
[PollStageAppStatusExecution] 540913b5-ee82-43db-a33d-eb5577322406 [2026-05-08T03:42:22.557917] Cell 77283d80-dfa7-40ba-ba4e-265aef112085 creating container for instance e4ad7a2d-da18-40f9-9e06-30927c62f477 (STDOUT, STG)#
#2026 05 08 03:51:35.336#Z#DEBUG#196a5c01-4a91-11f1-8594-eeee0a955217.Loja-db-deployer#flowable-async-job-executor-thread-16216#
[PollStageAppStatusExecution] 540913b5-ee82-43db-a33d-eb5577322406 [2026-05-08T03:42:22.903247] Security group rules were updated (STDOUT, STG)#
#2026 05 08 03:51:35.336#Z#DEBUG#196a5c01-4a91-11f1-8594-eeee0a955217.Loja-db-deployer#flowable-async-job-executor-thread-16216#
[PollStageAppStatusExecution] 540913b5-ee82-43db-a33d-eb5577322406 [2026-05-08T03:42:22.961310] Cell 77283d80-dfa7-40ba-ba4e-265aef112085 successfully created container for instance e4ad7a2d-da18-40f9-9e06-30927c62f477 (STDOUT, STG)#
#2026 05 08 03:51:35.336#Z#DEBUG#196a5c01-4a91-11f1-8594-eeee0a955217.Loja-db-deployer#flowable-async-job-executor-thread-16216#
[PollStageAppStatusExecution] 540913b5-ee82-43db-a33d-eb5577322406 [2026-05-08T03:42:23.758075] Downloading build artifacts cache... (STDOUT, STG)#
#2026 05 08 03:51:35.336#Z#DEBUG#196a5c01-4a91-11f1-8594-eeee0a955217.Loja-db-deployer#flowable-async-job-executor-thread-16216#
[PollStageAppStatusExecution] 540913b5-ee82-43db-a33d-eb5577322406 [2026-05-08T03:42:23.758076] Downloading app package... (STDOUT, STG)#
#2026 05 08 03:51:35.336#Z#DEBUG#196a5c01-4a91-11f1-8594-eeee0a955217.Loja-db-deployer#flowable-async-job-executor-thread-16216#
[PollStageAppStatusExecution] 540913b5-ee82-43db-a33d-eb5577322406 [2026-05-08T03:42:23.855399] Downloaded build artifacts cache (226B) (STDOUT, STG)#
#2026 05 08 03:51:35.336#Z#DEBUG#196a5c01-4a91-11f1-8594-eeee0a955217.Loja-db-deployer#flowable-async-job-executor-thread-16216#
[PollStageAppStatusExecution] 540913b5-ee82-43db-a33d-eb5577322406 [2026-05-08T03:42:23.994851] Downloaded app package (2.3M) (STDOUT, STG)#
#2026 05 08 03:51:35.336#Z#DEBUG#196a5c01-4a91-11f1-8594-eeee0a955217.Loja-db-deployer#flowable-async-job-executor-thread-16216#
[PollStageAppStatusExecution] 540913b5-ee82-43db-a33d-eb5577322406 [2026-05-08T03:42:24.053146] -----> Nodejs Buildpack version 1.8.44 (STDOUT, STG)#
#2026 05 08 03:51:35.336#Z#DEBUG#196a5c01-4a91-11f1-8594-eeee0a955217.Loja-db-deployer#flowable-async-job-executor-thread-16216#
[PollStageAppStatusExecution] 540913b5-ee82-43db-a33d-eb5577322406 [2026-05-08T03:42:24.126058] -----> Bootstrapping python (STDOUT, STG)#
#2026 05 08 03:51:35.336#Z#DEBUG#196a5c01-4a91-11f1-8594-eeee0a955217.Loja-db-deployer#flowable-async-job-executor-thread-16216#
[PollStageAppStatusExecution] 540913b5-ee82-43db-a33d-eb5577322406 [2026-05-08T03:42:24.126082] -----> Installing python 3.11.14 (STDOUT, STG)#
#2026 05 08 03:51:35.336#Z#DEBUG#196a5c01-4a91-11f1-8594-eeee0a955217.Loja-db-deployer#flowable-async-job-executor-thread-16216#
[PollStageAppStatusExecution] 540913b5-ee82-43db-a33d-eb5577322406 [2026-05-08T03:42:24.126184] Copy [/tmp/buildpacks/978cee5ec9c58000/dependencies/b5e0345ae0ae1932e7d56fffaa49a487/python_3.11.14_linux_x64_cflinuxfs4_66f53248.tgz] (STDOUT, STG)#
#2026 05 08 03:51:35.336#Z#DEBUG#196a5c01-4a91-11f1-8594-eeee0a955217.Loja-db-deployer#flowable-async-job-executor-thread-16216#
[PollStageAppStatusExecution] 540913b5-ee82-43db-a33d-eb5577322406 [2026-05-08T03:42:26.976900] -----> Installing binaries (STDOUT, STG)#
#2026 05 08 03:51:35.336#Z#DEBUG#196a5c01-4a91-11f1-8594-eeee0a955217.Loja-db-deployer#flowable-async-job-executor-thread-16216#
[PollStageAppStatusExecution] 540913b5-ee82-43db-a33d-eb5577322406 [2026-05-08T03:42:26.976938] engines.node (package.json): >=18 (STDOUT, STG)#
#2026 05 08 03:51:35.336#Z#DEBUG#196a5c01-4a91-11f1-8594-eeee0a955217.Loja-db-deployer#flowable-async-job-executor-thread-16216#
[PollStageAppStatusExecution] 540913b5-ee82-43db-a33d-eb5577322406 [2026-05-08T03:42:26.976943] engines.npm (package.json): unspecified (use default) (STDOUT, STG)#
#2026 05 08 03:51:35.336#Z#DEBUG#196a5c01-4a91-11f1-8594-eeee0a955217.Loja-db-deployer#flowable-async-job-executor-thread-16216#
[PollStageAppStatusExecution] 540913b5-ee82-43db-a33d-eb5577322406 [2026-05-08T03:42:26.976950] [31;1m**WARNING**[0m Dangerous semver range (>) in engines.node. See: http://docs.cloudfoundry.org/buildpacks/node/node-tips.html (STDOUT, STG)#
#2026 05 08 03:51:35.336#Z#DEBUG#196a5c01-4a91-11f1-8594-eeee0a955217.Loja-db-deployer#flowable-async-job-executor-thread-16216#
[PollStageAppStatusExecution] 540913b5-ee82-43db-a33d-eb5577322406 [2026-05-08T03:42:26.977057] -----> Installing node 24.13.0 (STDOUT, STG)#
#2026 05 08 03:51:35.336#Z#DEBUG#196a5c01-4a91-11f1-8594-eeee0a955217.Loja-db-deployer#flowable-async-job-executor-thread-16216#
[PollStageAppStatusExecution] 540913b5-ee82-43db-a33d-eb5577322406 [2026-05-08T03:42:26.977150] Copy [/tmp/buildpacks/978cee5ec9c58000/dependencies/2f5692219fecc3eee6e6d507a6bfe7b9/node_24.13.0_linux_x64_cflinuxfs4_a816dee1.tgz] (STDOUT, STG)#
#2026 05 08 03:51:35.336#Z#DEBUG#196a5c01-4a91-11f1-8594-eeee0a955217.Loja-db-deployer#flowable-async-job-executor-thread-16216#
[PollStageAppStatusExecution] 540913b5-ee82-43db-a33d-eb5577322406 [2026-05-08T03:42:28.739155] Using default npm version: 11.6.2 (STDOUT, STG)#
#2026 05 08 03:51:35.336#Z#DEBUG#196a5c01-4a91-11f1-8594-eeee0a955217.Loja-db-deployer#flowable-async-job-executor-thread-16216#
[PollStageAppStatusExecution] 540913b5-ee82-43db-a33d-eb5577322406 [2026-05-08T03:42:28.739177] -----> Installing yarn 1.22.22 (STDOUT, STG)#
#2026 05 08 03:51:35.336#Z#DEBUG#196a5c01-4a91-11f1-8594-eeee0a955217.Loja-db-deployer#flowable-async-job-executor-thread-16216#
[PollStageAppStatusExecution] 540913b5-ee82-43db-a33d-eb5577322406 [2026-05-08T03:42:28.739398] Copy [/tmp/buildpacks/978cee5ec9c58000/dependencies/e3a39aedd1236924d69cc2d0637a8ed2/yarn_1.22.22_linux_noarch_any-stack_4911d0a6.tgz] (STDOUT, STG)#
#2026 05 08 03:51:35.336#Z#DEBUG#196a5c01-4a91-11f1-8594-eeee0a955217.Loja-db-deployer#flowable-async-job-executor-thread-16216#
[PollStageAppStatusExecution] 540913b5-ee82-43db-a33d-eb5577322406 [2026-05-08T03:42:28.993907] Installed yarn 1.22.22 (STDOUT, STG)#
#2026 05 08 03:51:35.336#Z#DEBUG#196a5c01-4a91-11f1-8594-eeee0a955217.Loja-db-deployer#flowable-async-job-executor-thread-16216#
[PollStageAppStatusExecution] 540913b5-ee82-43db-a33d-eb5577322406 [2026-05-08T03:42:28.993933] -----> Creating runtime environment (STDOUT, STG)#
#2026 05 08 03:51:35.336#Z#DEBUG#196a5c01-4a91-11f1-8594-eeee0a955217.Loja-db-deployer#flowable-async-job-executor-thread-16216#
[PollStageAppStatusExecution] 540913b5-ee82-43db-a33d-eb5577322406 [2026-05-08T03:42:28.995609] NODE_ENV=production (STDOUT, STG)#
#2026 05 08 03:51:35.336#Z#DEBUG#196a5c01-4a91-11f1-8594-eeee0a955217.Loja-db-deployer#flowable-async-job-executor-thread-16216#
[PollStageAppStatusExecution] 540913b5-ee82-43db-a33d-eb5577322406 [2026-05-08T03:42:28.995634] NODE_HOME=/tmp/contents668996920/deps/0/node (STDOUT, STG)#
#2026 05 08 03:51:35.336#Z#DEBUG#196a5c01-4a91-11f1-8594-eeee0a955217.Loja-db-deployer#flowable-async-job-executor-thread-16216#
[PollStageAppStatusExecution] 540913b5-ee82-43db-a33d-eb5577322406 [2026-05-08T03:42:28.995641] NODE_MODULES_CACHE=true (STDOUT, STG)#
#2026 05 08 03:51:35.336#Z#DEBUG#196a5c01-4a91-11f1-8594-eeee0a955217.Loja-db-deployer#flowable-async-job-executor-thread-16216#
[PollStageAppStatusExecution] 540913b5-ee82-43db-a33d-eb5577322406 [2026-05-08T03:42:28.995643] NODE_VERBOSE=false (STDOUT, STG)#
#2026 05 08 03:51:35.336#Z#DEBUG#196a5c01-4a91-11f1-8594-eeee0a955217.Loja-db-deployer#flowable-async-job-executor-thread-16216#
[PollStageAppStatusExecution] 540913b5-ee82-43db-a33d-eb5577322406 [2026-05-08T03:42:28.995646] NPM_CONFIG_LOGLEVEL=error (STDOUT, STG)#
#2026 05 08 03:51:35.336#Z#DEBUG#196a5c01-4a91-11f1-8594-eeee0a955217.Loja-db-deployer#flowable-async-job-executor-thread-16216#
[PollStageAppStatusExecution] 540913b5-ee82-43db-a33d-eb5577322406 [2026-05-08T03:42:28.995648] NPM_CONFIG_PRODUCTION=true (STDOUT, STG)#
#2026 05 08 03:51:35.336#Z#DEBUG#196a5c01-4a91-11f1-8594-eeee0a955217.Loja-db-deployer#flowable-async-job-executor-thread-16216#
[PollStageAppStatusExecution] 540913b5-ee82-43db-a33d-eb5577322406 [2026-05-08T03:42:28.995662] -----> Building dependencies (STDOUT, STG)#
#2026 05 08 03:51:35.336#Z#DEBUG#196a5c01-4a91-11f1-8594-eeee0a955217.Loja-db-deployer#flowable-async-job-executor-thread-16216#
[PollStageAppStatusExecution] 540913b5-ee82-43db-a33d-eb5577322406 [2026-05-08T03:42:28.995667] Prebuild detected (node_modules already exists) (STDOUT, STG)#
#2026 05 08 03:51:35.336#Z#DEBUG#196a5c01-4a91-11f1-8594-eeee0a955217.Loja-db-deployer#flowable-async-job-executor-thread-16216#
[PollStageAppStatusExecution] 540913b5-ee82-43db-a33d-eb5577322406 [2026-05-08T03:42:28.995670] Rebuilding any native modules (STDOUT, STG)#
#2026 05 08 03:51:35.336#Z#DEBUG#196a5c01-4a91-11f1-8594-eeee0a955217.Loja-db-deployer#flowable-async-job-executor-thread-16216#
[PollStageAppStatusExecution] 540913b5-ee82-43db-a33d-eb5577322406 [2026-05-08T03:42:29.382595] rebuilt dependencies successfully (STDOUT, STG)#
#2026 05 08 03:51:35.336#Z#DEBUG#196a5c01-4a91-11f1-8594-eeee0a955217.Loja-db-deployer#flowable-async-job-executor-thread-16216#
[PollStageAppStatusExecution] 540913b5-ee82-43db-a33d-eb5577322406 [2026-05-08T03:42:29.433181] Installing any new modules (package.json + package-lock.json) (STDOUT, STG)#
#2026 05 08 03:51:35.336#Z#DEBUG#196a5c01-4a91-11f1-8594-eeee0a955217.Loja-db-deployer#flowable-async-job-executor-thread-16216#
[PollStageAppStatusExecution] 540913b5-ee82-43db-a33d-eb5577322406 [2026-05-08T03:42:29.774724] up to date in 277ms (STDOUT, STG)#
#2026 05 08 03:51:35.336#Z#DEBUG#196a5c01-4a91-11f1-8594-eeee0a955217.Loja-db-deployer#flowable-async-job-executor-thread-16216#
[PollStageAppStatusExecution] 540913b5-ee82-43db-a33d-eb5577322406 [2026-05-08T03:42:29.774841] 4 packages are looking for funding (STDOUT, STG)#
#2026 05 08 03:51:35.336#Z#DEBUG#196a5c01-4a91-11f1-8594-eeee0a955217.Loja-db-deployer#flowable-async-job-executor-thread-16216#
[PollStageAppStatusExecution] 540913b5-ee82-43db-a33d-eb5577322406 [2026-05-08T03:42:29.774917] run `npm fund` for details (STDOUT, STG)#
#2026 05 08 03:51:35.336#Z#DEBUG#196a5c01-4a91-11f1-8594-eeee0a955217.Loja-db-deployer#flowable-async-job-executor-thread-16216#
[PollStageAppStatusExecution] 540913b5-ee82-43db-a33d-eb5577322406 [2026-05-08T03:42:30.193339] Contrast Security no credentials found. Will not write environment files. (STDOUT, STG)#
#2026 05 08 03:51:35.336#Z#DEBUG#196a5c01-4a91-11f1-8594-eeee0a955217.Loja-db-deployer#flowable-async-job-executor-thread-16216#
[PollStageAppStatusExecution] 540913b5-ee82-43db-a33d-eb5577322406 [2026-05-08T03:42:37.661860] Exit status 0 (STDOUT, STG)#
#2026 05 08 03:51:35.336#Z#DEBUG#196a5c01-4a91-11f1-8594-eeee0a955217.Loja-db-deployer#flowable-async-job-executor-thread-16216#
[PollStageAppStatusExecution] 540913b5-ee82-43db-a33d-eb5577322406 [2026-05-08T03:42:37.661905] Uploading droplet, build artifacts cache... (STDOUT, STG)#
#2026 05 08 03:51:35.336#Z#DEBUG#196a5c01-4a91-11f1-8594-eeee0a955217.Loja-db-deployer#flowable-async-job-executor-thread-16216#
[PollStageAppStatusExecution] 540913b5-ee82-43db-a33d-eb5577322406 [2026-05-08T03:42:37.661938] Uploading build artifacts cache... (STDOUT, STG)#
#2026 05 08 03:51:35.336#Z#DEBUG#196a5c01-4a91-11f1-8594-eeee0a955217.Loja-db-deployer#flowable-async-job-executor-thread-16216#
[PollStageAppStatusExecution] 540913b5-ee82-43db-a33d-eb5577322406 [2026-05-08T03:42:37.661966] Uploading droplet... (STDOUT, STG)#
#2026 05 08 03:51:35.336#Z#DEBUG#196a5c01-4a91-11f1-8594-eeee0a955217.Loja-db-deployer#flowable-async-job-executor-thread-16216#
[PollStageAppStatusExecution] 540913b5-ee82-43db-a33d-eb5577322406 [2026-05-08T03:42:37.677831] Uploaded build artifacts cache (225B) (STDOUT, STG)#
#2026 05 08 03:51:35.336#Z#DEBUG#196a5c01-4a91-11f1-8594-eeee0a955217.Loja-db-deployer#flowable-async-job-executor-thread-16216#
[PollStageAppStatusExecution] 540913b5-ee82-43db-a33d-eb5577322406 [2026-05-08T03:42:38.206409] Creating droplet for app with guid 540913b5-ee82-43db-a33d-eb5577322406 (STDOUT, API)#
#2026 05 08 03:51:35.336#Z#DEBUG#196a5c01-4a91-11f1-8594-eeee0a955217.Loja-db-deployer#flowable-async-job-executor-thread-16216#
[PollStageAppStatusExecution] 540913b5-ee82-43db-a33d-eb5577322406 [2026-05-08T03:42:42.272273] Uploaded droplet (58.4M) (STDOUT, STG)#
#2026 05 08 03:51:35.336#Z#DEBUG#196a5c01-4a91-11f1-8594-eeee0a955217.Loja-db-deployer#flowable-async-job-executor-thread-16216#
[PollStageAppStatusExecution] 540913b5-ee82-43db-a33d-eb5577322406 [2026-05-08T03:42:42.287459] Uploading complete (STDOUT, STG)#
#2026 05 08 03:51:35.336#Z#DEBUG#196a5c01-4a91-11f1-8594-eeee0a955217.Loja-db-deployer#flowable-async-job-executor-thread-16216#
[PollStageAppStatusExecution] 540913b5-ee82-43db-a33d-eb5577322406 [2026-05-08T03:42:42.593618] Cell 77283d80-dfa7-40ba-ba4e-265aef112085 stopping instance e4ad7a2d-da18-40f9-9e06-30927c62f477 (STDOUT, STG)#
#2026 05 08 03:51:35.336#Z#DEBUG#196a5c01-4a91-11f1-8594-eeee0a955217.Loja-db-deployer#flowable-async-job-executor-thread-16216#
[PollStageAppStatusExecution] 540913b5-ee82-43db-a33d-eb5577322406 [2026-05-08T03:42:42.593654] Cell 77283d80-dfa7-40ba-ba4e-265aef112085 destroying container for instance e4ad7a2d-da18-40f9-9e06-30927c62f477 (STDOUT, STG)#
#2026 05 08 03:51:35.336#Z#DEBUG#196a5c01-4a91-11f1-8594-eeee0a955217.Loja-db-deployer#flowable-async-job-executor-thread-16216#
[PollStageAppStatusExecution] 540913b5-ee82-43db-a33d-eb5577322406 [2026-05-08T03:42:42.646745] Staging complete for build e4ad7a2d-da18-40f9-9e06-30927c62f477 (STDOUT, API)#
#2026 05 08 03:51:35.336#Z#DEBUG#196a5c01-4a91-11f1-8594-eeee0a955217.Loja-db-deployer#flowable-async-job-executor-thread-16216#
[PollStageAppStatusExecution] 540913b5-ee82-43db-a33d-eb5577322406 [2026-05-08T03:42:44.317631] Cell 77283d80-dfa7-40ba-ba4e-265aef112085 successfully destroyed container for instance e4ad7a2d-da18-40f9-9e06-30927c62f477 (STDOUT, STG)#
#2026 05 08 03:51:35.336#Z#DEBUG#196a5c01-4a91-11f1-8594-eeee0a955217.Loja-db-deployer#flowable-async-job-executor-thread-16216#
[PollStageAppStatusExecution] 540913b5-ee82-43db-a33d-eb5577322406 [2026-05-08T03:42:52.176902] Updated app with guid 540913b5-ee82-43db-a33d-eb5577322406 ({:droplet_guid=>"434b6be1-c7ec-4fd7-983a-f22635fe57f3"}) (STDOUT, API)#
#2026 05 08 03:51:35.336#Z#DEBUG#196a5c01-4a91-11f1-8594-eeee0a955217.Loja-db-deployer#flowable-async-job-executor-thread-16216#
[PollStageAppStatusExecution] 540913b5-ee82-43db-a33d-eb5577322406 [2026-05-08T03:42:52.766043] Cell c839c7b1-088e-41af-b9b7-66256aacd457 creating container for instance 5074ac78-b437-4bfd-bb77-a10fd51cd693 (STDOUT, CELL)#
#2026 05 08 03:51:35.336#Z#DEBUG#196a5c01-4a91-11f1-8594-eeee0a955217.Loja-db-deployer#flowable-async-job-executor-thread-16216#
[PollStageAppStatusExecution] 540913b5-ee82-43db-a33d-eb5577322406 [2026-05-08T03:42:53.142760] Security group rules were updated (STDOUT, CELL)#
#2026 05 08 03:51:35.336#Z#DEBUG#196a5c01-4a91-11f1-8594-eeee0a955217.Loja-db-deployer#flowable-async-job-executor-thread-16216#
[PollStageAppStatusExecution] 540913b5-ee82-43db-a33d-eb5577322406 [2026-05-08T03:42:53.215677] Cell c839c7b1-088e-41af-b9b7-66256aacd457 successfully created container for instance 5074ac78-b437-4bfd-bb77-a10fd51cd693 (STDOUT, CELL)#
#2026 05 08 03:51:35.336#Z#DEBUG#196a5c01-4a91-11f1-8594-eeee0a955217.Loja-db-deployer#flowable-async-job-executor-thread-16216#
[PollStageAppStatusExecution] 540913b5-ee82-43db-a33d-eb5577322406 [2026-05-08T03:42:55.955378] Invoking pre-start scripts. (STDOUT, APP/TASK/deploy)#
#2026 05 08 03:51:35.336#Z#DEBUG#196a5c01-4a91-11f1-8594-eeee0a955217.Loja-db-deployer#flowable-async-job-executor-thread-16216#
[PollStageAppStatusExecution] 540913b5-ee82-43db-a33d-eb5577322406 [2026-05-08T03:42:56.098027] Invoking start command. (STDOUT, APP/TASK/deploy)#
#2026 05 08 03:51:35.336#Z#DEBUG#196a5c01-4a91-11f1-8594-eeee0a955217.Loja-db-deployer#flowable-async-job-executor-thread-16216#
[PollStageAppStatusExecution] 540913b5-ee82-43db-a33d-eb5577322406 [2026-05-08T03:42:56.403237] > start (STDOUT, APP/TASK/deploy)#
#2026 05 08 03:51:35.336#Z#DEBUG#196a5c01-4a91-11f1-8594-eeee0a955217.Loja-db-deployer#flowable-async-job-executor-thread-16216#
[PollStageAppStatusExecution] 540913b5-ee82-43db-a33d-eb5577322406 [2026-05-08T03:42:56.403259] > node node_modules/@sap/hdi-deploy/deploy.js --use-hdb --parameter com.sap.hana.di.table/try_fast_table_migration=true (STDOUT, APP/TASK/deploy)#
#2026 05 08 03:51:35.336#Z#DEBUG#196a5c01-4a91-11f1-8594-eeee0a955217.Loja-db-deployer#flowable-async-job-executor-thread-16216#
[PollStageAppStatusExecution] 540913b5-ee82-43db-a33d-eb5577322406 [2026-05-08T03:42:56.507119] VCAP_SERVICES: (STDOUT, APP/TASK/deploy)#
#2026 05 08 03:51:35.336#Z#DEBUG#196a5c01-4a91-11f1-8594-eeee0a955217.Loja-db-deployer#flowable-async-job-executor-thread-16216#
[PollStageAppStatusExecution] 540913b5-ee82-43db-a33d-eb5577322406 [2026-05-08T03:42:56.507304] { (STDOUT, APP/TASK/deploy)#
#2026 05 08 03:51:35.336#Z#DEBUG#196a5c01-4a91-11f1-8594-eeee0a955217.Loja-db-deployer#flowable-async-job-executor-thread-16216#
[PollStageAppStatusExecution] 540913b5-ee82-43db-a33d-eb5577322406 [2026-05-08T03:42:56.507319] "hana": [ (STDOUT, APP/TASK/deploy)#
#2026 05 08 03:51:35.336#Z#DEBUG#196a5c01-4a91-11f1-8594-eeee0a955217.Loja-db-deployer#flowable-async-job-executor-thread-16216#
[PollStageAppStatusExecution] 540913b5-ee82-43db-a33d-eb5577322406 [2026-05-08T03:42:56.507322] { (STDOUT, APP/TASK/deploy)#
#2026 05 08 03:51:35.336#Z#DEBUG#196a5c01-4a91-11f1-8594-eeee0a955217.Loja-db-deployer#flowable-async-job-executor-thread-16216#
[PollStageAppStatusExecution] 540913b5-ee82-43db-a33d-eb5577322406 [2026-05-08T03:42:56.507325] "name": "Loja-db", (STDOUT, APP/TASK/deploy)#
#2026 05 08 03:51:35.336#Z#DEBUG#196a5c01-4a91-11f1-8594-eeee0a955217.Loja-db-deployer#flowable-async-job-executor-thread-16216#
[PollStageAppStatusExecution] 540913b5-ee82-43db-a33d-eb5577322406 [2026-05-08T03:42:56.507327] "label": "hana", (STDOUT, APP/TASK/deploy)#
#2026 05 08 03:51:35.336#Z#DEBUG#196a5c01-4a91-11f1-8594-eeee0a955217.Loja-db-deployer#flowable-async-job-executor-thread-16216#
[PollStageAppStatusExecution] 540913b5-ee82-43db-a33d-eb5577322406 [2026-05-08T03:42:56.507329] "plan": "hdi-shared", (STDOUT, APP/TASK/deploy)#
#2026 05 08 03:51:35.336#Z#DEBUG#196a5c01-4a91-11f1-8594-eeee0a955217.Loja-db-deployer#flowable-async-job-executor-thread-16216#
[PollStageAppStatusExecution] 540913b5-ee82-43db-a33d-eb5577322406 [2026-05-08T03:42:56.507331] "credentials": { (STDOUT, APP/TASK/deploy)#
#2026 05 08 03:51:35.336#Z#DEBUG#196a5c01-4a91-11f1-8594-eeee0a955217.Loja-db-deployer#flowable-async-job-executor-thread-16216#
[PollStageAppStatusExecution] 540913b5-ee82-43db-a33d-eb5577322406 [2026-05-08T03:42:56.507337] "schema": "0BDA3929606647C1BC458C01854A3A3F", (STDOUT, APP/TASK/deploy)#
#2026 05 08 03:51:35.336#Z#DEBUG#196a5c01-4a91-11f1-8594-eeee0a955217.Loja-db-deployer#flowable-async-job-executor-thread-16216#
[PollStageAppStatusExecution] 540913b5-ee82-43db-a33d-eb5577322406 [2026-05-08T03:42:56.507339] "database_id": "eaff8753-1771-4da6-a1a7-1f979574194f", (STDOUT, APP/TASK/deploy)#
#2026 05 08 03:51:35.336#Z#DEBUG#196a5c01-4a91-11f1-8594-eeee0a955217.Loja-db-deployer#flowable-async-job-executor-thread-16216#
[PollStageAppStatusExecution] 540913b5-ee82-43db-a33d-eb5577322406 [2026-05-08T03:42:56.507342] "user": "0BDA3929606647C1BC458C01854A3A3F_6AQN1HUN77CIGLZYWTAQVCC3Z_RT", (STDOUT, APP/TASK/deploy)#
#2026 05 08 03:51:35.336#Z#DEBUG#196a5c01-4a91-11f1-8594-eeee0a955217.Loja-db-deployer#flowable-async-job-executor-thread-16216#
[PollStageAppStatusExecution] 540913b5-ee82-43db-a33d-eb5577322406 [2026-05-08T03:42:56.507349] "hdi_user": "0BDA3929606647C1BC458C01854A3A3F_6AQN1HUN77CIGLZYWTAQVCC3Z_DT" (STDOUT, APP/TASK/deploy)#
#2026 05 08 03:51:35.336#Z#DEBUG#196a5c01-4a91-11f1-8594-eeee0a955217.Loja-db-deployer#flowable-async-job-executor-thread-16216#
[PollStageAppStatusExecution] 540913b5-ee82-43db-a33d-eb5577322406 [2026-05-08T03:42:56.507350] }, (STDOUT, APP/TASK/deploy)#
#2026 05 08 03:51:35.336#Z#DEBUG#196a5c01-4a91-11f1-8594-eeee0a955217.Loja-db-deployer#flowable-async-job-executor-thread-16216#
[PollStageAppStatusExecution] 540913b5-ee82-43db-a33d-eb5577322406 [2026-05-08T03:42:56.507352] "tags": [ (STDOUT, APP/TASK/deploy)#
#2026 05 08 03:51:35.336#Z#DEBUG#196a5c01-4a91-11f1-8594-eeee0a955217.Loja-db-deployer#flowable-async-job-executor-thread-16216#
[PollStageAppStatusExecution] 540913b5-ee82-43db-a33d-eb5577322406 [2026-05-08T03:42:56.507355] "hana", (STDOUT, APP/TASK/deploy)#
#2026 05 08 03:51:35.336#Z#DEBUG#196a5c01-4a91-11f1-8594-eeee0a955217.Loja-db-deployer#flowable-async-job-executor-thread-16216#
[PollStageAppStatusExecution] 540913b5-ee82-43db-a33d-eb5577322406 [2026-05-08T03:42:56.507356] "database", (STDOUT, APP/TASK/deploy)#
#2026 05 08 03:51:35.336#Z#DEBUG#196a5c01-4a91-11f1-8594-eeee0a955217.Loja-db-deployer#flowable-async-job-executor-thread-16216#
[PollStageAppStatusExecution] 540913b5-ee82-43db-a33d-eb5577322406 [2026-05-08T03:42:56.507359] "relational" (STDOUT, APP/TASK/deploy)#
#2026 05 08 03:51:35.336#Z#DEBUG#196a5c01-4a91-11f1-8594-eeee0a955217.Loja-db-deployer#flowable-async-job-executor-thread-16216#
[PollStageAppStatusExecution] 540913b5-ee82-43db-a33d-eb5577322406 [2026-05-08T03:42:56.507361] ] (STDOUT, APP/TASK/deploy)#
#2026 05 08 03:51:35.336#Z#DEBUG#196a5c01-4a91-11f1-8594-eeee0a955217.Loja-db-deployer#flowable-async-job-executor-thread-16216#
[PollStageAppStatusExecution] 540913b5-ee82-43db-a33d-eb5577322406 [2026-05-08T03:42:56.507362] } (STDOUT, APP/TASK/deploy)#
#2026 05 08 03:51:35.336#Z#DEBUG#196a5c01-4a91-11f1-8594-eeee0a955217.Loja-db-deployer#flowable-async-job-executor-thread-16216#
[PollStageAppStatusExecution] 540913b5-ee82-43db-a33d-eb5577322406 [2026-05-08T03:42:56.507364] ] (STDOUT, APP/TASK/deploy)#
#2026 05 08 03:51:35.336#Z#DEBUG#196a5c01-4a91-11f1-8594-eeee0a955217.Loja-db-deployer#flowable-async-job-executor-thread-16216#
[PollStageAppStatusExecution] 540913b5-ee82-43db-a33d-eb5577322406 [2026-05-08T03:42:56.507369] } (STDOUT, APP/TASK/deploy)#
#2026 05 08 03:51:35.336#Z#DEBUG#196a5c01-4a91-11f1-8594-eeee0a955217.Loja-db-deployer#flowable-async-job-executor-thread-16216#
[PollStageAppStatusExecution] 540913b5-ee82-43db-a33d-eb5577322406 [2026-05-08T03:43:02.599094] @sap/hdi-deploy, version 5.6.1 (mode default), server version unknown (0.0.0.0), cloud version , node version 24.13.0, HDI version -1, container API version -1 (STDOUT, APP/TASK/deploy)#
#2026 05 08 03:51:35.336#Z#DEBUG#196a5c01-4a91-11f1-8594-eeee0a955217.Loja-db-deployer#flowable-async-job-executor-thread-16216#
[PollStageAppStatusExecution] 540913b5-ee82-43db-a33d-eb5577322406 [2026-05-08T03:43:02.599404] Deployment started at 2026-05-08 03:43:02 (STDOUT, APP/TASK/deploy)#
#2026 05 08 03:51:35.336#Z#DEBUG#196a5c01-4a91-11f1-8594-eeee0a955217.Loja-db-deployer#flowable-async-job-executor-thread-16216#
[PollStageAppStatusExecution] 540913b5-ee82-43db-a33d-eb5577322406 [2026-05-08T03:43:02.599562] Using hdb@2.27.1 for connection (STDOUT, APP/TASK/deploy)#
#2026 05 08 03:51:35.336#Z#DEBUG#196a5c01-4a91-11f1-8594-eeee0a955217.Loja-db-deployer#flowable-async-job-executor-thread-16216#
[PollStageAppStatusExecution] 540913b5-ee82-43db-a33d-eb5577322406 [2026-05-08T03:43:02.599575] Detection of server version failed; root cause: Could not connect to any host: [ eaff8753-1771-4da6-a1a7-1f979574194f.hna1.prod-us10.hanacloud.ondemand.com:443 -  ] (STDOUT, APP/TASK/deploy)#
#2026 05 08 03:51:35.336#Z#DEBUG#196a5c01-4a91-11f1-8594-eeee0a955217.Loja-db-deployer#flowable-async-job-executor-thread-16216#
[PollStageAppStatusExecution] 540913b5-ee82-43db-a33d-eb5577322406 [2026-05-08T03:43:02.599578] Detection of cloud version failed; root cause: Could not connect to any host: [ eaff8753-1771-4da6-a1a7-1f979574194f.hna1.prod-us10.hanacloud.ondemand.com:443 -  ] (STDOUT, APP/TASK/deploy)#
#2026 05 08 03:51:35.336#Z#DEBUG#196a5c01-4a91-11f1-8594-eeee0a955217.Loja-db-deployer#flowable-async-job-executor-thread-16216#
[PollStageAppStatusExecution] 540913b5-ee82-43db-a33d-eb5577322406 [2026-05-08T03:43:02.599628] Detection of container API version failed; root cause: Could not connect to any host: [ eaff8753-1771-4da6-a1a7-1f979574194f.hna1.prod-us10.hanacloud.ondemand.com:443 -  ] (STDOUT, APP/TASK/deploy)#
#2026 05 08 03:51:35.336#Z#DEBUG#196a5c01-4a91-11f1-8594-eeee0a955217.Loja-db-deployer#flowable-async-job-executor-thread-16216#
[PollStageAppStatusExecution] 540913b5-ee82-43db-a33d-eb5577322406 [2026-05-08T03:43:02.599638] Detection of HDI version failed; root cause: Could not connect to any host: [ eaff8753-1771-4da6-a1a7-1f979574194f.hna1.prod-us10.hanacloud.ondemand.com:443 -  ] (STDOUT, APP/TASK/deploy)#
#2026 05 08 03:51:35.336#Z#DEBUG#196a5c01-4a91-11f1-8594-eeee0a955217.Loja-db-deployer#flowable-async-job-executor-thread-16216#
[PollStageAppStatusExecution] 540913b5-ee82-43db-a33d-eb5577322406 [2026-05-08T03:43:02.600046] Deployment ended at 2026-05-08 03:43:02 (STDOUT, APP/TASK/deploy)#
#2026 05 08 03:51:35.336#Z#DEBUG#196a5c01-4a91-11f1-8594-eeee0a955217.Loja-db-deployer#flowable-async-job-executor-thread-16216#
[PollStageAppStatusExecution] 540913b5-ee82-43db-a33d-eb5577322406 [2026-05-08T03:43:02.600233] Error: Option parameter is not supported by the server; based on detected server version unknown (STDERR, APP/TASK/deploy)#
#2026 05 08 03:51:35.336#Z#DEBUG#196a5c01-4a91-11f1-8594-eeee0a955217.Loja-db-deployer#flowable-async-job-executor-thread-16216#
[PollStageAppStatusExecution] 540913b5-ee82-43db-a33d-eb5577322406 [2026-05-08T03:43:02.600564] (6s 169ms) (STDOUT, APP/TASK/deploy)#
#2026 05 08 03:51:35.336#Z#DEBUG#196a5c01-4a91-11f1-8594-eeee0a955217.Loja-db-deployer#flowable-async-job-executor-thread-16216#
[PollStageAppStatusExecution] 540913b5-ee82-43db-a33d-eb5577322406 [2026-05-08T03:43:02.664277] Exit status 1 (STDOUT, APP/TASK/deploy)#
#2026 05 08 03:51:35.336#Z#DEBUG#196a5c01-4a91-11f1-8594-eeee0a955217.Loja-db-deployer#flowable-async-job-executor-thread-16216#
[PollStageAppStatusExecution] 540913b5-ee82-43db-a33d-eb5577322406 [2026-05-08T03:43:02.899743] Cell c839c7b1-088e-41af-b9b7-66256aacd457 stopping instance 5074ac78-b437-4bfd-bb77-a10fd51cd693 (STDOUT, CELL)#
#2026 05 08 03:51:35.336#Z#DEBUG#196a5c01-4a91-11f1-8594-eeee0a955217.Loja-db-deployer#flowable-async-job-executor-thread-16216#
[PollStageAppStatusExecution] 540913b5-ee82-43db-a33d-eb5577322406 [2026-05-08T03:43:02.899768] Cell c839c7b1-088e-41af-b9b7-66256aacd457 destroying container for instance 5074ac78-b437-4bfd-bb77-a10fd51cd693 (STDOUT, CELL)#
#2026 05 08 03:51:35.336#Z#DEBUG#196a5c01-4a91-11f1-8594-eeee0a955217.Loja-db-deployer#flowable-async-job-executor-thread-16216#
[PollStageAppStatusExecution] 540913b5-ee82-43db-a33d-eb5577322406 [2026-05-08T03:43:04.453153] Cell c839c7b1-088e-41af-b9b7-66256aacd457 successfully destroyed container for instance 5074ac78-b437-4bfd-bb77-a10fd51cd693 (STDOUT, CELL)#
#2026 05 08 03:51:35.336#Z#DEBUG#196a5c01-4a91-11f1-8594-eeee0a955217.Loja-db-deployer#flowable-async-job-executor-thread-16216#
[PollStageAppStatusExecution] 540913b5-ee82-43db-a33d-eb5577322406 [2026-05-08T03:43:14.028809] Cell 684caff8-89cd-492b-be01-b3d0835f1763 creating container for instance 247bdad7-4b42-4965-85aa-173d6a706814 (STDOUT, CELL)#
#2026 05 08 03:51:35.336#Z#DEBUG#196a5c01-4a91-11f1-8594-eeee0a955217.Loja-db-deployer#flowable-async-job-executor-thread-16216#
[PollStageAppStatusExecution] 540913b5-ee82-43db-a33d-eb5577322406 [2026-05-08T03:43:14.456043] Security group rules were updated (STDOUT, CELL)#
#2026 05 08 03:51:35.336#Z#DEBUG#196a5c01-4a91-11f1-8594-eeee0a955217.Loja-db-deployer#flowable-async-job-executor-thread-16216#
[PollStageAppStatusExecution] 540913b5-ee82-43db-a33d-eb5577322406 [2026-05-08T03:43:14.517920] Cell 684caff8-89cd-492b-be01-b3d0835f1763 successfully created container for instance 247bdad7-4b42-4965-85aa-173d6a706814 (STDOUT, CELL)#
#2026 05 08 03:51:35.336#Z#DEBUG#196a5c01-4a91-11f1-8594-eeee0a955217.Loja-db-deployer#flowable-async-job-executor-thread-16216#
[PollStageAppStatusExecution] 540913b5-ee82-43db-a33d-eb5577322406 [2026-05-08T03:43:17.780093] Invoking pre-start scripts. (STDOUT, APP/TASK/deploy)#
#2026 05 08 03:51:35.336#Z#DEBUG#196a5c01-4a91-11f1-8594-eeee0a955217.Loja-db-deployer#flowable-async-job-executor-thread-16216#
[PollStageAppStatusExecution] 540913b5-ee82-43db-a33d-eb5577322406 [2026-05-08T03:43:17.925519] Invoking start command. (STDOUT, APP/TASK/deploy)#
#2026 05 08 03:51:35.336#Z#DEBUG#196a5c01-4a91-11f1-8594-eeee0a955217.Loja-db-deployer#flowable-async-job-executor-thread-16216#
[PollStageAppStatusExecution] 540913b5-ee82-43db-a33d-eb5577322406 [2026-05-08T03:43:18.241911] > start (STDOUT, APP/TASK/deploy)#
#2026 05 08 03:51:35.336#Z#DEBUG#196a5c01-4a91-11f1-8594-eeee0a955217.Loja-db-deployer#flowable-async-job-executor-thread-16216#
[PollStageAppStatusExecution] 540913b5-ee82-43db-a33d-eb5577322406 [2026-05-08T03:43:18.241943] > node node_modules/@sap/hdi-deploy/deploy.js --use-hdb --parameter com.sap.hana.di.table/try_fast_table_migration=true (STDOUT, APP/TASK/deploy)#
#2026 05 08 03:51:35.336#Z#DEBUG#196a5c01-4a91-11f1-8594-eeee0a955217.Loja-db-deployer#flowable-async-job-executor-thread-16216#
[PollStageAppStatusExecution] 540913b5-ee82-43db-a33d-eb5577322406 [2026-05-08T03:43:18.346497] VCAP_SERVICES: (STDOUT, APP/TASK/deploy)#
#2026 05 08 03:51:35.336#Z#DEBUG#196a5c01-4a91-11f1-8594-eeee0a955217.Loja-db-deployer#flowable-async-job-executor-thread-16216#
[PollStageAppStatusExecution] 540913b5-ee82-43db-a33d-eb5577322406 [2026-05-08T03:43:18.346651] { (STDOUT, APP/TASK/deploy)#
#2026 05 08 03:51:35.336#Z#DEBUG#196a5c01-4a91-11f1-8594-eeee0a955217.Loja-db-deployer#flowable-async-job-executor-thread-16216#
[PollStageAppStatusExecution] 540913b5-ee82-43db-a33d-eb5577322406 [2026-05-08T03:43:18.346664] "hana": [ (STDOUT, APP/TASK/deploy)#
#2026 05 08 03:51:35.336#Z#DEBUG#196a5c01-4a91-11f1-8594-eeee0a955217.Loja-db-deployer#flowable-async-job-executor-thread-16216#
[PollStageAppStatusExecution] 540913b5-ee82-43db-a33d-eb5577322406 [2026-05-08T03:43:18.346667] { (STDOUT, APP/TASK/deploy)#
#2026 05 08 03:51:35.336#Z#DEBUG#196a5c01-4a91-11f1-8594-eeee0a955217.Loja-db-deployer#flowable-async-job-executor-thread-16216#
[PollStageAppStatusExecution] 540913b5-ee82-43db-a33d-eb5577322406 [2026-05-08T03:43:18.346670] "name": "Loja-db", (STDOUT, APP/TASK/deploy)#
#2026 05 08 03:51:35.336#Z#DEBUG#196a5c01-4a91-11f1-8594-eeee0a955217.Loja-db-deployer#flowable-async-job-executor-thread-16216#
[PollStageAppStatusExecution] 540913b5-ee82-43db-a33d-eb5577322406 [2026-05-08T03:43:18.346672] "label": "hana", (STDOUT, APP/TASK/deploy)#
#2026 05 08 03:51:35.336#Z#DEBUG#196a5c01-4a91-11f1-8594-eeee0a955217.Loja-db-deployer#flowable-async-job-executor-thread-16216#
[PollStageAppStatusExecution] 540913b5-ee82-43db-a33d-eb5577322406 [2026-05-08T03:43:18.346674] "plan": "hdi-shared", (STDOUT, APP/TASK/deploy)#
#2026 05 08 03:51:35.336#Z#DEBUG#196a5c01-4a91-11f1-8594-eeee0a955217.Loja-db-deployer#flowable-async-job-executor-thread-16216#
[PollStageAppStatusExecution] 540913b5-ee82-43db-a33d-eb5577322406 [2026-05-08T03:43:18.346677] "credentials": { (STDOUT, APP/TASK/deploy)#
#2026 05 08 03:51:35.336#Z#DEBUG#196a5c01-4a91-11f1-8594-eeee0a955217.Loja-db-deployer#flowable-async-job-executor-thread-16216#
[PollStageAppStatusExecution] 540913b5-ee82-43db-a33d-eb5577322406 [2026-05-08T03:43:18.346680] "schema": "0BDA3929606647C1BC458C01854A3A3F", (STDOUT, APP/TASK/deploy)#
#2026 05 08 03:51:35.336#Z#DEBUG#196a5c01-4a91-11f1-8594-eeee0a955217.Loja-db-deployer#flowable-async-job-executor-thread-16216#
[PollStageAppStatusExecution] 540913b5-ee82-43db-a33d-eb5577322406 [2026-05-08T03:43:18.346686] "database_id": "eaff8753-1771-4da6-a1a7-1f979574194f", (STDOUT, APP/TASK/deploy)#
#2026 05 08 03:51:35.336#Z#DEBUG#196a5c01-4a91-11f1-8594-eeee0a955217.Loja-db-deployer#flowable-async-job-executor-thread-16216#
[PollStageAppStatusExecution] 540913b5-ee82-43db-a33d-eb5577322406 [2026-05-08T03:43:18.346688] "user": "0BDA3929606647C1BC458C01854A3A3F_6AQN1HUN77CIGLZYWTAQVCC3Z_RT", (STDOUT, APP/TASK/deploy)#
#2026 05 08 03:51:35.336#Z#DEBUG#196a5c01-4a91-11f1-8594-eeee0a955217.Loja-db-deployer#flowable-async-job-executor-thread-16216#
[PollStageAppStatusExecution] 540913b5-ee82-43db-a33d-eb5577322406 [2026-05-08T03:43:18.346691] "hdi_user": "0BDA3929606647C1BC458C01854A3A3F_6AQN1HUN77CIGLZYWTAQVCC3Z_DT" (STDOUT, APP/TASK/deploy)#
#2026 05 08 03:51:35.336#Z#DEBUG#196a5c01-4a91-11f1-8594-eeee0a955217.Loja-db-deployer#flowable-async-job-executor-thread-16216#
[PollStageAppStatusExecution] 540913b5-ee82-43db-a33d-eb5577322406 [2026-05-08T03:43:18.346693] }, (STDOUT, APP/TASK/deploy)#
#2026 05 08 03:51:35.336#Z#DEBUG#196a5c01-4a91-11f1-8594-eeee0a955217.Loja-db-deployer#flowable-async-job-executor-thread-16216#
[PollStageAppStatusExecution] 540913b5-ee82-43db-a33d-eb5577322406 [2026-05-08T03:43:18.346695] "tags": [ (STDOUT, APP/TASK/deploy)#
#2026 05 08 03:51:35.336#Z#DEBUG#196a5c01-4a91-11f1-8594-eeee0a955217.Loja-db-deployer#flowable-async-job-executor-thread-16216#
[PollStageAppStatusExecution] 540913b5-ee82-43db-a33d-eb5577322406 [2026-05-08T03:43:18.346697] "hana", (STDOUT, APP/TASK/deploy)#
#2026 05 08 03:51:35.336#Z#DEBUG#196a5c01-4a91-11f1-8594-eeee0a955217.Loja-db-deployer#flowable-async-job-executor-thread-16216#
[PollStageAppStatusExecution] 540913b5-ee82-43db-a33d-eb5577322406 [2026-05-08T03:43:18.346699] "database", (STDOUT, APP/TASK/deploy)#
#2026 05 08 03:51:35.336#Z#DEBUG#196a5c01-4a91-11f1-8594-eeee0a955217.Loja-db-deployer#flowable-async-job-executor-thread-16216#
[PollStageAppStatusExecution] 540913b5-ee82-43db-a33d-eb5577322406 [2026-05-08T03:43:18.346703] "relational" (STDOUT, APP/TASK/deploy)#
#2026 05 08 03:51:35.336#Z#DEBUG#196a5c01-4a91-11f1-8594-eeee0a955217.Loja-db-deployer#flowable-async-job-executor-thread-16216#
[PollStageAppStatusExecution] 540913b5-ee82-43db-a33d-eb5577322406 [2026-05-08T03:43:18.346705] ] (STDOUT, APP/TASK/deploy)#
#2026 05 08 03:51:35.336#Z#DEBUG#196a5c01-4a91-11f1-8594-eeee0a955217.Loja-db-deployer#flowable-async-job-executor-thread-16216#
[PollStageAppStatusExecution] 540913b5-ee82-43db-a33d-eb5577322406 [2026-05-08T03:43:18.346708] } (STDOUT, APP/TASK/deploy)#
#2026 05 08 03:51:35.336#Z#DEBUG#196a5c01-4a91-11f1-8594-eeee0a955217.Loja-db-deployer#flowable-async-job-executor-thread-16216#
[PollStageAppStatusExecution] 540913b5-ee82-43db-a33d-eb5577322406 [2026-05-08T03:43:18.346710] ] (STDOUT, APP/TASK/deploy)#
#2026 05 08 03:51:35.336#Z#DEBUG#196a5c01-4a91-11f1-8594-eeee0a955217.Loja-db-deployer#flowable-async-job-executor-thread-16216#
[PollStageAppStatusExecution] 540913b5-ee82-43db-a33d-eb5577322406 [2026-05-08T03:43:18.346712] } (STDOUT, APP/TASK/deploy)#
#2026 05 08 03:51:35.336#Z#DEBUG#196a5c01-4a91-11f1-8594-eeee0a955217.Loja-db-deployer#flowable-async-job-executor-thread-16216#
[PollStageAppStatusExecution] 540913b5-ee82-43db-a33d-eb5577322406 [2026-05-08T03:43:24.439790] @sap/hdi-deploy, version 5.6.1 (mode default), server version unknown (0.0.0.0), cloud version , node version 24.13.0, HDI version -1, container API version -1 (STDOUT, APP/TASK/deploy)#
#2026 05 08 03:51:35.336#Z#DEBUG#196a5c01-4a91-11f1-8594-eeee0a955217.Loja-db-deployer#flowable-async-job-executor-thread-16216#
[PollStageAppStatusExecution] 540913b5-ee82-43db-a33d-eb5577322406 [2026-05-08T03:43:24.439989] Deployment started at 2026-05-08 03:43:24 (STDOUT, APP/TASK/deploy)#
#2026 05 08 03:51:35.336#Z#DEBUG#196a5c01-4a91-11f1-8594-eeee0a955217.Loja-db-deployer#flowable-async-job-executor-thread-16216#
[PollStageAppStatusExecution] 540913b5-ee82-43db-a33d-eb5577322406 [2026-05-08T03:43:24.440137] Using hdb@2.27.1 for connection (STDOUT, APP/TASK/deploy)#
#2026 05 08 03:51:35.336#Z#DEBUG#196a5c01-4a91-11f1-8594-eeee0a955217.Loja-db-deployer#flowable-async-job-executor-thread-16216#
[PollStageAppStatusExecution] 540913b5-ee82-43db-a33d-eb5577322406 [2026-05-08T03:43:24.440158] Detection of server version failed; root cause: Could not connect to any host: [ eaff8753-1771-4da6-a1a7-1f979574194f.hna1.prod-us10.hanacloud.ondemand.com:443 -  ] (STDOUT, APP/TASK/deploy)#
#2026 05 08 03:51:35.336#Z#DEBUG#196a5c01-4a91-11f1-8594-eeee0a955217.Loja-db-deployer#flowable-async-job-executor-thread-16216#
[PollStageAppStatusExecution] 540913b5-ee82-43db-a33d-eb5577322406 [2026-05-08T03:43:24.440173] Detection of cloud version failed; root cause: Could not connect to any host: [ eaff8753-1771-4da6-a1a7-1f979574194f.hna1.prod-us10.hanacloud.ondemand.com:443 -  ] (STDOUT, APP/TASK/deploy)#
#2026 05 08 03:51:35.336#Z#DEBUG#196a5c01-4a91-11f1-8594-eeee0a955217.Loja-db-deployer#flowable-async-job-executor-thread-16216#
[PollStageAppStatusExecution] 540913b5-ee82-43db-a33d-eb5577322406 [2026-05-08T03:43:24.440175] Detection of container API version failed; root cause: Could not connect to any host: [ eaff8753-1771-4da6-a1a7-1f979574194f.hna1.prod-us10.hanacloud.ondemand.com:443 -  ] (STDOUT, APP/TASK/deploy)#
#2026 05 08 03:51:35.336#Z#DEBUG#196a5c01-4a91-11f1-8594-eeee0a955217.Loja-db-deployer#flowable-async-job-executor-thread-16216#
[PollStageAppStatusExecution] 540913b5-ee82-43db-a33d-eb5577322406 [2026-05-08T03:43:24.440178] Detection of HDI version failed; root cause: Could not connect to any host: [ eaff8753-1771-4da6-a1a7-1f979574194f.hna1.prod-us10.hanacloud.ondemand.com:443 -  ] (STDOUT, APP/TASK/deploy)#
#2026 05 08 03:51:35.336#Z#DEBUG#196a5c01-4a91-11f1-8594-eeee0a955217.Loja-db-deployer#flowable-async-job-executor-thread-16216#
[PollStageAppStatusExecution] 540913b5-ee82-43db-a33d-eb5577322406 [2026-05-08T03:43:24.440532] Deployment ended at 2026-05-08 03:43:24 (STDOUT, APP/TASK/deploy)#
#2026 05 08 03:51:35.336#Z#DEBUG#196a5c01-4a91-11f1-8594-eeee0a955217.Loja-db-deployer#flowable-async-job-executor-thread-16216#
[PollStageAppStatusExecution] 540913b5-ee82-43db-a33d-eb5577322406 [2026-05-08T03:43:24.440695] Error: Option parameter is not supported by the server; based on detected server version unknown (STDERR, APP/TASK/deploy)#
#2026 05 08 03:51:35.336#Z#DEBUG#196a5c01-4a91-11f1-8594-eeee0a955217.Loja-db-deployer#flowable-async-job-executor-thread-16216#
[PollStageAppStatusExecution] 540913b5-ee82-43db-a33d-eb5577322406 [2026-05-08T03:43:24.441028] (6s 170ms) (STDOUT, APP/TASK/deploy)#
#2026 05 08 03:51:35.336#Z#DEBUG#196a5c01-4a91-11f1-8594-eeee0a955217.Loja-db-deployer#flowable-async-job-executor-thread-16216#
[PollStageAppStatusExecution] 540913b5-ee82-43db-a33d-eb5577322406 [2026-05-08T03:43:24.508206] Exit status 1 (STDOUT, APP/TASK/deploy)#
#2026 05 08 03:51:35.336#Z#DEBUG#196a5c01-4a91-11f1-8594-eeee0a955217.Loja-db-deployer#flowable-async-job-executor-thread-16216#
[PollStageAppStatusExecution] 540913b5-ee82-43db-a33d-eb5577322406 [2026-05-08T03:43:24.786743] Cell 684caff8-89cd-492b-be01-b3d0835f1763 stopping instance 247bdad7-4b42-4965-85aa-173d6a706814 (STDOUT, CELL)#
#2026 05 08 03:51:35.336#Z#DEBUG#196a5c01-4a91-11f1-8594-eeee0a955217.Loja-db-deployer#flowable-async-job-executor-thread-16216#
[PollStageAppStatusExecution] 540913b5-ee82-43db-a33d-eb5577322406 [2026-05-08T03:43:24.786780] Cell 684caff8-89cd-492b-be01-b3d0835f1763 destroying container for instance 247bdad7-4b42-4965-85aa-173d6a706814 (STDOUT, CELL)#
#2026 05 08 03:51:35.336#Z#DEBUG#196a5c01-4a91-11f1-8594-eeee0a955217.Loja-db-deployer#flowable-async-job-executor-thread-16216#
[PollStageAppStatusExecution] 540913b5-ee82-43db-a33d-eb5577322406 [2026-05-08T03:43:26.108099] Cell 684caff8-89cd-492b-be01-b3d0835f1763 successfully destroyed container for instance 247bdad7-4b42-4965-85aa-173d6a706814 (STDOUT, CELL)#
#2026 05 08 03:51:35.336#Z#DEBUG#196a5c01-4a91-11f1-8594-eeee0a955217.Loja-db-deployer#flowable-async-job-executor-thread-16216#
[PollStageAppStatusExecution] 540913b5-ee82-43db-a33d-eb5577322406 [2026-05-08T03:43:35.442598] Cell 77283d80-dfa7-40ba-ba4e-265aef112085 creating container for instance ee236349-3bde-4c0c-bc08-c6097b58167c (STDOUT, CELL)#
#2026 05 08 03:51:35.336#Z#DEBUG#196a5c01-4a91-11f1-8594-eeee0a955217.Loja-db-deployer#flowable-async-job-executor-thread-16216#
[PollStageAppStatusExecution] 540913b5-ee82-43db-a33d-eb5577322406 [2026-05-08T03:43:35.770742] Security group rules were updated (STDOUT, CELL)#
#2026 05 08 03:51:35.336#Z#DEBUG#196a5c01-4a91-11f1-8594-eeee0a955217.Loja-db-deployer#flowable-async-job-executor-thread-16216#
[PollStageAppStatusExecution] 540913b5-ee82-43db-a33d-eb5577322406 [2026-05-08T03:43:35.829976] Cell 77283d80-dfa7-40ba-ba4e-265aef112085 successfully created container for instance ee236349-3bde-4c0c-bc08-c6097b58167c (STDOUT, CELL)#
#2026 05 08 03:51:35.336#Z#DEBUG#196a5c01-4a91-11f1-8594-eeee0a955217.Loja-db-deployer#flowable-async-job-executor-thread-16216#
[PollStageAppStatusExecution] 540913b5-ee82-43db-a33d-eb5577322406 [2026-05-08T03:43:38.796888] Invoking pre-start scripts. (STDOUT, APP/TASK/deploy)#
#2026 05 08 03:51:35.336#Z#DEBUG#196a5c01-4a91-11f1-8594-eeee0a955217.Loja-db-deployer#flowable-async-job-executor-thread-16216#
[PollStageAppStatusExecution] 540913b5-ee82-43db-a33d-eb5577322406 [2026-05-08T03:43:38.938908] Invoking start command. (STDOUT, APP/TASK/deploy)#
#2026 05 08 03:51:35.336#Z#DEBUG#196a5c01-4a91-11f1-8594-eeee0a955217.Loja-db-deployer#flowable-async-job-executor-thread-16216#
[PollStageAppStatusExecution] 540913b5-ee82-43db-a33d-eb5577322406 [2026-05-08T03:43:39.246862] > start (STDOUT, APP/TASK/deploy)#
#2026 05 08 03:51:35.336#Z#DEBUG#196a5c01-4a91-11f1-8594-eeee0a955217.Loja-db-deployer#flowable-async-job-executor-thread-16216#
[PollStageAppStatusExecution] 540913b5-ee82-43db-a33d-eb5577322406 [2026-05-08T03:43:39.246898] > node node_modules/@sap/hdi-deploy/deploy.js --use-hdb --parameter com.sap.hana.di.table/try_fast_table_migration=true (STDOUT, APP/TASK/deploy)#
#2026 05 08 03:51:35.336#Z#DEBUG#196a5c01-4a91-11f1-8594-eeee0a955217.Loja-db-deployer#flowable-async-job-executor-thread-16216#
[PollStageAppStatusExecution] 540913b5-ee82-43db-a33d-eb5577322406 [2026-05-08T03:43:39.348652] VCAP_SERVICES: (STDOUT, APP/TASK/deploy)#
#2026 05 08 03:51:35.336#Z#DEBUG#196a5c01-4a91-11f1-8594-eeee0a955217.Loja-db-deployer#flowable-async-job-executor-thread-16216#
[PollStageAppStatusExecution] 540913b5-ee82-43db-a33d-eb5577322406 [2026-05-08T03:43:39.348782] { (STDOUT, APP/TASK/deploy)#
#2026 05 08 03:51:35.336#Z#DEBUG#196a5c01-4a91-11f1-8594-eeee0a955217.Loja-db-deployer#flowable-async-job-executor-thread-16216#
[PollStageAppStatusExecution] 540913b5-ee82-43db-a33d-eb5577322406 [2026-05-08T03:43:39.348799] "hana": [ (STDOUT, APP/TASK/deploy)#
#2026 05 08 03:51:35.336#Z#DEBUG#196a5c01-4a91-11f1-8594-eeee0a955217.Loja-db-deployer#flowable-async-job-executor-thread-16216#
[PollStageAppStatusExecution] 540913b5-ee82-43db-a33d-eb5577322406 [2026-05-08T03:43:39.348814] { (STDOUT, APP/TASK/deploy)#
#2026 05 08 03:51:35.336#Z#DEBUG#196a5c01-4a91-11f1-8594-eeee0a955217.Loja-db-deployer#flowable-async-job-executor-thread-16216#
[PollStageAppStatusExecution] 540913b5-ee82-43db-a33d-eb5577322406 [2026-05-08T03:43:39.348821] "name": "Loja-db", (STDOUT, APP/TASK/deploy)#
#2026 05 08 03:51:35.336#Z#DEBUG#196a5c01-4a91-11f1-8594-eeee0a955217.Loja-db-deployer#flowable-async-job-executor-thread-16216#
[PollStageAppStatusExecution] 540913b5-ee82-43db-a33d-eb5577322406 [2026-05-08T03:43:39.348825] "label": "hana", (STDOUT, APP/TASK/deploy)#
#2026 05 08 03:51:35.336#Z#DEBUG#196a5c01-4a91-11f1-8594-eeee0a955217.Loja-db-deployer#flowable-async-job-executor-thread-16216#
[PollStageAppStatusExecution] 540913b5-ee82-43db-a33d-eb5577322406 [2026-05-08T03:43:39.348829] "plan": "hdi-shared", (STDOUT, APP/TASK/deploy)#
#2026 05 08 03:51:35.336#Z#DEBUG#196a5c01-4a91-11f1-8594-eeee0a955217.Loja-db-deployer#flowable-async-job-executor-thread-16216#
[PollStageAppStatusExecution] 540913b5-ee82-43db-a33d-eb5577322406 [2026-05-08T03:43:39.348833] "credentials": { (STDOUT, APP/TASK/deploy)#
#2026 05 08 03:51:35.336#Z#DEBUG#196a5c01-4a91-11f1-8594-eeee0a955217.Loja-db-deployer#flowable-async-job-executor-thread-16216#
[PollStageAppStatusExecution] 540913b5-ee82-43db-a33d-eb5577322406 [2026-05-08T03:43:39.348837] "schema": "0BDA3929606647C1BC458C01854A3A3F", (STDOUT, APP/TASK/deploy)#
#2026 05 08 03:51:35.336#Z#DEBUG#196a5c01-4a91-11f1-8594-eeee0a955217.Loja-db-deployer#flowable-async-job-executor-thread-16216#
[PollStageAppStatusExecution] 540913b5-ee82-43db-a33d-eb5577322406 [2026-05-08T03:43:39.348841] "database_id": "eaff8753-1771-4da6-a1a7-1f979574194f", (STDOUT, APP/TASK/deploy)#
#2026 05 08 03:51:35.336#Z#DEBUG#196a5c01-4a91-11f1-8594-eeee0a955217.Loja-db-deployer#flowable-async-job-executor-thread-16216#
[PollStageAppStatusExecution] 540913b5-ee82-43db-a33d-eb5577322406 [2026-05-08T03:43:39.348846] "user": "0BDA3929606647C1BC458C01854A3A3F_6AQN1HUN77CIGLZYWTAQVCC3Z_RT", (STDOUT, APP/TASK/deploy)#
#2026 05 08 03:51:35.336#Z#DEBUG#196a5c01-4a91-11f1-8594-eeee0a955217.Loja-db-deployer#flowable-async-job-executor-thread-16216#
[PollStageAppStatusExecution] 540913b5-ee82-43db-a33d-eb5577322406 [2026-05-08T03:43:39.348850] "hdi_user": "0BDA3929606647C1BC458C01854A3A3F_6AQN1HUN77CIGLZYWTAQVCC3Z_DT" (STDOUT, APP/TASK/deploy)#
#2026 05 08 03:51:35.336#Z#DEBUG#196a5c01-4a91-11f1-8594-eeee0a955217.Loja-db-deployer#flowable-async-job-executor-thread-16216#
[PollStageAppStatusExecution] 540913b5-ee82-43db-a33d-eb5577322406 [2026-05-08T03:43:39.348853] }, (STDOUT, APP/TASK/deploy)#
#2026 05 08 03:51:35.336#Z#DEBUG#196a5c01-4a91-11f1-8594-eeee0a955217.Loja-db-deployer#flowable-async-job-executor-thread-16216#
[PollStageAppStatusExecution] 540913b5-ee82-43db-a33d-eb5577322406 [2026-05-08T03:43:39.348856] "tags": [ (STDOUT, APP/TASK/deploy)#
#2026 05 08 03:51:35.336#Z#DEBUG#196a5c01-4a91-11f1-8594-eeee0a955217.Loja-db-deployer#flowable-async-job-executor-thread-16216#
[PollStageAppStatusExecution] 540913b5-ee82-43db-a33d-eb5577322406 [2026-05-08T03:43:39.348860] "hana", (STDOUT, APP/TASK/deploy)#
#2026 05 08 03:51:35.336#Z#DEBUG#196a5c01-4a91-11f1-8594-eeee0a955217.Loja-db-deployer#flowable-async-job-executor-thread-16216#
[PollStageAppStatusExecution] 540913b5-ee82-43db-a33d-eb5577322406 [2026-05-08T03:43:39.348864] "database", (STDOUT, APP/TASK/deploy)#
#2026 05 08 03:51:35.336#Z#DEBUG#196a5c01-4a91-11f1-8594-eeee0a955217.Loja-db-deployer#flowable-async-job-executor-thread-16216#
[PollStageAppStatusExecution] 540913b5-ee82-43db-a33d-eb5577322406 [2026-05-08T03:43:39.348867] "relational" (STDOUT, APP/TASK/deploy)#
#2026 05 08 03:51:35.336#Z#DEBUG#196a5c01-4a91-11f1-8594-eeee0a955217.Loja-db-deployer#flowable-async-job-executor-thread-16216#
[PollStageAppStatusExecution] 540913b5-ee82-43db-a33d-eb5577322406 [2026-05-08T03:43:39.348870] ] (STDOUT, APP/TASK/deploy)#
#2026 05 08 03:51:35.336#Z#DEBUG#196a5c01-4a91-11f1-8594-eeee0a955217.Loja-db-deployer#flowable-async-job-executor-thread-16216#
[PollStageAppStatusExecution] 540913b5-ee82-43db-a33d-eb5577322406 [2026-05-08T03:43:39.348874] } (STDOUT, APP/TASK/deploy)#
#2026 05 08 03:51:35.336#Z#DEBUG#196a5c01-4a91-11f1-8594-eeee0a955217.Loja-db-deployer#flowable-async-job-executor-thread-16216#
[PollStageAppStatusExecution] 540913b5-ee82-43db-a33d-eb5577322406 [2026-05-08T03:43:39.348878] ] (STDOUT, APP/TASK/deploy)#
#2026 05 08 03:51:35.336#Z#DEBUG#196a5c01-4a91-11f1-8594-eeee0a955217.Loja-db-deployer#flowable-async-job-executor-thread-16216#
[PollStageAppStatusExecution] 540913b5-ee82-43db-a33d-eb5577322406 [2026-05-08T03:43:39.348885] } (STDOUT, APP/TASK/deploy)#
#2026 05 08 03:51:35.336#Z#DEBUG#196a5c01-4a91-11f1-8594-eeee0a955217.Loja-db-deployer#flowable-async-job-executor-thread-16216#
[PollStageAppStatusExecution] 540913b5-ee82-43db-a33d-eb5577322406 [2026-05-08T03:43:45.440327] @sap/hdi-deploy, version 5.6.1 (mode default), server version unknown (0.0.0.0), cloud version , node version 24.13.0, HDI version -1, container API version -1 (STDOUT, APP/TASK/deploy)#
#2026 05 08 03:51:35.336#Z#DEBUG#196a5c01-4a91-11f1-8594-eeee0a955217.Loja-db-deployer#flowable-async-job-executor-thread-16216#
[PollStageAppStatusExecution] 540913b5-ee82-43db-a33d-eb5577322406 [2026-05-08T03:43:45.440468] Deployment started at 2026-05-08 03:43:45 (STDOUT, APP/TASK/deploy)#
#2026 05 08 03:51:35.336#Z#DEBUG#196a5c01-4a91-11f1-8594-eeee0a955217.Loja-db-deployer#flowable-async-job-executor-thread-16216#
[PollStageAppStatusExecution] 540913b5-ee82-43db-a33d-eb5577322406 [2026-05-08T03:43:45.440621] Using hdb@2.27.1 for connection (STDOUT, APP/TASK/deploy)#
#2026 05 08 03:51:35.336#Z#DEBUG#196a5c01-4a91-11f1-8594-eeee0a955217.Loja-db-deployer#flowable-async-job-executor-thread-16216#
[PollStageAppStatusExecution] 540913b5-ee82-43db-a33d-eb5577322406 [2026-05-08T03:43:45.440642] Detection of server version failed; root cause: Could not connect to any host: [ eaff8753-1771-4da6-a1a7-1f979574194f.hna1.prod-us10.hanacloud.ondemand.com:443 -  ] (STDOUT, APP/TASK/deploy)#
#2026 05 08 03:51:35.336#Z#DEBUG#196a5c01-4a91-11f1-8594-eeee0a955217.Loja-db-deployer#flowable-async-job-executor-thread-16216#
[PollStageAppStatusExecution] 540913b5-ee82-43db-a33d-eb5577322406 [2026-05-08T03:43:45.440645] Detection of cloud version failed; root cause: Could not connect to any host: [ eaff8753-1771-4da6-a1a7-1f979574194f.hna1.prod-us10.hanacloud.ondemand.com:443 -  ] (STDOUT, APP/TASK/deploy)#
#2026 05 08 03:51:35.336#Z#DEBUG#196a5c01-4a91-11f1-8594-eeee0a955217.Loja-db-deployer#flowable-async-job-executor-thread-16216#
[PollStageAppStatusExecution] 540913b5-ee82-43db-a33d-eb5577322406 [2026-05-08T03:43:45.440647] Detection of container API version failed; root cause: Could not connect to any host: [ eaff8753-1771-4da6-a1a7-1f979574194f.hna1.prod-us10.hanacloud.ondemand.com:443 -  ] (STDOUT, APP/TASK/deploy)#
#2026 05 08 03:51:35.336#Z#DEBUG#196a5c01-4a91-11f1-8594-eeee0a955217.Loja-db-deployer#flowable-async-job-executor-thread-16216#
[PollStageAppStatusExecution] 540913b5-ee82-43db-a33d-eb5577322406 [2026-05-08T03:43:45.440651] Detection of HDI version failed; root cause: Could not connect to any host: [ eaff8753-1771-4da6-a1a7-1f979574194f.hna1.prod-us10.hanacloud.ondemand.com:443 -  ] (STDOUT, APP/TASK/deploy)#
#2026 05 08 03:51:35.336#Z#DEBUG#196a5c01-4a91-11f1-8594-eeee0a955217.Loja-db-deployer#flowable-async-job-executor-thread-16216#
[PollStageAppStatusExecution] 540913b5-ee82-43db-a33d-eb5577322406 [2026-05-08T03:43:45.440909] Deployment ended at 2026-05-08 03:43:45 (STDOUT, APP/TASK/deploy)#
#2026 05 08 03:51:35.336#Z#DEBUG#196a5c01-4a91-11f1-8594-eeee0a955217.Loja-db-deployer#flowable-async-job-executor-thread-16216#
[PollStageAppStatusExecution] 540913b5-ee82-43db-a33d-eb5577322406 [2026-05-08T03:43:45.441084] Error: Option parameter is not supported by the server; based on detected server version unknown (STDERR, APP/TASK/deploy)#
#2026 05 08 03:51:35.336#Z#DEBUG#196a5c01-4a91-11f1-8594-eeee0a955217.Loja-db-deployer#flowable-async-job-executor-thread-16216#
[PollStageAppStatusExecution] 540913b5-ee82-43db-a33d-eb5577322406 [2026-05-08T03:43:45.441415] (6s 165ms) (STDOUT, APP/TASK/deploy)#
#2026 05 08 03:51:35.336#Z#DEBUG#196a5c01-4a91-11f1-8594-eeee0a955217.Loja-db-deployer#flowable-async-job-executor-thread-16216#
[PollStageAppStatusExecution] 540913b5-ee82-43db-a33d-eb5577322406 [2026-05-08T03:43:45.505704] Exit status 1 (STDOUT, APP/TASK/deploy)#
#2026 05 08 03:51:35.336#Z#DEBUG#196a5c01-4a91-11f1-8594-eeee0a955217.Loja-db-deployer#flowable-async-job-executor-thread-16216#
[PollStageAppStatusExecution] 540913b5-ee82-43db-a33d-eb5577322406 [2026-05-08T03:43:46.037725] Cell 77283d80-dfa7-40ba-ba4e-265aef112085 stopping instance ee236349-3bde-4c0c-bc08-c6097b58167c (STDOUT, CELL)#
#2026 05 08 03:51:35.336#Z#DEBUG#196a5c01-4a91-11f1-8594-eeee0a955217.Loja-db-deployer#flowable-async-job-executor-thread-16216#
[PollStageAppStatusExecution] 540913b5-ee82-43db-a33d-eb5577322406 [2026-05-08T03:43:46.037780] Cell 77283d80-dfa7-40ba-ba4e-265aef112085 destroying container for instance ee236349-3bde-4c0c-bc08-c6097b58167c (STDOUT, CELL)#
#2026 05 08 03:51:35.336#Z#DEBUG#196a5c01-4a91-11f1-8594-eeee0a955217.Loja-db-deployer#flowable-async-job-executor-thread-16216#
[PollStageAppStatusExecution] 540913b5-ee82-43db-a33d-eb5577322406 [2026-05-08T03:43:47.776343] Cell 77283d80-dfa7-40ba-ba4e-265aef112085 successfully destroyed container for instance ee236349-3bde-4c0c-bc08-c6097b58167c (STDOUT, CELL)#
#2026 05 08 03:51:35.336#Z#DEBUG#196a5c01-4a91-11f1-8594-eeee0a955217.Loja-db-deployer#flowable-async-job-executor-thread-16216#
[PollStageAppStatusExecution] 540913b5-ee82-43db-a33d-eb5577322406 [2026-05-08T03:43:54.186349] Cell 77283d80-dfa7-40ba-ba4e-265aef112085 creating container for instance 2cbd0408-b53e-4a95-8f84-ed36d38f7090 (STDOUT, CELL)#
#2026 05 08 03:51:35.336#Z#DEBUG#196a5c01-4a91-11f1-8594-eeee0a955217.Loja-db-deployer#flowable-async-job-executor-thread-16216#
[PollStageAppStatusExecution] 540913b5-ee82-43db-a33d-eb5577322406 [2026-05-08T03:43:54.515036] Security group rules were updated (STDOUT, CELL)#
#2026 05 08 03:51:35.336#Z#DEBUG#196a5c01-4a91-11f1-8594-eeee0a955217.Loja-db-deployer#flowable-async-job-executor-thread-16216#
[PollStageAppStatusExecution] 540913b5-ee82-43db-a33d-eb5577322406 [2026-05-08T03:43:54.574435] Cell 77283d80-dfa7-40ba-ba4e-265aef112085 successfully created container for instance 2cbd0408-b53e-4a95-8f84-ed36d38f7090 (STDOUT, CELL)#
#2026 05 08 03:51:35.336#Z#DEBUG#196a5c01-4a91-11f1-8594-eeee0a955217.Loja-db-deployer#flowable-async-job-executor-thread-16216#
[PollStageAppStatusExecution] 540913b5-ee82-43db-a33d-eb5577322406 [2026-05-08T03:43:57.965336] Invoking pre-start scripts. (STDOUT, APP/TASK/deploy)#
#2026 05 08 03:51:35.336#Z#DEBUG#196a5c01-4a91-11f1-8594-eeee0a955217.Loja-db-deployer#flowable-async-job-executor-thread-16216#
[PollStageAppStatusExecution] 540913b5-ee82-43db-a33d-eb5577322406 [2026-05-08T03:43:58.104735] Invoking start command. (STDOUT, APP/TASK/deploy)#
#2026 05 08 03:51:35.336#Z#DEBUG#196a5c01-4a91-11f1-8594-eeee0a955217.Loja-db-deployer#flowable-async-job-executor-thread-16216#
[PollStageAppStatusExecution] 540913b5-ee82-43db-a33d-eb5577322406 [2026-05-08T03:43:58.410816] > start (STDOUT, APP/TASK/deploy)#
#2026 05 08 03:51:35.336#Z#DEBUG#196a5c01-4a91-11f1-8594-eeee0a955217.Loja-db-deployer#flowable-async-job-executor-thread-16216#
[PollStageAppStatusExecution] 540913b5-ee82-43db-a33d-eb5577322406 [2026-05-08T03:43:58.410836] > node node_modules/@sap/hdi-deploy/deploy.js --use-hdb --parameter com.sap.hana.di.table/try_fast_table_migration=true (STDOUT, APP/TASK/deploy)#
#2026 05 08 03:51:35.336#Z#DEBUG#196a5c01-4a91-11f1-8594-eeee0a955217.Loja-db-deployer#flowable-async-job-executor-thread-16216#
[PollStageAppStatusExecution] 540913b5-ee82-43db-a33d-eb5577322406 [2026-05-08T03:43:58.516330] VCAP_SERVICES: (STDOUT, APP/TASK/deploy)#
#2026 05 08 03:51:35.336#Z#DEBUG#196a5c01-4a91-11f1-8594-eeee0a955217.Loja-db-deployer#flowable-async-job-executor-thread-16216#
[PollStageAppStatusExecution] 540913b5-ee82-43db-a33d-eb5577322406 [2026-05-08T03:43:58.516506] { (STDOUT, APP/TASK/deploy)#
#2026 05 08 03:51:35.336#Z#DEBUG#196a5c01-4a91-11f1-8594-eeee0a955217.Loja-db-deployer#flowable-async-job-executor-thread-16216#
[PollStageAppStatusExecution] 540913b5-ee82-43db-a33d-eb5577322406 [2026-05-08T03:43:58.516536] "hana": [ (STDOUT, APP/TASK/deploy)#
#2026 05 08 03:51:35.336#Z#DEBUG#196a5c01-4a91-11f1-8594-eeee0a955217.Loja-db-deployer#flowable-async-job-executor-thread-16216#
[PollStageAppStatusExecution] 540913b5-ee82-43db-a33d-eb5577322406 [2026-05-08T03:43:58.516546] { (STDOUT, APP/TASK/deploy)#
#2026 05 08 03:51:35.336#Z#DEBUG#196a5c01-4a91-11f1-8594-eeee0a955217.Loja-db-deployer#flowable-async-job-executor-thread-16216#
[PollStageAppStatusExecution] 540913b5-ee82-43db-a33d-eb5577322406 [2026-05-08T03:43:58.516550] "name": "Loja-db", (STDOUT, APP/TASK/deploy)#
#2026 05 08 03:51:35.336#Z#DEBUG#196a5c01-4a91-11f1-8594-eeee0a955217.Loja-db-deployer#flowable-async-job-executor-thread-16216#
[PollStageAppStatusExecution] 540913b5-ee82-43db-a33d-eb5577322406 [2026-05-08T03:43:58.516554] "label": "hana", (STDOUT, APP/TASK/deploy)#
#2026 05 08 03:51:35.336#Z#DEBUG#196a5c01-4a91-11f1-8594-eeee0a955217.Loja-db-deployer#flowable-async-job-executor-thread-16216#
[PollStageAppStatusExecution] 540913b5-ee82-43db-a33d-eb5577322406 [2026-05-08T03:43:58.516558] "plan": "hdi-shared", (STDOUT, APP/TASK/deploy)#
#2026 05 08 03:51:35.336#Z#DEBUG#196a5c01-4a91-11f1-8594-eeee0a955217.Loja-db-deployer#flowable-async-job-executor-thread-16216#
[PollStageAppStatusExecution] 540913b5-ee82-43db-a33d-eb5577322406 [2026-05-08T03:43:58.516564] "credentials": { (STDOUT, APP/TASK/deploy)#
#2026 05 08 03:51:35.336#Z#DEBUG#196a5c01-4a91-11f1-8594-eeee0a955217.Loja-db-deployer#flowable-async-job-executor-thread-16216#
[PollStageAppStatusExecution] 540913b5-ee82-43db-a33d-eb5577322406 [2026-05-08T03:43:58.516568] "schema": "0BDA3929606647C1BC458C01854A3A3F", (STDOUT, APP/TASK/deploy)#
#2026 05 08 03:51:35.336#Z#DEBUG#196a5c01-4a91-11f1-8594-eeee0a955217.Loja-db-deployer#flowable-async-job-executor-thread-16216#
[PollStageAppStatusExecution] 540913b5-ee82-43db-a33d-eb5577322406 [2026-05-08T03:43:58.516572] "database_id": "eaff8753-1771-4da6-a1a7-1f979574194f", (STDOUT, APP/TASK/deploy)#
#2026 05 08 03:51:35.336#Z#DEBUG#196a5c01-4a91-11f1-8594-eeee0a955217.Loja-db-deployer#flowable-async-job-executor-thread-16216#
[PollStageAppStatusExecution] 540913b5-ee82-43db-a33d-eb5577322406 [2026-05-08T03:43:58.516576] "user": "0BDA3929606647C1BC458C01854A3A3F_6AQN1HUN77CIGLZYWTAQVCC3Z_RT", (STDOUT, APP/TASK/deploy)#
#2026 05 08 03:51:35.336#Z#DEBUG#196a5c01-4a91-11f1-8594-eeee0a955217.Loja-db-deployer#flowable-async-job-executor-thread-16216#
[PollStageAppStatusExecution] 540913b5-ee82-43db-a33d-eb5577322406 [2026-05-08T03:43:58.516584] "hdi_user": "0BDA3929606647C1BC458C01854A3A3F_6AQN1HUN77CIGLZYWTAQVCC3Z_DT" (STDOUT, APP/TASK/deploy)#
#2026 05 08 03:51:35.336#Z#DEBUG#196a5c01-4a91-11f1-8594-eeee0a955217.Loja-db-deployer#flowable-async-job-executor-thread-16216#
[PollStageAppStatusExecution] 540913b5-ee82-43db-a33d-eb5577322406 [2026-05-08T03:43:58.516588] }, (STDOUT, APP/TASK/deploy)#
#2026 05 08 03:51:35.336#Z#DEBUG#196a5c01-4a91-11f1-8594-eeee0a955217.Loja-db-deployer#flowable-async-job-executor-thread-16216#
[PollStageAppStatusExecution] 540913b5-ee82-43db-a33d-eb5577322406 [2026-05-08T03:43:58.516592] "tags": [ (STDOUT, APP/TASK/deploy)#
#2026 05 08 03:51:35.336#Z#DEBUG#196a5c01-4a91-11f1-8594-eeee0a955217.Loja-db-deployer#flowable-async-job-executor-thread-16216#
[PollStageAppStatusExecution] 540913b5-ee82-43db-a33d-eb5577322406 [2026-05-08T03:43:58.516595] "hana", (STDOUT, APP/TASK/deploy)#
#2026 05 08 03:51:35.336#Z#DEBUG#196a5c01-4a91-11f1-8594-eeee0a955217.Loja-db-deployer#flowable-async-job-executor-thread-16216#
[PollStageAppStatusExecution] 540913b5-ee82-43db-a33d-eb5577322406 [2026-05-08T03:43:58.516601] "database", (STDOUT, APP/TASK/deploy)#
#2026 05 08 03:51:35.336#Z#DEBUG#196a5c01-4a91-11f1-8594-eeee0a955217.Loja-db-deployer#flowable-async-job-executor-thread-16216#
[PollStageAppStatusExecution] 540913b5-ee82-43db-a33d-eb5577322406 [2026-05-08T03:43:58.516607] "relational" (STDOUT, APP/TASK/deploy)#
#2026 05 08 03:51:35.336#Z#DEBUG#196a5c01-4a91-11f1-8594-eeee0a955217.Loja-db-deployer#flowable-async-job-executor-thread-16216#
[PollStageAppStatusExecution] 540913b5-ee82-43db-a33d-eb5577322406 [2026-05-08T03:43:58.516611] ] (STDOUT, APP/TASK/deploy)#
#2026 05 08 03:51:35.336#Z#DEBUG#196a5c01-4a91-11f1-8594-eeee0a955217.Loja-db-deployer#flowable-async-job-executor-thread-16216#
[PollStageAppStatusExecution] 540913b5-ee82-43db-a33d-eb5577322406 [2026-05-08T03:43:58.516614] } (STDOUT, APP/TASK/deploy)#
#2026 05 08 03:51:35.336#Z#DEBUG#196a5c01-4a91-11f1-8594-eeee0a955217.Loja-db-deployer#flowable-async-job-executor-thread-16216#
[PollStageAppStatusExecution] 540913b5-ee82-43db-a33d-eb5577322406 [2026-05-08T03:43:58.516617] ] (STDOUT, APP/TASK/deploy)#
#2026 05 08 03:51:35.336#Z#DEBUG#196a5c01-4a91-11f1-8594-eeee0a955217.Loja-db-deployer#flowable-async-job-executor-thread-16216#
[PollStageAppStatusExecution] 540913b5-ee82-43db-a33d-eb5577322406 [2026-05-08T03:43:58.516620] } (STDOUT, APP/TASK/deploy)#
#2026 05 08 03:51:35.336#Z#DEBUG#196a5c01-4a91-11f1-8594-eeee0a955217.Loja-db-deployer#flowable-async-job-executor-thread-16216#
[PollStageAppStatusExecution] 540913b5-ee82-43db-a33d-eb5577322406 [2026-05-08T03:44:04.607273] @sap/hdi-deploy, version 5.6.1 (mode default), server version unknown (0.0.0.0), cloud version , node version 24.13.0, HDI version -1, container API version -1 (STDOUT, APP/TASK/deploy)#
#2026 05 08 03:51:35.336#Z#DEBUG#196a5c01-4a91-11f1-8594-eeee0a955217.Loja-db-deployer#flowable-async-job-executor-thread-16216#
[PollStageAppStatusExecution] 540913b5-ee82-43db-a33d-eb5577322406 [2026-05-08T03:44:04.607493] Deployment started at 2026-05-08 03:44:04 (STDOUT, APP/TASK/deploy)#
#2026 05 08 03:51:35.336#Z#DEBUG#196a5c01-4a91-11f1-8594-eeee0a955217.Loja-db-deployer#flowable-async-job-executor-thread-16216#
[PollStageAppStatusExecution] 540913b5-ee82-43db-a33d-eb5577322406 [2026-05-08T03:44:04.607588] Using hdb@2.27.1 for connection (STDOUT, APP/TASK/deploy)#
#2026 05 08 03:51:35.336#Z#DEBUG#196a5c01-4a91-11f1-8594-eeee0a955217.Loja-db-deployer#flowable-async-job-executor-thread-16216#
[PollStageAppStatusExecution] 540913b5-ee82-43db-a33d-eb5577322406 [2026-05-08T03:44:04.607619] Detection of server version failed; root cause: Could not connect to any host: [ eaff8753-1771-4da6-a1a7-1f979574194f.hna1.prod-us10.hanacloud.ondemand.com:443 -  ] (STDOUT, APP/TASK/deploy)#
#2026 05 08 03:51:35.336#Z#DEBUG#196a5c01-4a91-11f1-8594-eeee0a955217.Loja-db-deployer#flowable-async-job-executor-thread-16216#
[PollStageAppStatusExecution] 540913b5-ee82-43db-a33d-eb5577322406 [2026-05-08T03:44:04.607631] Detection of cloud version failed; root cause: Could not connect to any host: [ eaff8753-1771-4da6-a1a7-1f979574194f.hna1.prod-us10.hanacloud.ondemand.com:443 -  ] (STDOUT, APP/TASK/deploy)#
#2026 05 08 03:51:35.336#Z#DEBUG#196a5c01-4a91-11f1-8594-eeee0a955217.Loja-db-deployer#flowable-async-job-executor-thread-16216#
[PollStageAppStatusExecution] 540913b5-ee82-43db-a33d-eb5577322406 [2026-05-08T03:44:04.607638] Detection of container API version failed; root cause: Could not connect to any host: [ eaff8753-1771-4da6-a1a7-1f979574194f.hna1.prod-us10.hanacloud.ondemand.com:443 -  ] (STDOUT, APP/TASK/deploy)#
#2026 05 08 03:51:35.336#Z#DEBUG#196a5c01-4a91-11f1-8594-eeee0a955217.Loja-db-deployer#flowable-async-job-executor-thread-16216#
[PollStageAppStatusExecution] 540913b5-ee82-43db-a33d-eb5577322406 [2026-05-08T03:44:04.607643] Detection of HDI version failed; root cause: Could not connect to any host: [ eaff8753-1771-4da6-a1a7-1f979574194f.hna1.prod-us10.hanacloud.ondemand.com:443 -  ] (STDOUT, APP/TASK/deploy)#
#2026 05 08 03:51:35.336#Z#DEBUG#196a5c01-4a91-11f1-8594-eeee0a955217.Loja-db-deployer#flowable-async-job-executor-thread-16216#
[PollStageAppStatusExecution] 540913b5-ee82-43db-a33d-eb5577322406 [2026-05-08T03:44:04.607986] Deployment ended at 2026-05-08 03:44:04 (STDOUT, APP/TASK/deploy)#
#2026 05 08 03:51:35.336#Z#DEBUG#196a5c01-4a91-11f1-8594-eeee0a955217.Loja-db-deployer#flowable-async-job-executor-thread-16216#
[PollStageAppStatusExecution] 540913b5-ee82-43db-a33d-eb5577322406 [2026-05-08T03:44:04.608119] Error: Option parameter is not supported by the server; based on detected server version unknown (STDERR, APP/TASK/deploy)#
#2026 05 08 03:51:35.336#Z#DEBUG#196a5c01-4a91-11f1-8594-eeee0a955217.Loja-db-deployer#flowable-async-job-executor-thread-16216#
[PollStageAppStatusExecution] 540913b5-ee82-43db-a33d-eb5577322406 [2026-05-08T03:44:04.608475] (6s 168ms) (STDOUT, APP/TASK/deploy)#
#2026 05 08 03:51:35.336#Z#DEBUG#196a5c01-4a91-11f1-8594-eeee0a955217.Loja-db-deployer#flowable-async-job-executor-thread-16216#
[PollStageAppStatusExecution] 540913b5-ee82-43db-a33d-eb5577322406 [2026-05-08T03:44:04.672472] Exit status 1 (STDOUT, APP/TASK/deploy)#
#2026 05 08 03:51:35.336#Z#DEBUG#196a5c01-4a91-11f1-8594-eeee0a955217.Loja-db-deployer#flowable-async-job-executor-thread-16216#
[PollStageAppStatusExecution] 540913b5-ee82-43db-a33d-eb5577322406 [2026-05-08T03:44:04.981444] Cell 77283d80-dfa7-40ba-ba4e-265aef112085 stopping instance 2cbd0408-b53e-4a95-8f84-ed36d38f7090 (STDOUT, CELL)#
#2026 05 08 03:51:35.336#Z#DEBUG#196a5c01-4a91-11f1-8594-eeee0a955217.Loja-db-deployer#flowable-async-job-executor-thread-16216#
[PollStageAppStatusExecution] 540913b5-ee82-43db-a33d-eb5577322406 [2026-05-08T03:44:04.981469] Cell 77283d80-dfa7-40ba-ba4e-265aef112085 destroying container for instance 2cbd0408-b53e-4a95-8f84-ed36d38f7090 (STDOUT, CELL)#
#2026 05 08 03:51:35.336#Z#DEBUG#196a5c01-4a91-11f1-8594-eeee0a955217.Loja-db-deployer#flowable-async-job-executor-thread-16216#
[PollStageAppStatusExecution] 540913b5-ee82-43db-a33d-eb5577322406 [2026-05-08T03:44:06.433273] Cell 77283d80-dfa7-40ba-ba4e-265aef112085 successfully destroyed container for instance 2cbd0408-b53e-4a95-8f84-ed36d38f7090 (STDOUT, CELL)#
#2026 05 08 03:51:35.336#Z#DEBUG#196a5c01-4a91-11f1-8594-eeee0a955217.Loja-db-deployer#flowable-async-job-executor-thread-16216#
[PollStageAppStatusExecution] 540913b5-ee82-43db-a33d-eb5577322406 [2026-05-08T03:46:16.599083] Updated app with guid 540913b5-ee82-43db-a33d-eb5577322406 ({"lifecycle"=>{"data"=>{"buildpacks"=>["nodejs_buildpack"]}, "type"=>"buildpack"}}) (STDOUT, API)#
#2026 05 08 03:51:35.336#Z#DEBUG#196a5c01-4a91-11f1-8594-eeee0a955217.Loja-db-deployer#flowable-async-job-executor-thread-16216#
[PollStageAppStatusExecution] 540913b5-ee82-43db-a33d-eb5577322406 [2026-05-08T03:46:16.685876] Updating process: "web" (STDOUT, API)#
#2026 05 08 03:51:35.336#Z#DEBUG#196a5c01-4a91-11f1-8594-eeee0a955217.Loja-db-deployer#flowable-async-job-executor-thread-16216#
[PollStageAppStatusExecution] 540913b5-ee82-43db-a33d-eb5577322406 [2026-05-08T03:46:19.451696] Cell 684caff8-89cd-492b-be01-b3d0835f1763 creating container for instance 86a0c098-3851-45a4-8cbd-8fd8cc135c8a (STDOUT, CELL)#
#2026 05 08 03:51:35.336#Z#DEBUG#196a5c01-4a91-11f1-8594-eeee0a955217.Loja-db-deployer#flowable-async-job-executor-thread-16216#
[PollStageAppStatusExecution] 540913b5-ee82-43db-a33d-eb5577322406 [2026-05-08T03:46:19.845308] Security group rules were updated (STDOUT, CELL)#
#2026 05 08 03:51:35.336#Z#DEBUG#196a5c01-4a91-11f1-8594-eeee0a955217.Loja-db-deployer#flowable-async-job-executor-thread-16216#
[PollStageAppStatusExecution] 540913b5-ee82-43db-a33d-eb5577322406 [2026-05-08T03:46:19.897441] Cell 684caff8-89cd-492b-be01-b3d0835f1763 successfully created container for instance 86a0c098-3851-45a4-8cbd-8fd8cc135c8a (STDOUT, CELL)#
#2026 05 08 03:51:35.336#Z#DEBUG#196a5c01-4a91-11f1-8594-eeee0a955217.Loja-db-deployer#flowable-async-job-executor-thread-16216#
[PollStageAppStatusExecution] 540913b5-ee82-43db-a33d-eb5577322406 [2026-05-08T03:46:22.986580] Invoking pre-start scripts. (STDOUT, APP/TASK/deploy)#
#2026 05 08 03:51:35.336#Z#DEBUG#196a5c01-4a91-11f1-8594-eeee0a955217.Loja-db-deployer#flowable-async-job-executor-thread-16216#
[PollStageAppStatusExecution] 540913b5-ee82-43db-a33d-eb5577322406 [2026-05-08T03:46:23.130243] Invoking start command. (STDOUT, APP/TASK/deploy)#
#2026 05 08 03:51:35.336#Z#DEBUG#196a5c01-4a91-11f1-8594-eeee0a955217.Loja-db-deployer#flowable-async-job-executor-thread-16216#
[PollStageAppStatusExecution] 540913b5-ee82-43db-a33d-eb5577322406 [2026-05-08T03:46:23.438356] > start (STDOUT, APP/TASK/deploy)#
#2026 05 08 03:51:35.336#Z#DEBUG#196a5c01-4a91-11f1-8594-eeee0a955217.Loja-db-deployer#flowable-async-job-executor-thread-16216#
[PollStageAppStatusExecution] 540913b5-ee82-43db-a33d-eb5577322406 [2026-05-08T03:46:23.438383] > node node_modules/@sap/hdi-deploy/deploy.js --use-hdb --parameter com.sap.hana.di.table/try_fast_table_migration=true (STDOUT, APP/TASK/deploy)#
#2026 05 08 03:51:35.336#Z#DEBUG#196a5c01-4a91-11f1-8594-eeee0a955217.Loja-db-deployer#flowable-async-job-executor-thread-16216#
[PollStageAppStatusExecution] 540913b5-ee82-43db-a33d-eb5577322406 [2026-05-08T03:46:23.547687] VCAP_SERVICES: (STDOUT, APP/TASK/deploy)#
#2026 05 08 03:51:35.336#Z#DEBUG#196a5c01-4a91-11f1-8594-eeee0a955217.Loja-db-deployer#flowable-async-job-executor-thread-16216#
[PollStageAppStatusExecution] 540913b5-ee82-43db-a33d-eb5577322406 [2026-05-08T03:46:23.547878] { (STDOUT, APP/TASK/deploy)#
#2026 05 08 03:51:35.336#Z#DEBUG#196a5c01-4a91-11f1-8594-eeee0a955217.Loja-db-deployer#flowable-async-job-executor-thread-16216#
[PollStageAppStatusExecution] 540913b5-ee82-43db-a33d-eb5577322406 [2026-05-08T03:46:23.547896] "hana": [ (STDOUT, APP/TASK/deploy)#
#2026 05 08 03:51:35.336#Z#DEBUG#196a5c01-4a91-11f1-8594-eeee0a955217.Loja-db-deployer#flowable-async-job-executor-thread-16216#
[PollStageAppStatusExecution] 540913b5-ee82-43db-a33d-eb5577322406 [2026-05-08T03:46:23.547899] { (STDOUT, APP/TASK/deploy)#
#2026 05 08 03:51:35.336#Z#DEBUG#196a5c01-4a91-11f1-8594-eeee0a955217.Loja-db-deployer#flowable-async-job-executor-thread-16216#
[PollStageAppStatusExecution] 540913b5-ee82-43db-a33d-eb5577322406 [2026-05-08T03:46:23.547902] "name": "Loja-db", (STDOUT, APP/TASK/deploy)#
#2026 05 08 03:51:35.336#Z#DEBUG#196a5c01-4a91-11f1-8594-eeee0a955217.Loja-db-deployer#flowable-async-job-executor-thread-16216#
[PollStageAppStatusExecution] 540913b5-ee82-43db-a33d-eb5577322406 [2026-05-08T03:46:23.547904] "label": "hana", (STDOUT, APP/TASK/deploy)#
#2026 05 08 03:51:35.336#Z#DEBUG#196a5c01-4a91-11f1-8594-eeee0a955217.Loja-db-deployer#flowable-async-job-executor-thread-16216#
[PollStageAppStatusExecution] 540913b5-ee82-43db-a33d-eb5577322406 [2026-05-08T03:46:23.547907] "plan": "hdi-shared", (STDOUT, APP/TASK/deploy)#
#2026 05 08 03:51:35.336#Z#DEBUG#196a5c01-4a91-11f1-8594-eeee0a955217.Loja-db-deployer#flowable-async-job-executor-thread-16216#
[PollStageAppStatusExecution] 540913b5-ee82-43db-a33d-eb5577322406 [2026-05-08T03:46:23.547913] "credentials": { (STDOUT, APP/TASK/deploy)#
#2026 05 08 03:51:35.336#Z#DEBUG#196a5c01-4a91-11f1-8594-eeee0a955217.Loja-db-deployer#flowable-async-job-executor-thread-16216#
[PollStageAppStatusExecution] 540913b5-ee82-43db-a33d-eb5577322406 [2026-05-08T03:46:23.547919] "schema": "0BDA3929606647C1BC458C01854A3A3F", (STDOUT, APP/TASK/deploy)#
#2026 05 08 03:51:35.336#Z#DEBUG#196a5c01-4a91-11f1-8594-eeee0a955217.Loja-db-deployer#flowable-async-job-executor-thread-16216#
[PollStageAppStatusExecution] 540913b5-ee82-43db-a33d-eb5577322406 [2026-05-08T03:46:23.547926] "database_id": "eaff8753-1771-4da6-a1a7-1f979574194f", (STDOUT, APP/TASK/deploy)#
#2026 05 08 03:51:35.336#Z#DEBUG#196a5c01-4a91-11f1-8594-eeee0a955217.Loja-db-deployer#flowable-async-job-executor-thread-16216#
[PollStageAppStatusExecution] 540913b5-ee82-43db-a33d-eb5577322406 [2026-05-08T03:46:23.547928] "user": "0BDA3929606647C1BC458C01854A3A3F_6AQN1HUN77CIGLZYWTAQVCC3Z_RT", (STDOUT, APP/TASK/deploy)#
#2026 05 08 03:51:35.336#Z#DEBUG#196a5c01-4a91-11f1-8594-eeee0a955217.Loja-db-deployer#flowable-async-job-executor-thread-16216#
[PollStageAppStatusExecution] 540913b5-ee82-43db-a33d-eb5577322406 [2026-05-08T03:46:23.547931] "hdi_user": "0BDA3929606647C1BC458C01854A3A3F_6AQN1HUN77CIGLZYWTAQVCC3Z_DT" (STDOUT, APP/TASK/deploy)#
#2026 05 08 03:51:35.336#Z#DEBUG#196a5c01-4a91-11f1-8594-eeee0a955217.Loja-db-deployer#flowable-async-job-executor-thread-16216#
[PollStageAppStatusExecution] 540913b5-ee82-43db-a33d-eb5577322406 [2026-05-08T03:46:23.547933] }, (STDOUT, APP/TASK/deploy)#
#2026 05 08 03:51:35.336#Z#DEBUG#196a5c01-4a91-11f1-8594-eeee0a955217.Loja-db-deployer#flowable-async-job-executor-thread-16216#
[PollStageAppStatusExecution] 540913b5-ee82-43db-a33d-eb5577322406 [2026-05-08T03:46:23.547934] "tags": [ (STDOUT, APP/TASK/deploy)#
#2026 05 08 03:51:35.336#Z#DEBUG#196a5c01-4a91-11f1-8594-eeee0a955217.Loja-db-deployer#flowable-async-job-executor-thread-16216#
[PollStageAppStatusExecution] 540913b5-ee82-43db-a33d-eb5577322406 [2026-05-08T03:46:23.547936] "hana", (STDOUT, APP/TASK/deploy)#
#2026 05 08 03:51:35.336#Z#DEBUG#196a5c01-4a91-11f1-8594-eeee0a955217.Loja-db-deployer#flowable-async-job-executor-thread-16216#
[PollStageAppStatusExecution] 540913b5-ee82-43db-a33d-eb5577322406 [2026-05-08T03:46:23.547938] "database", (STDOUT, APP/TASK/deploy)#
#2026 05 08 03:51:35.336#Z#DEBUG#196a5c01-4a91-11f1-8594-eeee0a955217.Loja-db-deployer#flowable-async-job-executor-thread-16216#
[PollStageAppStatusExecution] 540913b5-ee82-43db-a33d-eb5577322406 [2026-05-08T03:46:23.547939] "relational" (STDOUT, APP/TASK/deploy)#
#2026 05 08 03:51:35.336#Z#DEBUG#196a5c01-4a91-11f1-8594-eeee0a955217.Loja-db-deployer#flowable-async-job-executor-thread-16216#
[PollStageAppStatusExecution] 540913b5-ee82-43db-a33d-eb5577322406 [2026-05-08T03:46:23.547941] ] (STDOUT, APP/TASK/deploy)#
#2026 05 08 03:51:35.336#Z#DEBUG#196a5c01-4a91-11f1-8594-eeee0a955217.Loja-db-deployer#flowable-async-job-executor-thread-16216#
[PollStageAppStatusExecution] 540913b5-ee82-43db-a33d-eb5577322406 [2026-05-08T03:46:23.547942] } (STDOUT, APP/TASK/deploy)#
#2026 05 08 03:51:35.336#Z#DEBUG#196a5c01-4a91-11f1-8594-eeee0a955217.Loja-db-deployer#flowable-async-job-executor-thread-16216#
[PollStageAppStatusExecution] 540913b5-ee82-43db-a33d-eb5577322406 [2026-05-08T03:46:23.547944] ] (STDOUT, APP/TASK/deploy)#
#2026 05 08 03:51:35.336#Z#DEBUG#196a5c01-4a91-11f1-8594-eeee0a955217.Loja-db-deployer#flowable-async-job-executor-thread-16216#
[PollStageAppStatusExecution] 540913b5-ee82-43db-a33d-eb5577322406 [2026-05-08T03:46:23.547946] } (STDOUT, APP/TASK/deploy)#
#2026 05 08 03:51:35.336#Z#DEBUG#196a5c01-4a91-11f1-8594-eeee0a955217.Loja-db-deployer#flowable-async-job-executor-thread-16216#
[PollStageAppStatusExecution] 540913b5-ee82-43db-a33d-eb5577322406 [2026-05-08T03:46:29.657071] @sap/hdi-deploy, version 5.6.1 (mode default), server version unknown (0.0.0.0), cloud version , node version 24.13.0, HDI version -1, container API version -1 (STDOUT, APP/TASK/deploy)#
#2026 05 08 03:51:35.336#Z#DEBUG#196a5c01-4a91-11f1-8594-eeee0a955217.Loja-db-deployer#flowable-async-job-executor-thread-16216#
[PollStageAppStatusExecution] 540913b5-ee82-43db-a33d-eb5577322406 [2026-05-08T03:46:29.657318] Deployment started at 2026-05-08 03:46:29 (STDOUT, APP/TASK/deploy)#
#2026 05 08 03:51:35.337#Z#DEBUG#196a5c01-4a91-11f1-8594-eeee0a955217.Loja-db-deployer#flowable-async-job-executor-thread-16216#
[PollStageAppStatusExecution] 540913b5-ee82-43db-a33d-eb5577322406 [2026-05-08T03:46:29.657515] Using hdb@2.27.1 for connection (STDOUT, APP/TASK/deploy)#
#2026 05 08 03:51:35.337#Z#DEBUG#196a5c01-4a91-11f1-8594-eeee0a955217.Loja-db-deployer#flowable-async-job-executor-thread-16216#
[PollStageAppStatusExecution] 540913b5-ee82-43db-a33d-eb5577322406 [2026-05-08T03:46:29.657527] Detection of server version failed; root cause: Could not connect to any host: [ eaff8753-1771-4da6-a1a7-1f979574194f.hna1.prod-us10.hanacloud.ondemand.com:443 -  ] (STDOUT, APP/TASK/deploy)#
#2026 05 08 03:51:35.337#Z#DEBUG#196a5c01-4a91-11f1-8594-eeee0a955217.Loja-db-deployer#flowable-async-job-executor-thread-16216#
[PollStageAppStatusExecution] 540913b5-ee82-43db-a33d-eb5577322406 [2026-05-08T03:46:29.657537] Detection of cloud version failed; root cause: Could not connect to any host: [ eaff8753-1771-4da6-a1a7-1f979574194f.hna1.prod-us10.hanacloud.ondemand.com:443 -  ] (STDOUT, APP/TASK/deploy)#
#2026 05 08 03:51:35.337#Z#DEBUG#196a5c01-4a91-11f1-8594-eeee0a955217.Loja-db-deployer#flowable-async-job-executor-thread-16216#
[PollStageAppStatusExecution] 540913b5-ee82-43db-a33d-eb5577322406 [2026-05-08T03:46:29.657539] Detection of container API version failed; root cause: Could not connect to any host: [ eaff8753-1771-4da6-a1a7-1f979574194f.hna1.prod-us10.hanacloud.ondemand.com:443 -  ] (STDOUT, APP/TASK/deploy)#
#2026 05 08 03:51:35.337#Z#DEBUG#196a5c01-4a91-11f1-8594-eeee0a955217.Loja-db-deployer#flowable-async-job-executor-thread-16216#
[PollStageAppStatusExecution] 540913b5-ee82-43db-a33d-eb5577322406 [2026-05-08T03:46:29.657541] Detection of HDI version failed; root cause: Could not connect to any host: [ eaff8753-1771-4da6-a1a7-1f979574194f.hna1.prod-us10.hanacloud.ondemand.com:443 -  ] (STDOUT, APP/TASK/deploy)#
#2026 05 08 03:51:35.337#Z#DEBUG#196a5c01-4a91-11f1-8594-eeee0a955217.Loja-db-deployer#flowable-async-job-executor-thread-16216#
[PollStageAppStatusExecution] 540913b5-ee82-43db-a33d-eb5577322406 [2026-05-08T03:46:29.657880] Deployment ended at 2026-05-08 03:46:29 (STDOUT, APP/TASK/deploy)#
#2026 05 08 03:51:35.337#Z#DEBUG#196a5c01-4a91-11f1-8594-eeee0a955217.Loja-db-deployer#flowable-async-job-executor-thread-16216#
[PollStageAppStatusExecution] 540913b5-ee82-43db-a33d-eb5577322406 [2026-05-08T03:46:29.658015] Error: Option parameter is not supported by the server; based on detected server version unknown (STDERR, APP/TASK/deploy)#
#2026 05 08 03:51:35.337#Z#DEBUG#196a5c01-4a91-11f1-8594-eeee0a955217.Loja-db-deployer#flowable-async-job-executor-thread-16216#
[PollStageAppStatusExecution] 540913b5-ee82-43db-a33d-eb5577322406 [2026-05-08T03:46:29.658328] (6s 190ms) (STDOUT, APP/TASK/deploy)#
#2026 05 08 03:51:35.337#Z#DEBUG#196a5c01-4a91-11f1-8594-eeee0a955217.Loja-db-deployer#flowable-async-job-executor-thread-16216#
[PollStageAppStatusExecution] 540913b5-ee82-43db-a33d-eb5577322406 [2026-05-08T03:46:29.726074] Exit status 1 (STDOUT, APP/TASK/deploy)#
#2026 05 08 03:51:35.337#Z#DEBUG#196a5c01-4a91-11f1-8594-eeee0a955217.Loja-db-deployer#flowable-async-job-executor-thread-16216#
[PollStageAppStatusExecution] 540913b5-ee82-43db-a33d-eb5577322406 [2026-05-08T03:46:30.288582] Cell 684caff8-89cd-492b-be01-b3d0835f1763 stopping instance 86a0c098-3851-45a4-8cbd-8fd8cc135c8a (STDOUT, CELL)#
#2026 05 08 03:51:35.337#Z#DEBUG#196a5c01-4a91-11f1-8594-eeee0a955217.Loja-db-deployer#flowable-async-job-executor-thread-16216#
[PollStageAppStatusExecution] 540913b5-ee82-43db-a33d-eb5577322406 [2026-05-08T03:46:30.288631] Cell 684caff8-89cd-492b-be01-b3d0835f1763 destroying container for instance 86a0c098-3851-45a4-8cbd-8fd8cc135c8a (STDOUT, CELL)#
#2026 05 08 03:51:35.337#Z#DEBUG#196a5c01-4a91-11f1-8594-eeee0a955217.Loja-db-deployer#flowable-async-job-executor-thread-16216#
[PollStageAppStatusExecution] 540913b5-ee82-43db-a33d-eb5577322406 [2026-05-08T03:46:32.147726] Cell 684caff8-89cd-492b-be01-b3d0835f1763 successfully destroyed container for instance 86a0c098-3851-45a4-8cbd-8fd8cc135c8a (STDOUT, CELL)#
#2026 05 08 03:51:35.337#Z#DEBUG#196a5c01-4a91-11f1-8594-eeee0a955217.Loja-db-deployer#flowable-async-job-executor-thread-16216#
[PollStageAppStatusExecution] 540913b5-ee82-43db-a33d-eb5577322406 [2026-05-08T03:46:35.850485] Cell d1cc041a-d5a1-41d6-b9f6-6cda736ce3f0 creating container for instance a675c220-b7e2-478a-a43a-0247d35ab60c (STDOUT, CELL)#
#2026 05 08 03:51:35.337#Z#DEBUG#196a5c01-4a91-11f1-8594-eeee0a955217.Loja-db-deployer#flowable-async-job-executor-thread-16216#
[PollStageAppStatusExecution] 540913b5-ee82-43db-a33d-eb5577322406 [2026-05-08T03:46:36.232419] Security group rules were updated (STDOUT, CELL)#
#2026 05 08 03:51:35.337#Z#DEBUG#196a5c01-4a91-11f1-8594-eeee0a955217.Loja-db-deployer#flowable-async-job-executor-thread-16216#
[PollStageAppStatusExecution] 540913b5-ee82-43db-a33d-eb5577322406 [2026-05-08T03:46:36.303979] Cell d1cc041a-d5a1-41d6-b9f6-6cda736ce3f0 successfully created container for instance a675c220-b7e2-478a-a43a-0247d35ab60c (STDOUT, CELL)#
#2026 05 08 03:51:35.337#Z#DEBUG#196a5c01-4a91-11f1-8594-eeee0a955217.Loja-db-deployer#flowable-async-job-executor-thread-16216#
[PollStageAppStatusExecution] 540913b5-ee82-43db-a33d-eb5577322406 [2026-05-08T03:46:39.454256] Invoking pre-start scripts. (STDOUT, APP/TASK/deploy)#
#2026 05 08 03:51:35.337#Z#DEBUG#196a5c01-4a91-11f1-8594-eeee0a955217.Loja-db-deployer#flowable-async-job-executor-thread-16216#
[PollStageAppStatusExecution] 540913b5-ee82-43db-a33d-eb5577322406 [2026-05-08T03:46:39.597013] Invoking start command. (STDOUT, APP/TASK/deploy)#
#2026 05 08 03:51:35.337#Z#DEBUG#196a5c01-4a91-11f1-8594-eeee0a955217.Loja-db-deployer#flowable-async-job-executor-thread-16216#
[PollStageAppStatusExecution] 540913b5-ee82-43db-a33d-eb5577322406 [2026-05-08T03:46:39.917019] > start (STDOUT, APP/TASK/deploy)#
#2026 05 08 03:51:35.337#Z#DEBUG#196a5c01-4a91-11f1-8594-eeee0a955217.Loja-db-deployer#flowable-async-job-executor-thread-16216#
[PollStageAppStatusExecution] 540913b5-ee82-43db-a33d-eb5577322406 [2026-05-08T03:46:39.917049] > node node_modules/@sap/hdi-deploy/deploy.js --use-hdb --parameter com.sap.hana.di.table/try_fast_table_migration=true (STDOUT, APP/TASK/deploy)#
#2026 05 08 03:51:35.337#Z#DEBUG#196a5c01-4a91-11f1-8594-eeee0a955217.Loja-db-deployer#flowable-async-job-executor-thread-16216#
[PollStageAppStatusExecution] 540913b5-ee82-43db-a33d-eb5577322406 [2026-05-08T03:46:40.022167] VCAP_SERVICES: (STDOUT, APP/TASK/deploy)#
#2026 05 08 03:51:35.337#Z#DEBUG#196a5c01-4a91-11f1-8594-eeee0a955217.Loja-db-deployer#flowable-async-job-executor-thread-16216#
[PollStageAppStatusExecution] 540913b5-ee82-43db-a33d-eb5577322406 [2026-05-08T03:46:40.022382] { (STDOUT, APP/TASK/deploy)#
#2026 05 08 03:51:35.337#Z#DEBUG#196a5c01-4a91-11f1-8594-eeee0a955217.Loja-db-deployer#flowable-async-job-executor-thread-16216#
[PollStageAppStatusExecution] 540913b5-ee82-43db-a33d-eb5577322406 [2026-05-08T03:46:40.022398] "hana": [ (STDOUT, APP/TASK/deploy)#
#2026 05 08 03:51:35.337#Z#DEBUG#196a5c01-4a91-11f1-8594-eeee0a955217.Loja-db-deployer#flowable-async-job-executor-thread-16216#
[PollStageAppStatusExecution] 540913b5-ee82-43db-a33d-eb5577322406 [2026-05-08T03:46:40.022401] { (STDOUT, APP/TASK/deploy)#
#2026 05 08 03:51:35.337#Z#DEBUG#196a5c01-4a91-11f1-8594-eeee0a955217.Loja-db-deployer#flowable-async-job-executor-thread-16216#
[PollStageAppStatusExecution] 540913b5-ee82-43db-a33d-eb5577322406 [2026-05-08T03:46:40.022408] "name": "Loja-db", (STDOUT, APP/TASK/deploy)#
#2026 05 08 03:51:35.337#Z#DEBUG#196a5c01-4a91-11f1-8594-eeee0a955217.Loja-db-deployer#flowable-async-job-executor-thread-16216#
[PollStageAppStatusExecution] 540913b5-ee82-43db-a33d-eb5577322406 [2026-05-08T03:46:40.022410] "label": "hana", (STDOUT, APP/TASK/deploy)#
#2026 05 08 03:51:35.337#Z#DEBUG#196a5c01-4a91-11f1-8594-eeee0a955217.Loja-db-deployer#flowable-async-job-executor-thread-16216#
[PollStageAppStatusExecution] 540913b5-ee82-43db-a33d-eb5577322406 [2026-05-08T03:46:40.022413] "plan": "hdi-shared", (STDOUT, APP/TASK/deploy)#
#2026 05 08 03:51:35.337#Z#DEBUG#196a5c01-4a91-11f1-8594-eeee0a955217.Loja-db-deployer#flowable-async-job-executor-thread-16216#
[PollStageAppStatusExecution] 540913b5-ee82-43db-a33d-eb5577322406 [2026-05-08T03:46:40.022415] "credentials": { (STDOUT, APP/TASK/deploy)#
#2026 05 08 03:51:35.337#Z#DEBUG#196a5c01-4a91-11f1-8594-eeee0a955217.Loja-db-deployer#flowable-async-job-executor-thread-16216#
[PollStageAppStatusExecution] 540913b5-ee82-43db-a33d-eb5577322406 [2026-05-08T03:46:40.022418] "schema": "0BDA3929606647C1BC458C01854A3A3F", (STDOUT, APP/TASK/deploy)#
#2026 05 08 03:51:35.337#Z#DEBUG#196a5c01-4a91-11f1-8594-eeee0a955217.Loja-db-deployer#flowable-async-job-executor-thread-16216#
[PollStageAppStatusExecution] 540913b5-ee82-43db-a33d-eb5577322406 [2026-05-08T03:46:40.022420] "database_id": "eaff8753-1771-4da6-a1a7-1f979574194f", (STDOUT, APP/TASK/deploy)#
#2026 05 08 03:51:35.337#Z#DEBUG#196a5c01-4a91-11f1-8594-eeee0a955217.Loja-db-deployer#flowable-async-job-executor-thread-16216#
[PollStageAppStatusExecution] 540913b5-ee82-43db-a33d-eb5577322406 [2026-05-08T03:46:40.022423] "user": "0BDA3929606647C1BC458C01854A3A3F_6AQN1HUN77CIGLZYWTAQVCC3Z_RT", (STDOUT, APP/TASK/deploy)#
#2026 05 08 03:51:35.337#Z#DEBUG#196a5c01-4a91-11f1-8594-eeee0a955217.Loja-db-deployer#flowable-async-job-executor-thread-16216#
[PollStageAppStatusExecution] 540913b5-ee82-43db-a33d-eb5577322406 [2026-05-08T03:46:40.022425] "hdi_user": "0BDA3929606647C1BC458C01854A3A3F_6AQN1HUN77CIGLZYWTAQVCC3Z_DT" (STDOUT, APP/TASK/deploy)#
#2026 05 08 03:51:35.337#Z#DEBUG#196a5c01-4a91-11f1-8594-eeee0a955217.Loja-db-deployer#flowable-async-job-executor-thread-16216#
[PollStageAppStatusExecution] 540913b5-ee82-43db-a33d-eb5577322406 [2026-05-08T03:46:40.022429] }, (STDOUT, APP/TASK/deploy)#
#2026 05 08 03:51:35.337#Z#DEBUG#196a5c01-4a91-11f1-8594-eeee0a955217.Loja-db-deployer#flowable-async-job-executor-thread-16216#
[PollStageAppStatusExecution] 540913b5-ee82-43db-a33d-eb5577322406 [2026-05-08T03:46:40.022431] "tags": [ (STDOUT, APP/TASK/deploy)#
#2026 05 08 03:51:35.337#Z#DEBUG#196a5c01-4a91-11f1-8594-eeee0a955217.Loja-db-deployer#flowable-async-job-executor-thread-16216#
[PollStageAppStatusExecution] 540913b5-ee82-43db-a33d-eb5577322406 [2026-05-08T03:46:40.022433] "hana", (STDOUT, APP/TASK/deploy)#
#2026 05 08 03:51:35.337#Z#DEBUG#196a5c01-4a91-11f1-8594-eeee0a955217.Loja-db-deployer#flowable-async-job-executor-thread-16216#
[PollStageAppStatusExecution] 540913b5-ee82-43db-a33d-eb5577322406 [2026-05-08T03:46:40.022435] "database", (STDOUT, APP/TASK/deploy)#
#2026 05 08 03:51:35.337#Z#DEBUG#196a5c01-4a91-11f1-8594-eeee0a955217.Loja-db-deployer#flowable-async-job-executor-thread-16216#
[PollStageAppStatusExecution] 540913b5-ee82-43db-a33d-eb5577322406 [2026-05-08T03:46:40.022459] "relational" (STDOUT, APP/TASK/deploy)#
#2026 05 08 03:51:35.337#Z#DEBUG#196a5c01-4a91-11f1-8594-eeee0a955217.Loja-db-deployer#flowable-async-job-executor-thread-16216#
[PollStageAppStatusExecution] 540913b5-ee82-43db-a33d-eb5577322406 [2026-05-08T03:46:40.022460] ] (STDOUT, APP/TASK/deploy)#
#2026 05 08 03:51:35.337#Z#DEBUG#196a5c01-4a91-11f1-8594-eeee0a955217.Loja-db-deployer#flowable-async-job-executor-thread-16216#
[PollStageAppStatusExecution] 540913b5-ee82-43db-a33d-eb5577322406 [2026-05-08T03:46:40.022462] } (STDOUT, APP/TASK/deploy)#
#2026 05 08 03:51:35.337#Z#DEBUG#196a5c01-4a91-11f1-8594-eeee0a955217.Loja-db-deployer#flowable-async-job-executor-thread-16216#
[PollStageAppStatusExecution] 540913b5-ee82-43db-a33d-eb5577322406 [2026-05-08T03:46:40.022464] ] (STDOUT, APP/TASK/deploy)#
#2026 05 08 03:51:35.337#Z#DEBUG#196a5c01-4a91-11f1-8594-eeee0a955217.Loja-db-deployer#flowable-async-job-executor-thread-16216#
[PollStageAppStatusExecution] 540913b5-ee82-43db-a33d-eb5577322406 [2026-05-08T03:46:40.022466] } (STDOUT, APP/TASK/deploy)#
#2026 05 08 03:51:35.337#Z#DEBUG#196a5c01-4a91-11f1-8594-eeee0a955217.Loja-db-deployer#flowable-async-job-executor-thread-16216#
[PollStageAppStatusExecution] 540913b5-ee82-43db-a33d-eb5577322406 [2026-05-08T03:46:46.112765] @sap/hdi-deploy, version 5.6.1 (mode default), server version unknown (0.0.0.0), cloud version , node version 24.13.0, HDI version -1, container API version -1 (STDOUT, APP/TASK/deploy)#
#2026 05 08 03:51:35.337#Z#DEBUG#196a5c01-4a91-11f1-8594-eeee0a955217.Loja-db-deployer#flowable-async-job-executor-thread-16216#
[PollStageAppStatusExecution] 540913b5-ee82-43db-a33d-eb5577322406 [2026-05-08T03:46:46.113010] Deployment started at 2026-05-08 03:46:46 (STDOUT, APP/TASK/deploy)#
#2026 05 08 03:51:35.337#Z#DEBUG#196a5c01-4a91-11f1-8594-eeee0a955217.Loja-db-deployer#flowable-async-job-executor-thread-16216#
[PollStageAppStatusExecution] 540913b5-ee82-43db-a33d-eb5577322406 [2026-05-08T03:46:46.113182] Using hdb@2.27.1 for connection (STDOUT, APP/TASK/deploy)#
#2026 05 08 03:51:35.337#Z#DEBUG#196a5c01-4a91-11f1-8594-eeee0a955217.Loja-db-deployer#flowable-async-job-executor-thread-16216#
[PollStageAppStatusExecution] 540913b5-ee82-43db-a33d-eb5577322406 [2026-05-08T03:46:46.113195] Detection of server version failed; root cause: Could not connect to any host: [ eaff8753-1771-4da6-a1a7-1f979574194f.hna1.prod-us10.hanacloud.ondemand.com:443 -  ] (STDOUT, APP/TASK/deploy)#
#2026 05 08 03:51:35.337#Z#DEBUG#196a5c01-4a91-11f1-8594-eeee0a955217.Loja-db-deployer#flowable-async-job-executor-thread-16216#
[PollStageAppStatusExecution] 540913b5-ee82-43db-a33d-eb5577322406 [2026-05-08T03:46:46.113201] Detection of cloud version failed; root cause: Could not connect to any host: [ eaff8753-1771-4da6-a1a7-1f979574194f.hna1.prod-us10.hanacloud.ondemand.com:443 -  ] (STDOUT, APP/TASK/deploy)#
#2026 05 08 03:51:35.337#Z#DEBUG#196a5c01-4a91-11f1-8594-eeee0a955217.Loja-db-deployer#flowable-async-job-executor-thread-16216#
[PollStageAppStatusExecution] 540913b5-ee82-43db-a33d-eb5577322406 [2026-05-08T03:46:46.113319] Detection of container API version failed; root cause: Could not connect to any host: [ eaff8753-1771-4da6-a1a7-1f979574194f.hna1.prod-us10.hanacloud.ondemand.com:443 -  ] (STDOUT, APP/TASK/deploy)#
#2026 05 08 03:51:35.337#Z#DEBUG#196a5c01-4a91-11f1-8594-eeee0a955217.Loja-db-deployer#flowable-async-job-executor-thread-16216#
[PollStageAppStatusExecution] 540913b5-ee82-43db-a33d-eb5577322406 [2026-05-08T03:46:46.113341] Detection of HDI version failed; root cause: Could not connect to any host: [ eaff8753-1771-4da6-a1a7-1f979574194f.hna1.prod-us10.hanacloud.ondemand.com:443 -  ] (STDOUT, APP/TASK/deploy)#
#2026 05 08 03:51:35.337#Z#DEBUG#196a5c01-4a91-11f1-8594-eeee0a955217.Loja-db-deployer#flowable-async-job-executor-thread-16216#
[PollStageAppStatusExecution] 540913b5-ee82-43db-a33d-eb5577322406 [2026-05-08T03:46:46.113663] Deployment ended at 2026-05-08 03:46:46 (STDOUT, APP/TASK/deploy)#
#2026 05 08 03:51:35.337#Z#DEBUG#196a5c01-4a91-11f1-8594-eeee0a955217.Loja-db-deployer#flowable-async-job-executor-thread-16216#
[PollStageAppStatusExecution] 540913b5-ee82-43db-a33d-eb5577322406 [2026-05-08T03:46:46.113788] Error: Option parameter is not supported by the server; based on detected server version unknown (STDERR, APP/TASK/deploy)#
#2026 05 08 03:51:35.337#Z#DEBUG#196a5c01-4a91-11f1-8594-eeee0a955217.Loja-db-deployer#flowable-async-job-executor-thread-16216#
[PollStageAppStatusExecution] 540913b5-ee82-43db-a33d-eb5577322406 [2026-05-08T03:46:46.114109] (6s 168ms) (STDOUT, APP/TASK/deploy)#
#2026 05 08 03:51:35.337#Z#DEBUG#196a5c01-4a91-11f1-8594-eeee0a955217.Loja-db-deployer#flowable-async-job-executor-thread-16216#
[PollStageAppStatusExecution] 540913b5-ee82-43db-a33d-eb5577322406 [2026-05-08T03:46:46.184393] Exit status 1 (STDOUT, APP/TASK/deploy)#
#2026 05 08 03:51:35.337#Z#DEBUG#196a5c01-4a91-11f1-8594-eeee0a955217.Loja-db-deployer#flowable-async-job-executor-thread-16216#
[PollStageAppStatusExecution] 540913b5-ee82-43db-a33d-eb5577322406 [2026-05-08T03:46:46.827418] Cell d1cc041a-d5a1-41d6-b9f6-6cda736ce3f0 stopping instance a675c220-b7e2-478a-a43a-0247d35ab60c (STDOUT, CELL)#
#2026 05 08 03:51:35.337#Z#DEBUG#196a5c01-4a91-11f1-8594-eeee0a955217.Loja-db-deployer#flowable-async-job-executor-thread-16216#
[PollStageAppStatusExecution] 540913b5-ee82-43db-a33d-eb5577322406 [2026-05-08T03:46:46.827482] Cell d1cc041a-d5a1-41d6-b9f6-6cda736ce3f0 destroying container for instance a675c220-b7e2-478a-a43a-0247d35ab60c (STDOUT, CELL)#
#2026 05 08 03:51:35.337#Z#DEBUG#196a5c01-4a91-11f1-8594-eeee0a955217.Loja-db-deployer#flowable-async-job-executor-thread-16216#
[PollStageAppStatusExecution] 540913b5-ee82-43db-a33d-eb5577322406 [2026-05-08T03:46:48.227975] Cell d1cc041a-d5a1-41d6-b9f6-6cda736ce3f0 successfully destroyed container for instance a675c220-b7e2-478a-a43a-0247d35ab60c (STDOUT, CELL)#
#2026 05 08 03:51:35.337#Z#DEBUG#196a5c01-4a91-11f1-8594-eeee0a955217.Loja-db-deployer#flowable-async-job-executor-thread-16216#
[PollStageAppStatusExecution] 540913b5-ee82-43db-a33d-eb5577322406 [2026-05-08T03:46:57.244321] Cell d1cc041a-d5a1-41d6-b9f6-6cda736ce3f0 creating container for instance 5c041542-34be-43b0-a895-ca3e7fdbf958 (STDOUT, CELL)#
#2026 05 08 03:51:35.337#Z#DEBUG#196a5c01-4a91-11f1-8594-eeee0a955217.Loja-db-deployer#flowable-async-job-executor-thread-16216#
[PollStageAppStatusExecution] 540913b5-ee82-43db-a33d-eb5577322406 [2026-05-08T03:46:57.597721] Security group rules were updated (STDOUT, CELL)#
#2026 05 08 03:51:35.337#Z#DEBUG#196a5c01-4a91-11f1-8594-eeee0a955217.Loja-db-deployer#flowable-async-job-executor-thread-16216#
[PollStageAppStatusExecution] 540913b5-ee82-43db-a33d-eb5577322406 [2026-05-08T03:46:57.650347] Cell d1cc041a-d5a1-41d6-b9f6-6cda736ce3f0 successfully created container for instance 5c041542-34be-43b0-a895-ca3e7fdbf958 (STDOUT, CELL)#
#2026 05 08 03:51:35.337#Z#DEBUG#196a5c01-4a91-11f1-8594-eeee0a955217.Loja-db-deployer#flowable-async-job-executor-thread-16216#
[PollStageAppStatusExecution] 540913b5-ee82-43db-a33d-eb5577322406 [2026-05-08T03:47:00.819755] Invoking pre-start scripts. (STDOUT, APP/TASK/deploy)#
#2026 05 08 03:51:35.337#Z#DEBUG#196a5c01-4a91-11f1-8594-eeee0a955217.Loja-db-deployer#flowable-async-job-executor-thread-16216#
[PollStageAppStatusExecution] 540913b5-ee82-43db-a33d-eb5577322406 [2026-05-08T03:47:00.958936] Invoking start command. (STDOUT, APP/TASK/deploy)#
#2026 05 08 03:51:35.337#Z#DEBUG#196a5c01-4a91-11f1-8594-eeee0a955217.Loja-db-deployer#flowable-async-job-executor-thread-16216#
[PollStageAppStatusExecution] 540913b5-ee82-43db-a33d-eb5577322406 [2026-05-08T03:47:01.293411] > start (STDOUT, APP/TASK/deploy)#
#2026 05 08 03:51:35.337#Z#DEBUG#196a5c01-4a91-11f1-8594-eeee0a955217.Loja-db-deployer#flowable-async-job-executor-thread-16216#
[PollStageAppStatusExecution] 540913b5-ee82-43db-a33d-eb5577322406 [2026-05-08T03:47:01.293428] > node node_modules/@sap/hdi-deploy/deploy.js --use-hdb --parameter com.sap.hana.di.table/try_fast_table_migration=true (STDOUT, APP/TASK/deploy)#
#2026 05 08 03:51:35.337#Z#DEBUG#196a5c01-4a91-11f1-8594-eeee0a955217.Loja-db-deployer#flowable-async-job-executor-thread-16216#
[PollStageAppStatusExecution] 540913b5-ee82-43db-a33d-eb5577322406 [2026-05-08T03:47:01.398916] VCAP_SERVICES: (STDOUT, APP/TASK/deploy)#
#2026 05 08 03:51:35.337#Z#DEBUG#196a5c01-4a91-11f1-8594-eeee0a955217.Loja-db-deployer#flowable-async-job-executor-thread-16216#
[PollStageAppStatusExecution] 540913b5-ee82-43db-a33d-eb5577322406 [2026-05-08T03:47:01.399082] { (STDOUT, APP/TASK/deploy)#
#2026 05 08 03:51:35.337#Z#DEBUG#196a5c01-4a91-11f1-8594-eeee0a955217.Loja-db-deployer#flowable-async-job-executor-thread-16216#
[PollStageAppStatusExecution] 540913b5-ee82-43db-a33d-eb5577322406 [2026-05-08T03:47:01.399093] "hana": [ (STDOUT, APP/TASK/deploy)#
#2026 05 08 03:51:35.337#Z#DEBUG#196a5c01-4a91-11f1-8594-eeee0a955217.Loja-db-deployer#flowable-async-job-executor-thread-16216#
[PollStageAppStatusExecution] 540913b5-ee82-43db-a33d-eb5577322406 [2026-05-08T03:47:01.399096] { (STDOUT, APP/TASK/deploy)#
#2026 05 08 03:51:35.337#Z#DEBUG#196a5c01-4a91-11f1-8594-eeee0a955217.Loja-db-deployer#flowable-async-job-executor-thread-16216#
[PollStageAppStatusExecution] 540913b5-ee82-43db-a33d-eb5577322406 [2026-05-08T03:47:01.399104] "name": "Loja-db", (STDOUT, APP/TASK/deploy)#
#2026 05 08 03:51:35.337#Z#DEBUG#196a5c01-4a91-11f1-8594-eeee0a955217.Loja-db-deployer#flowable-async-job-executor-thread-16216#
[PollStageAppStatusExecution] 540913b5-ee82-43db-a33d-eb5577322406 [2026-05-08T03:47:01.399106] "label": "hana", (STDOUT, APP/TASK/deploy)#
#2026 05 08 03:51:35.337#Z#DEBUG#196a5c01-4a91-11f1-8594-eeee0a955217.Loja-db-deployer#flowable-async-job-executor-thread-16216#
[PollStageAppStatusExecution] 540913b5-ee82-43db-a33d-eb5577322406 [2026-05-08T03:47:01.399111] "plan": "hdi-shared", (STDOUT, APP/TASK/deploy)#
#2026 05 08 03:51:35.337#Z#DEBUG#196a5c01-4a91-11f1-8594-eeee0a955217.Loja-db-deployer#flowable-async-job-executor-thread-16216#
[PollStageAppStatusExecution] 540913b5-ee82-43db-a33d-eb5577322406 [2026-05-08T03:47:01.399113] "credentials": { (STDOUT, APP/TASK/deploy)#
#2026 05 08 03:51:35.337#Z#DEBUG#196a5c01-4a91-11f1-8594-eeee0a955217.Loja-db-deployer#flowable-async-job-executor-thread-16216#
[PollStageAppStatusExecution] 540913b5-ee82-43db-a33d-eb5577322406 [2026-05-08T03:47:01.399115] "schema": "0BDA3929606647C1BC458C01854A3A3F", (STDOUT, APP/TASK/deploy)#
#2026 05 08 03:51:35.337#Z#DEBUG#196a5c01-4a91-11f1-8594-eeee0a955217.Loja-db-deployer#flowable-async-job-executor-thread-16216#
[PollStageAppStatusExecution] 540913b5-ee82-43db-a33d-eb5577322406 [2026-05-08T03:47:01.399117] "database_id": "eaff8753-1771-4da6-a1a7-1f979574194f", (STDOUT, APP/TASK/deploy)#
#2026 05 08 03:51:35.337#Z#DEBUG#196a5c01-4a91-11f1-8594-eeee0a955217.Loja-db-deployer#flowable-async-job-executor-thread-16216#
[PollStageAppStatusExecution] 540913b5-ee82-43db-a33d-eb5577322406 [2026-05-08T03:47:01.399119] "user": "0BDA3929606647C1BC458C01854A3A3F_6AQN1HUN77CIGLZYWTAQVCC3Z_RT", (STDOUT, APP/TASK/deploy)#
#2026 05 08 03:51:35.337#Z#DEBUG#196a5c01-4a91-11f1-8594-eeee0a955217.Loja-db-deployer#flowable-async-job-executor-thread-16216#
[PollStageAppStatusExecution] 540913b5-ee82-43db-a33d-eb5577322406 [2026-05-08T03:47:01.399122] "hdi_user": "0BDA3929606647C1BC458C01854A3A3F_6AQN1HUN77CIGLZYWTAQVCC3Z_DT" (STDOUT, APP/TASK/deploy)#
#2026 05 08 03:51:35.337#Z#DEBUG#196a5c01-4a91-11f1-8594-eeee0a955217.Loja-db-deployer#flowable-async-job-executor-thread-16216#
[PollStageAppStatusExecution] 540913b5-ee82-43db-a33d-eb5577322406 [2026-05-08T03:47:01.399123] }, (STDOUT, APP/TASK/deploy)#
#2026 05 08 03:51:35.337#Z#DEBUG#196a5c01-4a91-11f1-8594-eeee0a955217.Loja-db-deployer#flowable-async-job-executor-thread-16216#
[PollStageAppStatusExecution] 540913b5-ee82-43db-a33d-eb5577322406 [2026-05-08T03:47:01.399124] "tags": [ (STDOUT, APP/TASK/deploy)#
#2026 05 08 03:51:35.337#Z#DEBUG#196a5c01-4a91-11f1-8594-eeee0a955217.Loja-db-deployer#flowable-async-job-executor-thread-16216#
[PollStageAppStatusExecution] 540913b5-ee82-43db-a33d-eb5577322406 [2026-05-08T03:47:01.399126] "hana", (STDOUT, APP/TASK/deploy)#
#2026 05 08 03:51:35.337#Z#DEBUG#196a5c01-4a91-11f1-8594-eeee0a955217.Loja-db-deployer#flowable-async-job-executor-thread-16216#
[PollStageAppStatusExecution] 540913b5-ee82-43db-a33d-eb5577322406 [2026-05-08T03:47:01.399127] "database", (STDOUT, APP/TASK/deploy)#
#2026 05 08 03:51:35.337#Z#DEBUG#196a5c01-4a91-11f1-8594-eeee0a955217.Loja-db-deployer#flowable-async-job-executor-thread-16216#
[PollStageAppStatusExecution] 540913b5-ee82-43db-a33d-eb5577322406 [2026-05-08T03:47:01.399129] "relational" (STDOUT, APP/TASK/deploy)#
#2026 05 08 03:51:35.337#Z#DEBUG#196a5c01-4a91-11f1-8594-eeee0a955217.Loja-db-deployer#flowable-async-job-executor-thread-16216#
[PollStageAppStatusExecution] 540913b5-ee82-43db-a33d-eb5577322406 [2026-05-08T03:47:01.399130] ] (STDOUT, APP/TASK/deploy)#
#2026 05 08 03:51:35.337#Z#DEBUG#196a5c01-4a91-11f1-8594-eeee0a955217.Loja-db-deployer#flowable-async-job-executor-thread-16216#
[PollStageAppStatusExecution] 540913b5-ee82-43db-a33d-eb5577322406 [2026-05-08T03:47:01.399133] } (STDOUT, APP/TASK/deploy)#
#2026 05 08 03:51:35.337#Z#DEBUG#196a5c01-4a91-11f1-8594-eeee0a955217.Loja-db-deployer#flowable-async-job-executor-thread-16216#
[PollStageAppStatusExecution] 540913b5-ee82-43db-a33d-eb5577322406 [2026-05-08T03:47:01.399134] ] (STDOUT, APP/TASK/deploy)#
#2026 05 08 03:51:35.337#Z#DEBUG#196a5c01-4a91-11f1-8594-eeee0a955217.Loja-db-deployer#flowable-async-job-executor-thread-16216#
[PollStageAppStatusExecution] 540913b5-ee82-43db-a33d-eb5577322406 [2026-05-08T03:47:01.399135] } (STDOUT, APP/TASK/deploy)#
#2026 05 08 03:51:35.337#Z#DEBUG#196a5c01-4a91-11f1-8594-eeee0a955217.Loja-db-deployer#flowable-async-job-executor-thread-16216#
[PollStageAppStatusExecution] 540913b5-ee82-43db-a33d-eb5577322406 [2026-05-08T03:47:07.490781] @sap/hdi-deploy, version 5.6.1 (mode default), server version unknown (0.0.0.0), cloud version , node version 24.13.0, HDI version -1, container API version -1 (STDOUT, APP/TASK/deploy)#
#2026 05 08 03:51:35.337#Z#DEBUG#196a5c01-4a91-11f1-8594-eeee0a955217.Loja-db-deployer#flowable-async-job-executor-thread-16216#
[PollStageAppStatusExecution] 540913b5-ee82-43db-a33d-eb5577322406 [2026-05-08T03:47:07.490933] Deployment started at 2026-05-08 03:47:07 (STDOUT, APP/TASK/deploy)#
#2026 05 08 03:51:35.337#Z#DEBUG#196a5c01-4a91-11f1-8594-eeee0a955217.Loja-db-deployer#flowable-async-job-executor-thread-16216#
[PollStageAppStatusExecution] 540913b5-ee82-43db-a33d-eb5577322406 [2026-05-08T03:47:07.491150] Using hdb@2.27.1 for connection (STDOUT, APP/TASK/deploy)#
#2026 05 08 03:51:35.337#Z#DEBUG#196a5c01-4a91-11f1-8594-eeee0a955217.Loja-db-deployer#flowable-async-job-executor-thread-16216#
[PollStageAppStatusExecution] 540913b5-ee82-43db-a33d-eb5577322406 [2026-05-08T03:47:07.491170] Detection of server version failed; root cause: Could not connect to any host: [ eaff8753-1771-4da6-a1a7-1f979574194f.hna1.prod-us10.hanacloud.ondemand.com:443 -  ] (STDOUT, APP/TASK/deploy)#
#2026 05 08 03:51:35.337#Z#DEBUG#196a5c01-4a91-11f1-8594-eeee0a955217.Loja-db-deployer#flowable-async-job-executor-thread-16216#
[PollStageAppStatusExecution] 540913b5-ee82-43db-a33d-eb5577322406 [2026-05-08T03:47:07.491175] Detection of cloud version failed; root cause: Could not connect to any host: [ eaff8753-1771-4da6-a1a7-1f979574194f.hna1.prod-us10.hanacloud.ondemand.com:443 -  ] (STDOUT, APP/TASK/deploy)#
#2026 05 08 03:51:35.337#Z#DEBUG#196a5c01-4a91-11f1-8594-eeee0a955217.Loja-db-deployer#flowable-async-job-executor-thread-16216#
[PollStageAppStatusExecution] 540913b5-ee82-43db-a33d-eb5577322406 [2026-05-08T03:47:07.491179] Detection of container API version failed; root cause: Could not connect to any host: [ eaff8753-1771-4da6-a1a7-1f979574194f.hna1.prod-us10.hanacloud.ondemand.com:443 -  ] (STDOUT, APP/TASK/deploy)#
#2026 05 08 03:51:35.337#Z#DEBUG#196a5c01-4a91-11f1-8594-eeee0a955217.Loja-db-deployer#flowable-async-job-executor-thread-16216#
[PollStageAppStatusExecution] 540913b5-ee82-43db-a33d-eb5577322406 [2026-05-08T03:47:07.491183] Detection of HDI version failed; root cause: Could not connect to any host: [ eaff8753-1771-4da6-a1a7-1f979574194f.hna1.prod-us10.hanacloud.ondemand.com:443 -  ] (STDOUT, APP/TASK/deploy)#
#2026 05 08 03:51:35.337#Z#DEBUG#196a5c01-4a91-11f1-8594-eeee0a955217.Loja-db-deployer#flowable-async-job-executor-thread-16216#
[PollStageAppStatusExecution] 540913b5-ee82-43db-a33d-eb5577322406 [2026-05-08T03:47:07.491567] Deployment ended at 2026-05-08 03:47:07 (STDOUT, APP/TASK/deploy)#
#2026 05 08 03:51:35.337#Z#DEBUG#196a5c01-4a91-11f1-8594-eeee0a955217.Loja-db-deployer#flowable-async-job-executor-thread-16216#
[PollStageAppStatusExecution] 540913b5-ee82-43db-a33d-eb5577322406 [2026-05-08T03:47:07.491733] Error: Option parameter is not supported by the server; based on detected server version unknown (STDERR, APP/TASK/deploy)#
#2026 05 08 03:51:35.337#Z#DEBUG#196a5c01-4a91-11f1-8594-eeee0a955217.Loja-db-deployer#flowable-async-job-executor-thread-16216#
[PollStageAppStatusExecution] 540913b5-ee82-43db-a33d-eb5577322406 [2026-05-08T03:47:07.491974] (6s 169ms) (STDOUT, APP/TASK/deploy)#
#2026 05 08 03:51:35.337#Z#DEBUG#196a5c01-4a91-11f1-8594-eeee0a955217.Loja-db-deployer#flowable-async-job-executor-thread-16216#
[PollStageAppStatusExecution] 540913b5-ee82-43db-a33d-eb5577322406 [2026-05-08T03:47:07.557551] Exit status 1 (STDOUT, APP/TASK/deploy)#
#2026 05 08 03:51:35.337#Z#DEBUG#196a5c01-4a91-11f1-8594-eeee0a955217.Loja-db-deployer#flowable-async-job-executor-thread-16216#
[PollStageAppStatusExecution] 540913b5-ee82-43db-a33d-eb5577322406 [2026-05-08T03:47:08.168802] Cell d1cc041a-d5a1-41d6-b9f6-6cda736ce3f0 stopping instance 5c041542-34be-43b0-a895-ca3e7fdbf958 (STDOUT, CELL)#
#2026 05 08 03:51:35.337#Z#DEBUG#196a5c01-4a91-11f1-8594-eeee0a955217.Loja-db-deployer#flowable-async-job-executor-thread-16216#
[PollStageAppStatusExecution] 540913b5-ee82-43db-a33d-eb5577322406 [2026-05-08T03:47:08.168855] Cell d1cc041a-d5a1-41d6-b9f6-6cda736ce3f0 destroying container for instance 5c041542-34be-43b0-a895-ca3e7fdbf958 (STDOUT, CELL)#
#2026 05 08 03:51:35.337#Z#DEBUG#196a5c01-4a91-11f1-8594-eeee0a955217.Loja-db-deployer#flowable-async-job-executor-thread-16216#
[PollStageAppStatusExecution] 540913b5-ee82-43db-a33d-eb5577322406 [2026-05-08T03:47:09.887806] Cell d1cc041a-d5a1-41d6-b9f6-6cda736ce3f0 successfully destroyed container for instance 5c041542-34be-43b0-a895-ca3e7fdbf958 (STDOUT, CELL)#
#2026 05 08 03:51:35.337#Z#DEBUG#196a5c01-4a91-11f1-8594-eeee0a955217.Loja-db-deployer#flowable-async-job-executor-thread-16216#
[PollStageAppStatusExecution] 540913b5-ee82-43db-a33d-eb5577322406 [2026-05-08T03:47:15.564261] Cell 77283d80-dfa7-40ba-ba4e-265aef112085 creating container for instance c286cbc0-9015-40a3-bf7b-2d3ba0e27768 (STDOUT, CELL)#
#2026 05 08 03:51:35.337#Z#DEBUG#196a5c01-4a91-11f1-8594-eeee0a955217.Loja-db-deployer#flowable-async-job-executor-thread-16216#
[PollStageAppStatusExecution] 540913b5-ee82-43db-a33d-eb5577322406 [2026-05-08T03:47:15.898629] Security group rules were updated (STDOUT, CELL)#
#2026 05 08 03:51:35.337#Z#DEBUG#196a5c01-4a91-11f1-8594-eeee0a955217.Loja-db-deployer#flowable-async-job-executor-thread-16216#
[PollStageAppStatusExecution] 540913b5-ee82-43db-a33d-eb5577322406 [2026-05-08T03:47:15.972593] Cell 77283d80-dfa7-40ba-ba4e-265aef112085 successfully created container for instance c286cbc0-9015-40a3-bf7b-2d3ba0e27768 (STDOUT, CELL)#
#2026 05 08 03:51:35.337#Z#DEBUG#196a5c01-4a91-11f1-8594-eeee0a955217.Loja-db-deployer#flowable-async-job-executor-thread-16216#
[PollStageAppStatusExecution] 540913b5-ee82-43db-a33d-eb5577322406 [2026-05-08T03:47:19.350266] Invoking pre-start scripts. (STDOUT, APP/TASK/deploy)#
#2026 05 08 03:51:35.337#Z#DEBUG#196a5c01-4a91-11f1-8594-eeee0a955217.Loja-db-deployer#flowable-async-job-executor-thread-16216#
[PollStageAppStatusExecution] 540913b5-ee82-43db-a33d-eb5577322406 [2026-05-08T03:47:19.484961] Invoking start command. (STDOUT, APP/TASK/deploy)#
#2026 05 08 03:51:35.337#Z#DEBUG#196a5c01-4a91-11f1-8594-eeee0a955217.Loja-db-deployer#flowable-async-job-executor-thread-16216#
[PollStageAppStatusExecution] 540913b5-ee82-43db-a33d-eb5577322406 [2026-05-08T03:47:19.793214] > start (STDOUT, APP/TASK/deploy)#
#2026 05 08 03:51:35.337#Z#DEBUG#196a5c01-4a91-11f1-8594-eeee0a955217.Loja-db-deployer#flowable-async-job-executor-thread-16216#
[PollStageAppStatusExecution] 540913b5-ee82-43db-a33d-eb5577322406 [2026-05-08T03:47:19.793244] > node node_modules/@sap/hdi-deploy/deploy.js --use-hdb --parameter com.sap.hana.di.table/try_fast_table_migration=true (STDOUT, APP/TASK/deploy)#
#2026 05 08 03:51:35.337#Z#DEBUG#196a5c01-4a91-11f1-8594-eeee0a955217.Loja-db-deployer#flowable-async-job-executor-thread-16216#
[PollStageAppStatusExecution] 540913b5-ee82-43db-a33d-eb5577322406 [2026-05-08T03:47:19.893738] VCAP_SERVICES: (STDOUT, APP/TASK/deploy)#
#2026 05 08 03:51:35.337#Z#DEBUG#196a5c01-4a91-11f1-8594-eeee0a955217.Loja-db-deployer#flowable-async-job-executor-thread-16216#
[PollStageAppStatusExecution] 540913b5-ee82-43db-a33d-eb5577322406 [2026-05-08T03:47:19.893909] { (STDOUT, APP/TASK/deploy)#
#2026 05 08 03:51:35.337#Z#DEBUG#196a5c01-4a91-11f1-8594-eeee0a955217.Loja-db-deployer#flowable-async-job-executor-thread-16216#
[PollStageAppStatusExecution] 540913b5-ee82-43db-a33d-eb5577322406 [2026-05-08T03:47:19.893923] "hana": [ (STDOUT, APP/TASK/deploy)#
#2026 05 08 03:51:35.337#Z#DEBUG#196a5c01-4a91-11f1-8594-eeee0a955217.Loja-db-deployer#flowable-async-job-executor-thread-16216#
[PollStageAppStatusExecution] 540913b5-ee82-43db-a33d-eb5577322406 [2026-05-08T03:47:19.893926] { (STDOUT, APP/TASK/deploy)#
#2026 05 08 03:51:35.337#Z#DEBUG#196a5c01-4a91-11f1-8594-eeee0a955217.Loja-db-deployer#flowable-async-job-executor-thread-16216#
[PollStageAppStatusExecution] 540913b5-ee82-43db-a33d-eb5577322406 [2026-05-08T03:47:19.893929] "name": "Loja-db", (STDOUT, APP/TASK/deploy)#
#2026 05 08 03:51:35.337#Z#DEBUG#196a5c01-4a91-11f1-8594-eeee0a955217.Loja-db-deployer#flowable-async-job-executor-thread-16216#
[PollStageAppStatusExecution] 540913b5-ee82-43db-a33d-eb5577322406 [2026-05-08T03:47:19.893931] "label": "hana", (STDOUT, APP/TASK/deploy)#
#2026 05 08 03:51:35.337#Z#DEBUG#196a5c01-4a91-11f1-8594-eeee0a955217.Loja-db-deployer#flowable-async-job-executor-thread-16216#
[PollStageAppStatusExecution] 540913b5-ee82-43db-a33d-eb5577322406 [2026-05-08T03:47:19.893934] "plan": "hdi-shared", (STDOUT, APP/TASK/deploy)#
#2026 05 08 03:51:35.337#Z#DEBUG#196a5c01-4a91-11f1-8594-eeee0a955217.Loja-db-deployer#flowable-async-job-executor-thread-16216#
[PollStageAppStatusExecution] 540913b5-ee82-43db-a33d-eb5577322406 [2026-05-08T03:47:19.893942] "credentials": { (STDOUT, APP/TASK/deploy)#
#2026 05 08 03:51:35.337#Z#DEBUG#196a5c01-4a91-11f1-8594-eeee0a955217.Loja-db-deployer#flowable-async-job-executor-thread-16216#
[PollStageAppStatusExecution] 540913b5-ee82-43db-a33d-eb5577322406 [2026-05-08T03:47:19.893945] "schema": "0BDA3929606647C1BC458C01854A3A3F", (STDOUT, APP/TASK/deploy)#
#2026 05 08 03:51:35.337#Z#DEBUG#196a5c01-4a91-11f1-8594-eeee0a955217.Loja-db-deployer#flowable-async-job-executor-thread-16216#
[PollStageAppStatusExecution] 540913b5-ee82-43db-a33d-eb5577322406 [2026-05-08T03:47:19.893948] "database_id": "eaff8753-1771-4da6-a1a7-1f979574194f", (STDOUT, APP/TASK/deploy)#
#2026 05 08 03:51:35.337#Z#DEBUG#196a5c01-4a91-11f1-8594-eeee0a955217.Loja-db-deployer#flowable-async-job-executor-thread-16216#
[PollStageAppStatusExecution] 540913b5-ee82-43db-a33d-eb5577322406 [2026-05-08T03:47:19.893950] "user": "0BDA3929606647C1BC458C01854A3A3F_6AQN1HUN77CIGLZYWTAQVCC3Z_RT", (STDOUT, APP/TASK/deploy)#
#2026 05 08 03:51:35.337#Z#DEBUG#196a5c01-4a91-11f1-8594-eeee0a955217.Loja-db-deployer#flowable-async-job-executor-thread-16216#
[PollStageAppStatusExecution] 540913b5-ee82-43db-a33d-eb5577322406 [2026-05-08T03:47:19.893953] "hdi_user": "0BDA3929606647C1BC458C01854A3A3F_6AQN1HUN77CIGLZYWTAQVCC3Z_DT" (STDOUT, APP/TASK/deploy)#
#2026 05 08 03:51:35.337#Z#DEBUG#196a5c01-4a91-11f1-8594-eeee0a955217.Loja-db-deployer#flowable-async-job-executor-thread-16216#
[PollStageAppStatusExecution] 540913b5-ee82-43db-a33d-eb5577322406 [2026-05-08T03:47:19.893955] }, (STDOUT, APP/TASK/deploy)#
#2026 05 08 03:51:35.337#Z#DEBUG#196a5c01-4a91-11f1-8594-eeee0a955217.Loja-db-deployer#flowable-async-job-executor-thread-16216#
[PollStageAppStatusExecution] 540913b5-ee82-43db-a33d-eb5577322406 [2026-05-08T03:47:19.893956] "tags": [ (STDOUT, APP/TASK/deploy)#
#2026 05 08 03:51:35.337#Z#DEBUG#196a5c01-4a91-11f1-8594-eeee0a955217.Loja-db-deployer#flowable-async-job-executor-thread-16216#
[PollStageAppStatusExecution] 540913b5-ee82-43db-a33d-eb5577322406 [2026-05-08T03:47:19.893958] "hana", (STDOUT, APP/TASK/deploy)#
#2026 05 08 03:51:35.337#Z#DEBUG#196a5c01-4a91-11f1-8594-eeee0a955217.Loja-db-deployer#flowable-async-job-executor-thread-16216#
[PollStageAppStatusExecution] 540913b5-ee82-43db-a33d-eb5577322406 [2026-05-08T03:47:19.893960] "database", (STDOUT, APP/TASK/deploy)#
#2026 05 08 03:51:35.337#Z#DEBUG#196a5c01-4a91-11f1-8594-eeee0a955217.Loja-db-deployer#flowable-async-job-executor-thread-16216#
[PollStageAppStatusExecution] 540913b5-ee82-43db-a33d-eb5577322406 [2026-05-08T03:47:19.893962] "relational" (STDOUT, APP/TASK/deploy)#
#2026 05 08 03:51:35.337#Z#DEBUG#196a5c01-4a91-11f1-8594-eeee0a955217.Loja-db-deployer#flowable-async-job-executor-thread-16216#
[PollStageAppStatusExecution] 540913b5-ee82-43db-a33d-eb5577322406 [2026-05-08T03:47:19.893964] ] (STDOUT, APP/TASK/deploy)#
#2026 05 08 03:51:35.337#Z#DEBUG#196a5c01-4a91-11f1-8594-eeee0a955217.Loja-db-deployer#flowable-async-job-executor-thread-16216#
[PollStageAppStatusExecution] 540913b5-ee82-43db-a33d-eb5577322406 [2026-05-08T03:47:19.893966] } (STDOUT, APP/TASK/deploy)#
#2026 05 08 03:51:35.337#Z#DEBUG#196a5c01-4a91-11f1-8594-eeee0a955217.Loja-db-deployer#flowable-async-job-executor-thread-16216#
[PollStageAppStatusExecution] 540913b5-ee82-43db-a33d-eb5577322406 [2026-05-08T03:47:19.893968] ] (STDOUT, APP/TASK/deploy)#
#2026 05 08 03:51:35.337#Z#DEBUG#196a5c01-4a91-11f1-8594-eeee0a955217.Loja-db-deployer#flowable-async-job-executor-thread-16216#
[PollStageAppStatusExecution] 540913b5-ee82-43db-a33d-eb5577322406 [2026-05-08T03:47:19.893970] } (STDOUT, APP/TASK/deploy)#
#2026 05 08 03:51:35.337#Z#DEBUG#196a5c01-4a91-11f1-8594-eeee0a955217.Loja-db-deployer#flowable-async-job-executor-thread-16216#
[PollStageAppStatusExecution] 540913b5-ee82-43db-a33d-eb5577322406 [2026-05-08T03:47:25.984779] @sap/hdi-deploy, version 5.6.1 (mode default), server version unknown (0.0.0.0), cloud version , node version 24.13.0, HDI version -1, container API version -1 (STDOUT, APP/TASK/deploy)#
#2026 05 08 03:51:35.337#Z#DEBUG#196a5c01-4a91-11f1-8594-eeee0a955217.Loja-db-deployer#flowable-async-job-executor-thread-16216#
[PollStageAppStatusExecution] 540913b5-ee82-43db-a33d-eb5577322406 [2026-05-08T03:47:25.985068] Deployment started at 2026-05-08 03:47:25 (STDOUT, APP/TASK/deploy)#
#2026 05 08 03:51:35.337#Z#DEBUG#196a5c01-4a91-11f1-8594-eeee0a955217.Loja-db-deployer#flowable-async-job-executor-thread-16216#
[PollStageAppStatusExecution] 540913b5-ee82-43db-a33d-eb5577322406 [2026-05-08T03:47:25.985114] Using hdb@2.27.1 for connection (STDOUT, APP/TASK/deploy)#
#2026 05 08 03:51:35.337#Z#DEBUG#196a5c01-4a91-11f1-8594-eeee0a955217.Loja-db-deployer#flowable-async-job-executor-thread-16216#
[PollStageAppStatusExecution] 540913b5-ee82-43db-a33d-eb5577322406 [2026-05-08T03:47:25.985139] Detection of server version failed; root cause: Could not connect to any host: [ eaff8753-1771-4da6-a1a7-1f979574194f.hna1.prod-us10.hanacloud.ondemand.com:443 -  ] (STDOUT, APP/TASK/deploy)#
#2026 05 08 03:51:35.337#Z#DEBUG#196a5c01-4a91-11f1-8594-eeee0a955217.Loja-db-deployer#flowable-async-job-executor-thread-16216#
[PollStageAppStatusExecution] 540913b5-ee82-43db-a33d-eb5577322406 [2026-05-08T03:47:25.985144] Detection of cloud version failed; root cause: Could not connect to any host: [ eaff8753-1771-4da6-a1a7-1f979574194f.hna1.prod-us10.hanacloud.ondemand.com:443 -  ] (STDOUT, APP/TASK/deploy)#
#2026 05 08 03:51:35.337#Z#DEBUG#196a5c01-4a91-11f1-8594-eeee0a955217.Loja-db-deployer#flowable-async-job-executor-thread-16216#
[PollStageAppStatusExecution] 540913b5-ee82-43db-a33d-eb5577322406 [2026-05-08T03:47:25.985148] Detection of container API version failed; root cause: Could not connect to any host: [ eaff8753-1771-4da6-a1a7-1f979574194f.hna1.prod-us10.hanacloud.ondemand.com:443 -  ] (STDOUT, APP/TASK/deploy)#
#2026 05 08 03:51:35.337#Z#DEBUG#196a5c01-4a91-11f1-8594-eeee0a955217.Loja-db-deployer#flowable-async-job-executor-thread-16216#
[PollStageAppStatusExecution] 540913b5-ee82-43db-a33d-eb5577322406 [2026-05-08T03:47:25.985172] Detection of HDI version failed; root cause: Could not connect to any host: [ eaff8753-1771-4da6-a1a7-1f979574194f.hna1.prod-us10.hanacloud.ondemand.com:443 -  ] (STDOUT, APP/TASK/deploy)#
#2026 05 08 03:51:35.337#Z#DEBUG#196a5c01-4a91-11f1-8594-eeee0a955217.Loja-db-deployer#flowable-async-job-executor-thread-16216#
[PollStageAppStatusExecution] 540913b5-ee82-43db-a33d-eb5577322406 [2026-05-08T03:47:25.985533] Deployment ended at 2026-05-08 03:47:25 (STDOUT, APP/TASK/deploy)#
#2026 05 08 03:51:35.337#Z#DEBUG#196a5c01-4a91-11f1-8594-eeee0a955217.Loja-db-deployer#flowable-async-job-executor-thread-16216#
[PollStageAppStatusExecution] 540913b5-ee82-43db-a33d-eb5577322406 [2026-05-08T03:47:25.985658] Error: Option parameter is not supported by the server; based on detected server version unknown (STDERR, APP/TASK/deploy)#
#2026 05 08 03:51:35.337#Z#DEBUG#196a5c01-4a91-11f1-8594-eeee0a955217.Loja-db-deployer#flowable-async-job-executor-thread-16216#
[PollStageAppStatusExecution] 540913b5-ee82-43db-a33d-eb5577322406 [2026-05-08T03:47:25.985976] (6s 164ms) (STDOUT, APP/TASK/deploy)#
#2026 05 08 03:51:35.337#Z#DEBUG#196a5c01-4a91-11f1-8594-eeee0a955217.Loja-db-deployer#flowable-async-job-executor-thread-16216#
[PollStageAppStatusExecution] 540913b5-ee82-43db-a33d-eb5577322406 [2026-05-08T03:47:26.050953] Exit status 1 (STDOUT, APP/TASK/deploy)#
#2026 05 08 03:51:35.337#Z#DEBUG#196a5c01-4a91-11f1-8594-eeee0a955217.Loja-db-deployer#flowable-async-job-executor-thread-16216#
[PollStageAppStatusExecution] 540913b5-ee82-43db-a33d-eb5577322406 [2026-05-08T03:47:26.607153] Cell 77283d80-dfa7-40ba-ba4e-265aef112085 stopping instance c286cbc0-9015-40a3-bf7b-2d3ba0e27768 (STDOUT, CELL)#
#2026 05 08 03:51:35.337#Z#DEBUG#196a5c01-4a91-11f1-8594-eeee0a955217.Loja-db-deployer#flowable-async-job-executor-thread-16216#
[PollStageAppStatusExecution] 540913b5-ee82-43db-a33d-eb5577322406 [2026-05-08T03:47:26.607200] Cell 77283d80-dfa7-40ba-ba4e-265aef112085 destroying container for instance c286cbc0-9015-40a3-bf7b-2d3ba0e27768 (STDOUT, CELL)#
#2026 05 08 03:51:35.337#Z#DEBUG#196a5c01-4a91-11f1-8594-eeee0a955217.Loja-db-deployer#flowable-async-job-executor-thread-16216#
[PollStageAppStatusExecution] 540913b5-ee82-43db-a33d-eb5577322406 [2026-05-08T03:47:28.869731] Cell 77283d80-dfa7-40ba-ba4e-265aef112085 successfully destroyed container for instance c286cbc0-9015-40a3-bf7b-2d3ba0e27768 (STDOUT, CELL)#
#2026 05 08 03:51:35.337#Z#DEBUG#196a5c01-4a91-11f1-8594-eeee0a955217.Loja-db-deployer#flowable-async-job-executor-thread-16216#
[PollStageAppStatusExecution] 540913b5-ee82-43db-a33d-eb5577322406 [2026-05-08T03:51:05.881334] Updated app with guid 540913b5-ee82-43db-a33d-eb5577322406 ({"lifecycle"=>{"data"=>{"buildpacks"=>["nodejs_buildpack"]}, "type"=>"buildpack"}}) (STDOUT, API)#
#2026 05 08 03:51:35.337#Z#DEBUG#196a5c01-4a91-11f1-8594-eeee0a955217.Loja-db-deployer#flowable-async-job-executor-thread-16216#
[PollStageAppStatusExecution] 540913b5-ee82-43db-a33d-eb5577322406 [2026-05-08T03:51:05.963966] Updating process: "web" (STDOUT, API)#
#2026 05 08 03:51:35.337#Z#DEBUG#196a5c01-4a91-11f1-8594-eeee0a955217.Loja-db-deployer#flowable-async-job-executor-thread-16216#
[PollStageAppStatusExecution] 540913b5-ee82-43db-a33d-eb5577322406 [2026-05-08T03:51:15.361955] Uploading app package for app with guid 540913b5-ee82-43db-a33d-eb5577322406 (STDOUT, API)#
#2026 05 08 03:51:35.337#Z#DEBUG#196a5c01-4a91-11f1-8594-eeee0a955217.Loja-db-deployer#flowable-async-job-executor-thread-16216#
[PollStageAppStatusExecution] 540913b5-ee82-43db-a33d-eb5577322406 [2026-05-08T03:51:15.544249] Updated app with guid 540913b5-ee82-43db-a33d-eb5577322406 ({"environment_variables"=>"[PRIVATE DATA HIDDEN]"}) (STDOUT, API)#
#2026 05 08 03:51:35.337#Z#DEBUG#196a5c01-4a91-11f1-8594-eeee0a955217.Loja-db-deployer#flowable-async-job-executor-thread-16216#
[PollStageAppStatusExecution] 540913b5-ee82-43db-a33d-eb5577322406 [2026-05-08T03:51:25.559632] Creating build for app with guid 540913b5-ee82-43db-a33d-eb5577322406 (STDOUT, API)#
#2026 05 08 03:51:35.337#Z#DEBUG#196a5c01-4a91-11f1-8594-eeee0a955217.Loja-db-deployer#flowable-async-job-executor-thread-16216#
[PollStageAppStatusExecution] 540913b5-ee82-43db-a33d-eb5577322406 [2026-05-08T03:51:26.026643] Downloading nodejs_buildpack... (STDOUT, STG)#
#2026 05 08 03:51:35.337#Z#DEBUG#196a5c01-4a91-11f1-8594-eeee0a955217.Loja-db-deployer#flowable-async-job-executor-thread-16216#
[PollStageAppStatusExecution] 540913b5-ee82-43db-a33d-eb5577322406 [2026-05-08T03:51:26.072172] Downloaded nodejs_buildpack (STDOUT, STG)#
#2026 05 08 03:51:35.337#Z#DEBUG#196a5c01-4a91-11f1-8594-eeee0a955217.Loja-db-deployer#flowable-async-job-executor-thread-16216#
[PollStageAppStatusExecution] 540913b5-ee82-43db-a33d-eb5577322406 [2026-05-08T03:51:26.072226] Cell d1cc041a-d5a1-41d6-b9f6-6cda736ce3f0 creating container for instance 9cf43bfe-ca15-4300-b21e-5d126d5e447d (STDOUT, STG)#
#2026 05 08 03:51:35.337#Z#DEBUG#196a5c01-4a91-11f1-8594-eeee0a955217.Loja-db-deployer#flowable-async-job-executor-thread-16216#
[PollStageAppStatusExecution] 540913b5-ee82-43db-a33d-eb5577322406 [2026-05-08T03:51:26.429447] Security group rules were updated (STDOUT, STG)#
#2026 05 08 03:51:35.337#Z#DEBUG#196a5c01-4a91-11f1-8594-eeee0a955217.Loja-db-deployer#flowable-async-job-executor-thread-16216#
[PollStageAppStatusExecution] 540913b5-ee82-43db-a33d-eb5577322406 [2026-05-08T03:51:26.491118] Cell d1cc041a-d5a1-41d6-b9f6-6cda736ce3f0 successfully created container for instance 9cf43bfe-ca15-4300-b21e-5d126d5e447d (STDOUT, STG)#
#2026 05 08 03:51:35.337#Z#DEBUG#196a5c01-4a91-11f1-8594-eeee0a955217.Loja-db-deployer#flowable-async-job-executor-thread-16216#
[PollStageAppStatusExecution] 540913b5-ee82-43db-a33d-eb5577322406 [2026-05-08T03:51:26.988781] Downloading app package... (STDOUT, STG)#
#2026 05 08 03:51:35.337#Z#DEBUG#196a5c01-4a91-11f1-8594-eeee0a955217.Loja-db-deployer#flowable-async-job-executor-thread-16216#
[PollStageAppStatusExecution] 540913b5-ee82-43db-a33d-eb5577322406 [2026-05-08T03:51:26.988786] Downloading build artifacts cache... (STDOUT, STG)#
#2026 05 08 03:51:35.337#Z#DEBUG#196a5c01-4a91-11f1-8594-eeee0a955217.Loja-db-deployer#flowable-async-job-executor-thread-16216#
[PollStageAppStatusExecution] 540913b5-ee82-43db-a33d-eb5577322406 [2026-05-08T03:51:27.089306] Downloaded build artifacts cache (225B) (STDOUT, STG)#
#2026 05 08 03:51:35.337#Z#DEBUG#196a5c01-4a91-11f1-8594-eeee0a955217.Loja-db-deployer#flowable-async-job-executor-thread-16216#
[PollStageAppStatusExecution] 540913b5-ee82-43db-a33d-eb5577322406 [2026-05-08T03:51:27.237014] Downloaded app package (2.3M) (STDOUT, STG)#
#2026 05 08 03:51:35.337#Z#DEBUG#196a5c01-4a91-11f1-8594-eeee0a955217.Loja-db-deployer#flowable-async-job-executor-thread-16216#
[PollStageAppStatusExecution] 540913b5-ee82-43db-a33d-eb5577322406 [2026-05-08T03:51:27.297598] -----> Nodejs Buildpack version 1.8.44 (STDOUT, STG)#
#2026 05 08 03:51:35.337#Z#DEBUG#196a5c01-4a91-11f1-8594-eeee0a955217.Loja-db-deployer#flowable-async-job-executor-thread-16216#
[PollStageAppStatusExecution] 540913b5-ee82-43db-a33d-eb5577322406 [2026-05-08T03:51:27.368974] -----> Bootstrapping python (STDOUT, STG)#
#2026 05 08 03:51:35.337#Z#DEBUG#196a5c01-4a91-11f1-8594-eeee0a955217.Loja-db-deployer#flowable-async-job-executor-thread-16216#
[PollStageAppStatusExecution] 540913b5-ee82-43db-a33d-eb5577322406 [2026-05-08T03:51:27.369007] -----> Installing python 3.11.14 (STDOUT, STG)#
#2026 05 08 03:51:35.337#Z#DEBUG#196a5c01-4a91-11f1-8594-eeee0a955217.Loja-db-deployer#flowable-async-job-executor-thread-16216#
[PollStageAppStatusExecution] 540913b5-ee82-43db-a33d-eb5577322406 [2026-05-08T03:51:27.369039] Copy [/tmp/buildpacks/978cee5ec9c58000/dependencies/b5e0345ae0ae1932e7d56fffaa49a487/python_3.11.14_linux_x64_cflinuxfs4_66f53248.tgz] (STDOUT, STG)#
#2026 05 08 03:51:35.337#Z#DEBUG#196a5c01-4a91-11f1-8594-eeee0a955217.Loja-db-deployer#flowable-async-job-executor-thread-16216#
[PollStageAppStatusExecution] 540913b5-ee82-43db-a33d-eb5577322406 [2026-05-08T03:51:30.477999] -----> Installing binaries (STDOUT, STG)#
#2026 05 08 03:51:35.337#Z#DEBUG#196a5c01-4a91-11f1-8594-eeee0a955217.Loja-db-deployer#flowable-async-job-executor-thread-16216#
[PollStageAppStatusExecution] 540913b5-ee82-43db-a33d-eb5577322406 [2026-05-08T03:51:30.478054] engines.node (package.json): >=18 (STDOUT, STG)#
#2026 05 08 03:51:35.337#Z#DEBUG#196a5c01-4a91-11f1-8594-eeee0a955217.Loja-db-deployer#flowable-async-job-executor-thread-16216#
[PollStageAppStatusExecution] 540913b5-ee82-43db-a33d-eb5577322406 [2026-05-08T03:51:30.478060] engines.npm (package.json): unspecified (use default) (STDOUT, STG)#
#2026 05 08 03:51:35.337#Z#DEBUG#196a5c01-4a91-11f1-8594-eeee0a955217.Loja-db-deployer#flowable-async-job-executor-thread-16216#
[PollStageAppStatusExecution] 540913b5-ee82-43db-a33d-eb5577322406 [2026-05-08T03:51:30.478066] [31;1m**WARNING**[0m Dangerous semver range (>) in engines.node. See: http://docs.cloudfoundry.org/buildpacks/node/node-tips.html (STDOUT, STG)#
#2026 05 08 03:51:35.337#Z#DEBUG#196a5c01-4a91-11f1-8594-eeee0a955217.Loja-db-deployer#flowable-async-job-executor-thread-16216#
[PollStageAppStatusExecution] 540913b5-ee82-43db-a33d-eb5577322406 [2026-05-08T03:51:30.478086] -----> Installing node 24.13.0 (STDOUT, STG)#
#2026 05 08 03:51:35.337#Z#DEBUG#196a5c01-4a91-11f1-8594-eeee0a955217.Loja-db-deployer#flowable-async-job-executor-thread-16216#
[PollStageAppStatusExecution] 540913b5-ee82-43db-a33d-eb5577322406 [2026-05-08T03:51:30.478229] Copy [/tmp/buildpacks/978cee5ec9c58000/dependencies/2f5692219fecc3eee6e6d507a6bfe7b9/node_24.13.0_linux_x64_cflinuxfs4_a816dee1.tgz] (STDOUT, STG)#
#2026 05 08 03:51:35.337#Z#DEBUG#196a5c01-4a91-11f1-8594-eeee0a955217.Loja-db-deployer#flowable-async-job-executor-thread-16216#
[PollStageAppStatusExecution] 540913b5-ee82-43db-a33d-eb5577322406 [2026-05-08T03:51:32.403176] Using default npm version: 11.6.2 (STDOUT, STG)#
#2026 05 08 03:51:35.337#Z#DEBUG#196a5c01-4a91-11f1-8594-eeee0a955217.Loja-db-deployer#flowable-async-job-executor-thread-16216#
[PollStageAppStatusExecution] 540913b5-ee82-43db-a33d-eb5577322406 [2026-05-08T03:51:32.403195] -----> Installing yarn 1.22.22 (STDOUT, STG)#
#2026 05 08 03:51:35.337#Z#DEBUG#196a5c01-4a91-11f1-8594-eeee0a955217.Loja-db-deployer#flowable-async-job-executor-thread-16216#
[PollStageAppStatusExecution] 540913b5-ee82-43db-a33d-eb5577322406 [2026-05-08T03:51:32.403360] Copy [/tmp/buildpacks/978cee5ec9c58000/dependencies/e3a39aedd1236924d69cc2d0637a8ed2/yarn_1.22.22_linux_noarch_any-stack_4911d0a6.tgz] (STDOUT, STG)#
#2026 05 08 03:51:35.337#Z#DEBUG#196a5c01-4a91-11f1-8594-eeee0a955217.Loja-db-deployer#flowable-async-job-executor-thread-16216#
[PollStageAppStatusExecution] 540913b5-ee82-43db-a33d-eb5577322406 [2026-05-08T03:51:32.662019] Installed yarn 1.22.22 (STDOUT, STG)#
#2026 05 08 03:51:35.337#Z#DEBUG#196a5c01-4a91-11f1-8594-eeee0a955217.Loja-db-deployer#flowable-async-job-executor-thread-16216#
[PollStageAppStatusExecution] 540913b5-ee82-43db-a33d-eb5577322406 [2026-05-08T03:51:32.662040] -----> Creating runtime environment (STDOUT, STG)#
#2026 05 08 03:51:35.337#Z#DEBUG#196a5c01-4a91-11f1-8594-eeee0a955217.Loja-db-deployer#flowable-async-job-executor-thread-16216#
[PollStageAppStatusExecution] 540913b5-ee82-43db-a33d-eb5577322406 [2026-05-08T03:51:32.663592] NODE_ENV=production (STDOUT, STG)#
#2026 05 08 03:51:35.337#Z#DEBUG#196a5c01-4a91-11f1-8594-eeee0a955217.Loja-db-deployer#flowable-async-job-executor-thread-16216#
[PollStageAppStatusExecution] 540913b5-ee82-43db-a33d-eb5577322406 [2026-05-08T03:51:32.663606] NODE_HOME=/tmp/contents1564902381/deps/0/node (STDOUT, STG)#
#2026 05 08 03:51:35.337#Z#DEBUG#196a5c01-4a91-11f1-8594-eeee0a955217.Loja-db-deployer#flowable-async-job-executor-thread-16216#
[PollStageAppStatusExecution] 540913b5-ee82-43db-a33d-eb5577322406 [2026-05-08T03:51:32.663609] NODE_MODULES_CACHE=true (STDOUT, STG)#
#2026 05 08 03:51:35.337#Z#DEBUG#196a5c01-4a91-11f1-8594-eeee0a955217.Loja-db-deployer#flowable-async-job-executor-thread-16216#
[PollStageAppStatusExecution] 540913b5-ee82-43db-a33d-eb5577322406 [2026-05-08T03:51:32.663612] NODE_VERBOSE=false (STDOUT, STG)#
#2026 05 08 03:51:35.337#Z#DEBUG#196a5c01-4a91-11f1-8594-eeee0a955217.Loja-db-deployer#flowable-async-job-executor-thread-16216#
[PollStageAppStatusExecution] 540913b5-ee82-43db-a33d-eb5577322406 [2026-05-08T03:51:32.663614] NPM_CONFIG_LOGLEVEL=error (STDOUT, STG)#
#2026 05 08 03:51:35.337#Z#DEBUG#196a5c01-4a91-11f1-8594-eeee0a955217.Loja-db-deployer#flowable-async-job-executor-thread-16216#
[PollStageAppStatusExecution] 540913b5-ee82-43db-a33d-eb5577322406 [2026-05-08T03:51:32.663616] NPM_CONFIG_PRODUCTION=true (STDOUT, STG)#
#2026 05 08 03:51:35.337#Z#DEBUG#196a5c01-4a91-11f1-8594-eeee0a955217.Loja-db-deployer#flowable-async-job-executor-thread-16216#
[PollStageAppStatusExecution] 540913b5-ee82-43db-a33d-eb5577322406 [2026-05-08T03:51:32.663659] -----> Building dependencies (STDOUT, STG)#
#2026 05 08 03:51:35.337#Z#DEBUG#196a5c01-4a91-11f1-8594-eeee0a955217.Loja-db-deployer#flowable-async-job-executor-thread-16216#
[PollStageAppStatusExecution] 540913b5-ee82-43db-a33d-eb5577322406 [2026-05-08T03:51:32.663662] Prebuild detected (node_modules already exists) (STDOUT, STG)#
#2026 05 08 03:51:35.337#Z#DEBUG#196a5c01-4a91-11f1-8594-eeee0a955217.Loja-db-deployer#flowable-async-job-executor-thread-16216#
[PollStageAppStatusExecution] 540913b5-ee82-43db-a33d-eb5577322406 [2026-05-08T03:51:32.663681] Rebuilding any native modules (STDOUT, STG)#
#2026 05 08 03:51:35.337#Z#DEBUG#196a5c01-4a91-11f1-8594-eeee0a955217.Loja-db-deployer#flowable-async-job-executor-thread-16216#
[PollStageAppStatusExecution] 540913b5-ee82-43db-a33d-eb5577322406 [2026-05-08T03:51:33.059691] rebuilt dependencies successfully (STDOUT, STG)#
#2026 05 08 03:51:35.337#Z#DEBUG#196a5c01-4a91-11f1-8594-eeee0a955217.Loja-db-deployer#flowable-async-job-executor-thread-16216#
[PollStageAppStatusExecution] 540913b5-ee82-43db-a33d-eb5577322406 [2026-05-08T03:51:33.114028] Installing any new modules (package.json + package-lock.json) (STDOUT, STG)#
#2026 05 08 03:51:35.337#Z#DEBUG#196a5c01-4a91-11f1-8594-eeee0a955217.Loja-db-deployer#flowable-async-job-executor-thread-16216#
[PollStageAppStatusExecution] 540913b5-ee82-43db-a33d-eb5577322406 [2026-05-08T03:51:33.463625] up to date in 288ms (STDOUT, STG)#
#2026 05 08 03:51:35.337#Z#DEBUG#196a5c01-4a91-11f1-8594-eeee0a955217.Loja-db-deployer#flowable-async-job-executor-thread-16216#
[PollStageAppStatusExecution] 540913b5-ee82-43db-a33d-eb5577322406 [2026-05-08T03:51:33.463827] 4 packages are looking for funding (STDOUT, STG)#
#2026 05 08 03:51:35.337#Z#DEBUG#196a5c01-4a91-11f1-8594-eeee0a955217.Loja-db-deployer#flowable-async-job-executor-thread-16216#
[PollStageAppStatusExecution] 540913b5-ee82-43db-a33d-eb5577322406 [2026-05-08T03:51:33.463988] run `npm fund` for details (STDOUT, STG)#
#2026 05 08 03:51:35.337#Z#DEBUG#196a5c01-4a91-11f1-8594-eeee0a955217.Loja-db-deployer#flowable-async-job-executor-thread-16216#
[PollStageAppStatusExecution] 540913b5-ee82-43db-a33d-eb5577322406 [2026-05-08T03:51:33.871120] Contrast Security no credentials found. Will not write environment files. (STDOUT, STG)#
#2026 05 08 03:51:45.368#Z#DEBUG#196a5c01-4a91-11f1-8594-eeee0a955217.Loja-db-deployer#flowable-async-job-executor-thread-16222#
[PollStageAppStatusExecution] 540913b5-ee82-43db-a33d-eb5577322406 [2026-05-08T03:51:41.395406] Exit status 0 (STDOUT, STG)#
#2026 05 08 03:51:45.368#Z#DEBUG#196a5c01-4a91-11f1-8594-eeee0a955217.Loja-db-deployer#flowable-async-job-executor-thread-16222#
[PollStageAppStatusExecution] 540913b5-ee82-43db-a33d-eb5577322406 [2026-05-08T03:51:41.395484] Uploading droplet, build artifacts cache... (STDOUT, STG)#
#2026 05 08 03:51:45.368#Z#DEBUG#196a5c01-4a91-11f1-8594-eeee0a955217.Loja-db-deployer#flowable-async-job-executor-thread-16222#
[PollStageAppStatusExecution] 540913b5-ee82-43db-a33d-eb5577322406 [2026-05-08T03:51:41.395564] Uploading droplet... (STDOUT, STG)#
#2026 05 08 03:51:45.368#Z#DEBUG#196a5c01-4a91-11f1-8594-eeee0a955217.Loja-db-deployer#flowable-async-job-executor-thread-16222#
[PollStageAppStatusExecution] 540913b5-ee82-43db-a33d-eb5577322406 [2026-05-08T03:51:41.395578] Uploading build artifacts cache... (STDOUT, STG)#
#2026 05 08 03:51:45.368#Z#DEBUG#196a5c01-4a91-11f1-8594-eeee0a955217.Loja-db-deployer#flowable-async-job-executor-thread-16222#
[PollStageAppStatusExecution] 540913b5-ee82-43db-a33d-eb5577322406 [2026-05-08T03:51:41.411045] Uploaded build artifacts cache (225B) (STDOUT, STG)#
#2026 05 08 03:51:45.368#Z#DEBUG#196a5c01-4a91-11f1-8594-eeee0a955217.Loja-db-deployer#flowable-async-job-executor-thread-16222#
[PollStageAppStatusExecution] 540913b5-ee82-43db-a33d-eb5577322406 [2026-05-08T03:51:41.968264] Creating droplet for app with guid 540913b5-ee82-43db-a33d-eb5577322406 (STDOUT, API)#
#2026 05 08 03:51:55.461#Z#DEBUG#196a5c01-4a91-11f1-8594-eeee0a955217.Loja-db-deployer#flowable-async-job-executor-thread-15799#
[PollStageAppStatusExecution] 540913b5-ee82-43db-a33d-eb5577322406 [2026-05-08T03:51:46.033866] Uploaded droplet (58.4M) (STDOUT, STG)#
#2026 05 08 03:51:55.461#Z#DEBUG#196a5c01-4a91-11f1-8594-eeee0a955217.Loja-db-deployer#flowable-async-job-executor-thread-15799#
[PollStageAppStatusExecution] 540913b5-ee82-43db-a33d-eb5577322406 [2026-05-08T03:51:46.048248] Uploading complete (STDOUT, STG)#
#2026 05 08 03:51:55.461#Z#DEBUG#196a5c01-4a91-11f1-8594-eeee0a955217.Loja-db-deployer#flowable-async-job-executor-thread-15799#
[PollStageAppStatusExecution] 540913b5-ee82-43db-a33d-eb5577322406 [2026-05-08T03:51:46.770356] Cell d1cc041a-d5a1-41d6-b9f6-6cda736ce3f0 stopping instance 9cf43bfe-ca15-4300-b21e-5d126d5e447d (STDOUT, STG)#
#2026 05 08 03:51:55.461#Z#DEBUG#196a5c01-4a91-11f1-8594-eeee0a955217.Loja-db-deployer#flowable-async-job-executor-thread-15799#
[PollStageAppStatusExecution] 540913b5-ee82-43db-a33d-eb5577322406 [2026-05-08T03:51:46.770384] Cell d1cc041a-d5a1-41d6-b9f6-6cda736ce3f0 destroying container for instance 9cf43bfe-ca15-4300-b21e-5d126d5e447d (STDOUT, STG)#
#2026 05 08 03:51:55.461#Z#DEBUG#196a5c01-4a91-11f1-8594-eeee0a955217.Loja-db-deployer#flowable-async-job-executor-thread-15799#
[PollStageAppStatusExecution] 540913b5-ee82-43db-a33d-eb5577322406 [2026-05-08T03:51:46.818552] Staging complete for build 9cf43bfe-ca15-4300-b21e-5d126d5e447d (STDOUT, API)#
#2026 05 08 03:51:55.461#Z#DEBUG#196a5c01-4a91-11f1-8594-eeee0a955217.Loja-db-deployer#flowable-async-job-executor-thread-15799#
[PollStageAppStatusExecution] 540913b5-ee82-43db-a33d-eb5577322406 [2026-05-08T03:51:48.703525] Cell d1cc041a-d5a1-41d6-b9f6-6cda736ce3f0 successfully destroyed container for instance 9cf43bfe-ca15-4300-b21e-5d126d5e447d (STDOUT, STG)#
#2026 05 08 03:52:05.571#Z#DEBUG#196a5c01-4a91-11f1-8594-eeee0a955217.Loja-db-deployer#flowable-async-job-executor-thread-15805#
[PollExecuteTaskStatusExecution] 540913b5-ee82-43db-a33d-eb5577322406 [2026-05-08T03:42:03.459220] Updated app with guid 540913b5-ee82-43db-a33d-eb5577322406 ({"lifecycle"=>{"data"=>{"buildpacks"=>["nodejs_buildpack"]}, "type"=>"buildpack"}}) (STDOUT, API)#
#2026 05 08 03:52:05.571#Z#DEBUG#196a5c01-4a91-11f1-8594-eeee0a955217.Loja-db-deployer#flowable-async-job-executor-thread-15805#
[PollExecuteTaskStatusExecution] 540913b5-ee82-43db-a33d-eb5577322406 [2026-05-08T03:42:03.550614] Updating process: "web" (STDOUT, API)#
#2026 05 08 03:52:05.571#Z#DEBUG#196a5c01-4a91-11f1-8594-eeee0a955217.Loja-db-deployer#flowable-async-job-executor-thread-15805#
[PollExecuteTaskStatusExecution] 540913b5-ee82-43db-a33d-eb5577322406 [2026-05-08T03:42:12.237066] Uploading app package for app with guid 540913b5-ee82-43db-a33d-eb5577322406 (STDOUT, API)#
#2026 05 08 03:52:05.571#Z#DEBUG#196a5c01-4a91-11f1-8594-eeee0a955217.Loja-db-deployer#flowable-async-job-executor-thread-15805#
[PollExecuteTaskStatusExecution] 540913b5-ee82-43db-a33d-eb5577322406 [2026-05-08T03:42:12.480877] Updated app with guid 540913b5-ee82-43db-a33d-eb5577322406 ({"environment_variables"=>"[PRIVATE DATA HIDDEN]"}) (STDOUT, API)#
#2026 05 08 03:52:05.571#Z#DEBUG#196a5c01-4a91-11f1-8594-eeee0a955217.Loja-db-deployer#flowable-async-job-executor-thread-15805#
[PollExecuteTaskStatusExecution] 540913b5-ee82-43db-a33d-eb5577322406 [2026-05-08T03:42:22.113045] Creating build for app with guid 540913b5-ee82-43db-a33d-eb5577322406 (STDOUT, API)#
#2026 05 08 03:52:05.571#Z#DEBUG#196a5c01-4a91-11f1-8594-eeee0a955217.Loja-db-deployer#flowable-async-job-executor-thread-15805#
[PollExecuteTaskStatusExecution] 540913b5-ee82-43db-a33d-eb5577322406 [2026-05-08T03:42:22.511707] Downloading nodejs_buildpack... (STDOUT, STG)#
#2026 05 08 03:52:05.571#Z#DEBUG#196a5c01-4a91-11f1-8594-eeee0a955217.Loja-db-deployer#flowable-async-job-executor-thread-15805#
[PollExecuteTaskStatusExecution] 540913b5-ee82-43db-a33d-eb5577322406 [2026-05-08T03:42:22.557815] Downloaded nodejs_buildpack (STDOUT, STG)#
#2026 05 08 03:52:05.571#Z#DEBUG#196a5c01-4a91-11f1-8594-eeee0a955217.Loja-db-deployer#flowable-async-job-executor-thread-15805#
[PollExecuteTaskStatusExecution] 540913b5-ee82-43db-a33d-eb5577322406 [2026-05-08T03:42:22.557917] Cell 77283d80-dfa7-40ba-ba4e-265aef112085 creating container for instance e4ad7a2d-da18-40f9-9e06-30927c62f477 (STDOUT, STG)#
#2026 05 08 03:52:05.571#Z#DEBUG#196a5c01-4a91-11f1-8594-eeee0a955217.Loja-db-deployer#flowable-async-job-executor-thread-15805#
[PollExecuteTaskStatusExecution] 540913b5-ee82-43db-a33d-eb5577322406 [2026-05-08T03:42:22.903247] Security group rules were updated (STDOUT, STG)#
#2026 05 08 03:52:05.571#Z#DEBUG#196a5c01-4a91-11f1-8594-eeee0a955217.Loja-db-deployer#flowable-async-job-executor-thread-15805#
[PollExecuteTaskStatusExecution] 540913b5-ee82-43db-a33d-eb5577322406 [2026-05-08T03:42:22.961310] Cell 77283d80-dfa7-40ba-ba4e-265aef112085 successfully created container for instance e4ad7a2d-da18-40f9-9e06-30927c62f477 (STDOUT, STG)#
#2026 05 08 03:52:05.571#Z#DEBUG#196a5c01-4a91-11f1-8594-eeee0a955217.Loja-db-deployer#flowable-async-job-executor-thread-15805#
[PollExecuteTaskStatusExecution] 540913b5-ee82-43db-a33d-eb5577322406 [2026-05-08T03:42:23.758075] Downloading build artifacts cache... (STDOUT, STG)#
#2026 05 08 03:52:05.571#Z#DEBUG#196a5c01-4a91-11f1-8594-eeee0a955217.Loja-db-deployer#flowable-async-job-executor-thread-15805#
[PollExecuteTaskStatusExecution] 540913b5-ee82-43db-a33d-eb5577322406 [2026-05-08T03:42:23.758076] Downloading app package... (STDOUT, STG)#
#2026 05 08 03:52:05.571#Z#DEBUG#196a5c01-4a91-11f1-8594-eeee0a955217.Loja-db-deployer#flowable-async-job-executor-thread-15805#
[PollExecuteTaskStatusExecution] 540913b5-ee82-43db-a33d-eb5577322406 [2026-05-08T03:42:23.855399] Downloaded build artifacts cache (226B) (STDOUT, STG)#
#2026 05 08 03:52:05.571#Z#DEBUG#196a5c01-4a91-11f1-8594-eeee0a955217.Loja-db-deployer#flowable-async-job-executor-thread-15805#
[PollExecuteTaskStatusExecution] 540913b5-ee82-43db-a33d-eb5577322406 [2026-05-08T03:42:23.994851] Downloaded app package (2.3M) (STDOUT, STG)#
#2026 05 08 03:52:05.571#Z#DEBUG#196a5c01-4a91-11f1-8594-eeee0a955217.Loja-db-deployer#flowable-async-job-executor-thread-15805#
[PollExecuteTaskStatusExecution] 540913b5-ee82-43db-a33d-eb5577322406 [2026-05-08T03:42:24.053146] -----> Nodejs Buildpack version 1.8.44 (STDOUT, STG)#
#2026 05 08 03:52:05.571#Z#DEBUG#196a5c01-4a91-11f1-8594-eeee0a955217.Loja-db-deployer#flowable-async-job-executor-thread-15805#
[PollExecuteTaskStatusExecution] 540913b5-ee82-43db-a33d-eb5577322406 [2026-05-08T03:42:24.126058] -----> Bootstrapping python (STDOUT, STG)#
#2026 05 08 03:52:05.571#Z#DEBUG#196a5c01-4a91-11f1-8594-eeee0a955217.Loja-db-deployer#flowable-async-job-executor-thread-15805#
[PollExecuteTaskStatusExecution] 540913b5-ee82-43db-a33d-eb5577322406 [2026-05-08T03:42:24.126082] -----> Installing python 3.11.14 (STDOUT, STG)#
#2026 05 08 03:52:05.571#Z#DEBUG#196a5c01-4a91-11f1-8594-eeee0a955217.Loja-db-deployer#flowable-async-job-executor-thread-15805#
[PollExecuteTaskStatusExecution] 540913b5-ee82-43db-a33d-eb5577322406 [2026-05-08T03:42:24.126184] Copy [/tmp/buildpacks/978cee5ec9c58000/dependencies/b5e0345ae0ae1932e7d56fffaa49a487/python_3.11.14_linux_x64_cflinuxfs4_66f53248.tgz] (STDOUT, STG)#
#2026 05 08 03:52:05.571#Z#DEBUG#196a5c01-4a91-11f1-8594-eeee0a955217.Loja-db-deployer#flowable-async-job-executor-thread-15805#
[PollExecuteTaskStatusExecution] 540913b5-ee82-43db-a33d-eb5577322406 [2026-05-08T03:42:26.976900] -----> Installing binaries (STDOUT, STG)#
#2026 05 08 03:52:05.571#Z#DEBUG#196a5c01-4a91-11f1-8594-eeee0a955217.Loja-db-deployer#flowable-async-job-executor-thread-15805#
[PollExecuteTaskStatusExecution] 540913b5-ee82-43db-a33d-eb5577322406 [2026-05-08T03:42:26.976938] engines.node (package.json): >=18 (STDOUT, STG)#
#2026 05 08 03:52:05.571#Z#DEBUG#196a5c01-4a91-11f1-8594-eeee0a955217.Loja-db-deployer#flowable-async-job-executor-thread-15805#
[PollExecuteTaskStatusExecution] 540913b5-ee82-43db-a33d-eb5577322406 [2026-05-08T03:42:26.976943] engines.npm (package.json): unspecified (use default) (STDOUT, STG)#
#2026 05 08 03:52:05.571#Z#DEBUG#196a5c01-4a91-11f1-8594-eeee0a955217.Loja-db-deployer#flowable-async-job-executor-thread-15805#
[PollExecuteTaskStatusExecution] 540913b5-ee82-43db-a33d-eb5577322406 [2026-05-08T03:42:26.976950] [31;1m**WARNING**[0m Dangerous semver range (>) in engines.node. See: http://docs.cloudfoundry.org/buildpacks/node/node-tips.html (STDOUT, STG)#
#2026 05 08 03:52:05.571#Z#DEBUG#196a5c01-4a91-11f1-8594-eeee0a955217.Loja-db-deployer#flowable-async-job-executor-thread-15805#
[PollExecuteTaskStatusExecution] 540913b5-ee82-43db-a33d-eb5577322406 [2026-05-08T03:42:26.977057] -----> Installing node 24.13.0 (STDOUT, STG)#
#2026 05 08 03:52:05.571#Z#DEBUG#196a5c01-4a91-11f1-8594-eeee0a955217.Loja-db-deployer#flowable-async-job-executor-thread-15805#
[PollExecuteTaskStatusExecution] 540913b5-ee82-43db-a33d-eb5577322406 [2026-05-08T03:42:26.977150] Copy [/tmp/buildpacks/978cee5ec9c58000/dependencies/2f5692219fecc3eee6e6d507a6bfe7b9/node_24.13.0_linux_x64_cflinuxfs4_a816dee1.tgz] (STDOUT, STG)#
#2026 05 08 03:52:05.571#Z#DEBUG#196a5c01-4a91-11f1-8594-eeee0a955217.Loja-db-deployer#flowable-async-job-executor-thread-15805#
[PollExecuteTaskStatusExecution] 540913b5-ee82-43db-a33d-eb5577322406 [2026-05-08T03:42:28.739155] Using default npm version: 11.6.2 (STDOUT, STG)#
#2026 05 08 03:52:05.571#Z#DEBUG#196a5c01-4a91-11f1-8594-eeee0a955217.Loja-db-deployer#flowable-async-job-executor-thread-15805#
[PollExecuteTaskStatusExecution] 540913b5-ee82-43db-a33d-eb5577322406 [2026-05-08T03:42:28.739177] -----> Installing yarn 1.22.22 (STDOUT, STG)#
#2026 05 08 03:52:05.571#Z#DEBUG#196a5c01-4a91-11f1-8594-eeee0a955217.Loja-db-deployer#flowable-async-job-executor-thread-15805#
[PollExecuteTaskStatusExecution] 540913b5-ee82-43db-a33d-eb5577322406 [2026-05-08T03:42:28.739398] Copy [/tmp/buildpacks/978cee5ec9c58000/dependencies/e3a39aedd1236924d69cc2d0637a8ed2/yarn_1.22.22_linux_noarch_any-stack_4911d0a6.tgz] (STDOUT, STG)#
#2026 05 08 03:52:05.571#Z#DEBUG#196a5c01-4a91-11f1-8594-eeee0a955217.Loja-db-deployer#flowable-async-job-executor-thread-15805#
[PollExecuteTaskStatusExecution] 540913b5-ee82-43db-a33d-eb5577322406 [2026-05-08T03:42:28.993907] Installed yarn 1.22.22 (STDOUT, STG)#
#2026 05 08 03:52:05.571#Z#DEBUG#196a5c01-4a91-11f1-8594-eeee0a955217.Loja-db-deployer#flowable-async-job-executor-thread-15805#
[PollExecuteTaskStatusExecution] 540913b5-ee82-43db-a33d-eb5577322406 [2026-05-08T03:42:28.993933] -----> Creating runtime environment (STDOUT, STG)#
#2026 05 08 03:52:05.571#Z#DEBUG#196a5c01-4a91-11f1-8594-eeee0a955217.Loja-db-deployer#flowable-async-job-executor-thread-15805#
[PollExecuteTaskStatusExecution] 540913b5-ee82-43db-a33d-eb5577322406 [2026-05-08T03:42:28.995609] NODE_ENV=production (STDOUT, STG)#
#2026 05 08 03:52:05.571#Z#DEBUG#196a5c01-4a91-11f1-8594-eeee0a955217.Loja-db-deployer#flowable-async-job-executor-thread-15805#
[PollExecuteTaskStatusExecution] 540913b5-ee82-43db-a33d-eb5577322406 [2026-05-08T03:42:28.995634] NODE_HOME=/tmp/contents668996920/deps/0/node (STDOUT, STG)#
#2026 05 08 03:52:05.571#Z#DEBUG#196a5c01-4a91-11f1-8594-eeee0a955217.Loja-db-deployer#flowable-async-job-executor-thread-15805#
[PollExecuteTaskStatusExecution] 540913b5-ee82-43db-a33d-eb5577322406 [2026-05-08T03:42:28.995641] NODE_MODULES_CACHE=true (STDOUT, STG)#
#2026 05 08 03:52:05.571#Z#DEBUG#196a5c01-4a91-11f1-8594-eeee0a955217.Loja-db-deployer#flowable-async-job-executor-thread-15805#
[PollExecuteTaskStatusExecution] 540913b5-ee82-43db-a33d-eb5577322406 [2026-05-08T03:42:28.995643] NODE_VERBOSE=false (STDOUT, STG)#
#2026 05 08 03:52:05.571#Z#DEBUG#196a5c01-4a91-11f1-8594-eeee0a955217.Loja-db-deployer#flowable-async-job-executor-thread-15805#
[PollExecuteTaskStatusExecution] 540913b5-ee82-43db-a33d-eb5577322406 [2026-05-08T03:42:28.995646] NPM_CONFIG_LOGLEVEL=error (STDOUT, STG)#
#2026 05 08 03:52:05.571#Z#DEBUG#196a5c01-4a91-11f1-8594-eeee0a955217.Loja-db-deployer#flowable-async-job-executor-thread-15805#
[PollExecuteTaskStatusExecution] 540913b5-ee82-43db-a33d-eb5577322406 [2026-05-08T03:42:28.995648] NPM_CONFIG_PRODUCTION=true (STDOUT, STG)#
#2026 05 08 03:52:05.571#Z#DEBUG#196a5c01-4a91-11f1-8594-eeee0a955217.Loja-db-deployer#flowable-async-job-executor-thread-15805#
[PollExecuteTaskStatusExecution] 540913b5-ee82-43db-a33d-eb5577322406 [2026-05-08T03:42:28.995662] -----> Building dependencies (STDOUT, STG)#
#2026 05 08 03:52:05.571#Z#DEBUG#196a5c01-4a91-11f1-8594-eeee0a955217.Loja-db-deployer#flowable-async-job-executor-thread-15805#
[PollExecuteTaskStatusExecution] 540913b5-ee82-43db-a33d-eb5577322406 [2026-05-08T03:42:28.995667] Prebuild detected (node_modules already exists) (STDOUT, STG)#
#2026 05 08 03:52:05.571#Z#DEBUG#196a5c01-4a91-11f1-8594-eeee0a955217.Loja-db-deployer#flowable-async-job-executor-thread-15805#
[PollExecuteTaskStatusExecution] 540913b5-ee82-43db-a33d-eb5577322406 [2026-05-08T03:42:28.995670] Rebuilding any native modules (STDOUT, STG)#
#2026 05 08 03:52:05.571#Z#DEBUG#196a5c01-4a91-11f1-8594-eeee0a955217.Loja-db-deployer#flowable-async-job-executor-thread-15805#
[PollExecuteTaskStatusExecution] 540913b5-ee82-43db-a33d-eb5577322406 [2026-05-08T03:42:29.382595] rebuilt dependencies successfully (STDOUT, STG)#
#2026 05 08 03:52:05.571#Z#DEBUG#196a5c01-4a91-11f1-8594-eeee0a955217.Loja-db-deployer#flowable-async-job-executor-thread-15805#
[PollExecuteTaskStatusExecution] 540913b5-ee82-43db-a33d-eb5577322406 [2026-05-08T03:42:29.433181] Installing any new modules (package.json + package-lock.json) (STDOUT, STG)#
#2026 05 08 03:52:05.571#Z#DEBUG#196a5c01-4a91-11f1-8594-eeee0a955217.Loja-db-deployer#flowable-async-job-executor-thread-15805#
[PollExecuteTaskStatusExecution] 540913b5-ee82-43db-a33d-eb5577322406 [2026-05-08T03:42:29.774724] up to date in 277ms (STDOUT, STG)#
#2026 05 08 03:52:05.571#Z#DEBUG#196a5c01-4a91-11f1-8594-eeee0a955217.Loja-db-deployer#flowable-async-job-executor-thread-15805#
[PollExecuteTaskStatusExecution] 540913b5-ee82-43db-a33d-eb5577322406 [2026-05-08T03:42:29.774841] 4 packages are looking for funding (STDOUT, STG)#
#2026 05 08 03:52:05.571#Z#DEBUG#196a5c01-4a91-11f1-8594-eeee0a955217.Loja-db-deployer#flowable-async-job-executor-thread-15805#
[PollExecuteTaskStatusExecution] 540913b5-ee82-43db-a33d-eb5577322406 [2026-05-08T03:42:29.774917] run `npm fund` for details (STDOUT, STG)#
#2026 05 08 03:52:05.571#Z#DEBUG#196a5c01-4a91-11f1-8594-eeee0a955217.Loja-db-deployer#flowable-async-job-executor-thread-15805#
[PollExecuteTaskStatusExecution] 540913b5-ee82-43db-a33d-eb5577322406 [2026-05-08T03:42:30.193339] Contrast Security no credentials found. Will not write environment files. (STDOUT, STG)#
#2026 05 08 03:52:05.571#Z#DEBUG#196a5c01-4a91-11f1-8594-eeee0a955217.Loja-db-deployer#flowable-async-job-executor-thread-15805#
[PollExecuteTaskStatusExecution] 540913b5-ee82-43db-a33d-eb5577322406 [2026-05-08T03:42:37.661860] Exit status 0 (STDOUT, STG)#
#2026 05 08 03:52:05.571#Z#DEBUG#196a5c01-4a91-11f1-8594-eeee0a955217.Loja-db-deployer#flowable-async-job-executor-thread-15805#
[PollExecuteTaskStatusExecution] 540913b5-ee82-43db-a33d-eb5577322406 [2026-05-08T03:42:37.661905] Uploading droplet, build artifacts cache... (STDOUT, STG)#
#2026 05 08 03:52:05.571#Z#DEBUG#196a5c01-4a91-11f1-8594-eeee0a955217.Loja-db-deployer#flowable-async-job-executor-thread-15805#
[PollExecuteTaskStatusExecution] 540913b5-ee82-43db-a33d-eb5577322406 [2026-05-08T03:42:37.661938] Uploading build artifacts cache... (STDOUT, STG)#
#2026 05 08 03:52:05.571#Z#DEBUG#196a5c01-4a91-11f1-8594-eeee0a955217.Loja-db-deployer#flowable-async-job-executor-thread-15805#
[PollExecuteTaskStatusExecution] 540913b5-ee82-43db-a33d-eb5577322406 [2026-05-08T03:42:37.661966] Uploading droplet... (STDOUT, STG)#
#2026 05 08 03:52:05.571#Z#DEBUG#196a5c01-4a91-11f1-8594-eeee0a955217.Loja-db-deployer#flowable-async-job-executor-thread-15805#
[PollExecuteTaskStatusExecution] 540913b5-ee82-43db-a33d-eb5577322406 [2026-05-08T03:42:37.677831] Uploaded build artifacts cache (225B) (STDOUT, STG)#
#2026 05 08 03:52:05.571#Z#DEBUG#196a5c01-4a91-11f1-8594-eeee0a955217.Loja-db-deployer#flowable-async-job-executor-thread-15805#
[PollExecuteTaskStatusExecution] 540913b5-ee82-43db-a33d-eb5577322406 [2026-05-08T03:42:38.206409] Creating droplet for app with guid 540913b5-ee82-43db-a33d-eb5577322406 (STDOUT, API)#
#2026 05 08 03:52:05.571#Z#DEBUG#196a5c01-4a91-11f1-8594-eeee0a955217.Loja-db-deployer#flowable-async-job-executor-thread-15805#
[PollExecuteTaskStatusExecution] 540913b5-ee82-43db-a33d-eb5577322406 [2026-05-08T03:42:42.272273] Uploaded droplet (58.4M) (STDOUT, STG)#
#2026 05 08 03:52:05.571#Z#DEBUG#196a5c01-4a91-11f1-8594-eeee0a955217.Loja-db-deployer#flowable-async-job-executor-thread-15805#
[PollExecuteTaskStatusExecution] 540913b5-ee82-43db-a33d-eb5577322406 [2026-05-08T03:42:42.287459] Uploading complete (STDOUT, STG)#
#2026 05 08 03:52:05.571#Z#DEBUG#196a5c01-4a91-11f1-8594-eeee0a955217.Loja-db-deployer#flowable-async-job-executor-thread-15805#
[PollExecuteTaskStatusExecution] 540913b5-ee82-43db-a33d-eb5577322406 [2026-05-08T03:42:42.593618] Cell 77283d80-dfa7-40ba-ba4e-265aef112085 stopping instance e4ad7a2d-da18-40f9-9e06-30927c62f477 (STDOUT, STG)#
#2026 05 08 03:52:05.571#Z#DEBUG#196a5c01-4a91-11f1-8594-eeee0a955217.Loja-db-deployer#flowable-async-job-executor-thread-15805#
[PollExecuteTaskStatusExecution] 540913b5-ee82-43db-a33d-eb5577322406 [2026-05-08T03:42:42.593654] Cell 77283d80-dfa7-40ba-ba4e-265aef112085 destroying container for instance e4ad7a2d-da18-40f9-9e06-30927c62f477 (STDOUT, STG)#
#2026 05 08 03:52:05.571#Z#DEBUG#196a5c01-4a91-11f1-8594-eeee0a955217.Loja-db-deployer#flowable-async-job-executor-thread-15805#
[PollExecuteTaskStatusExecution] 540913b5-ee82-43db-a33d-eb5577322406 [2026-05-08T03:42:42.646745] Staging complete for build e4ad7a2d-da18-40f9-9e06-30927c62f477 (STDOUT, API)#
#2026 05 08 03:52:05.571#Z#DEBUG#196a5c01-4a91-11f1-8594-eeee0a955217.Loja-db-deployer#flowable-async-job-executor-thread-15805#
[PollExecuteTaskStatusExecution] 540913b5-ee82-43db-a33d-eb5577322406 [2026-05-08T03:42:44.317631] Cell 77283d80-dfa7-40ba-ba4e-265aef112085 successfully destroyed container for instance e4ad7a2d-da18-40f9-9e06-30927c62f477 (STDOUT, STG)#
#2026 05 08 03:52:05.571#Z#DEBUG#196a5c01-4a91-11f1-8594-eeee0a955217.Loja-db-deployer#flowable-async-job-executor-thread-15805#
[PollExecuteTaskStatusExecution] 540913b5-ee82-43db-a33d-eb5577322406 [2026-05-08T03:42:52.176902] Updated app with guid 540913b5-ee82-43db-a33d-eb5577322406 ({:droplet_guid=>"434b6be1-c7ec-4fd7-983a-f22635fe57f3"}) (STDOUT, API)#
#2026 05 08 03:52:05.571#Z#DEBUG#196a5c01-4a91-11f1-8594-eeee0a955217.Loja-db-deployer#flowable-async-job-executor-thread-15805#
[PollExecuteTaskStatusExecution] 540913b5-ee82-43db-a33d-eb5577322406 [2026-05-08T03:42:52.766043] Cell c839c7b1-088e-41af-b9b7-66256aacd457 creating container for instance 5074ac78-b437-4bfd-bb77-a10fd51cd693 (STDOUT, CELL)#
#2026 05 08 03:52:05.571#Z#DEBUG#196a5c01-4a91-11f1-8594-eeee0a955217.Loja-db-deployer#flowable-async-job-executor-thread-15805#
[PollExecuteTaskStatusExecution] 540913b5-ee82-43db-a33d-eb5577322406 [2026-05-08T03:42:53.142760] Security group rules were updated (STDOUT, CELL)#
#2026 05 08 03:52:05.571#Z#DEBUG#196a5c01-4a91-11f1-8594-eeee0a955217.Loja-db-deployer#flowable-async-job-executor-thread-15805#
[PollExecuteTaskStatusExecution] 540913b5-ee82-43db-a33d-eb5577322406 [2026-05-08T03:42:53.215677] Cell c839c7b1-088e-41af-b9b7-66256aacd457 successfully created container for instance 5074ac78-b437-4bfd-bb77-a10fd51cd693 (STDOUT, CELL)#
#2026 05 08 03:52:05.571#Z#DEBUG#196a5c01-4a91-11f1-8594-eeee0a955217.Loja-db-deployer#flowable-async-job-executor-thread-15805#
[PollExecuteTaskStatusExecution] 540913b5-ee82-43db-a33d-eb5577322406 [2026-05-08T03:42:55.955378] Invoking pre-start scripts. (STDOUT, APP/TASK/deploy)#
#2026 05 08 03:52:05.571#Z#DEBUG#196a5c01-4a91-11f1-8594-eeee0a955217.Loja-db-deployer#flowable-async-job-executor-thread-15805#
[PollExecuteTaskStatusExecution] 540913b5-ee82-43db-a33d-eb5577322406 [2026-05-08T03:42:56.098027] Invoking start command. (STDOUT, APP/TASK/deploy)#
#2026 05 08 03:52:05.571#Z#DEBUG#196a5c01-4a91-11f1-8594-eeee0a955217.Loja-db-deployer#flowable-async-job-executor-thread-15805#
[PollExecuteTaskStatusExecution] 540913b5-ee82-43db-a33d-eb5577322406 [2026-05-08T03:42:56.403237] > start (STDOUT, APP/TASK/deploy)#
#2026 05 08 03:52:05.571#Z#DEBUG#196a5c01-4a91-11f1-8594-eeee0a955217.Loja-db-deployer#flowable-async-job-executor-thread-15805#
[PollExecuteTaskStatusExecution] 540913b5-ee82-43db-a33d-eb5577322406 [2026-05-08T03:42:56.403259] > node node_modules/@sap/hdi-deploy/deploy.js --use-hdb --parameter com.sap.hana.di.table/try_fast_table_migration=true (STDOUT, APP/TASK/deploy)#
#2026 05 08 03:52:05.571#Z#DEBUG#196a5c01-4a91-11f1-8594-eeee0a955217.Loja-db-deployer#flowable-async-job-executor-thread-15805#
[PollExecuteTaskStatusExecution] 540913b5-ee82-43db-a33d-eb5577322406 [2026-05-08T03:42:56.507119] VCAP_SERVICES: (STDOUT, APP/TASK/deploy)#
#2026 05 08 03:52:05.571#Z#DEBUG#196a5c01-4a91-11f1-8594-eeee0a955217.Loja-db-deployer#flowable-async-job-executor-thread-15805#
[PollExecuteTaskStatusExecution] 540913b5-ee82-43db-a33d-eb5577322406 [2026-05-08T03:42:56.507304] { (STDOUT, APP/TASK/deploy)#
#2026 05 08 03:52:05.571#Z#DEBUG#196a5c01-4a91-11f1-8594-eeee0a955217.Loja-db-deployer#flowable-async-job-executor-thread-15805#
[PollExecuteTaskStatusExecution] 540913b5-ee82-43db-a33d-eb5577322406 [2026-05-08T03:42:56.507319] "hana": [ (STDOUT, APP/TASK/deploy)#
#2026 05 08 03:52:05.571#Z#DEBUG#196a5c01-4a91-11f1-8594-eeee0a955217.Loja-db-deployer#flowable-async-job-executor-thread-15805#
[PollExecuteTaskStatusExecution] 540913b5-ee82-43db-a33d-eb5577322406 [2026-05-08T03:42:56.507322] { (STDOUT, APP/TASK/deploy)#
#2026 05 08 03:52:05.571#Z#DEBUG#196a5c01-4a91-11f1-8594-eeee0a955217.Loja-db-deployer#flowable-async-job-executor-thread-15805#
[PollExecuteTaskStatusExecution] 540913b5-ee82-43db-a33d-eb5577322406 [2026-05-08T03:42:56.507325] "name": "Loja-db", (STDOUT, APP/TASK/deploy)#
#2026 05 08 03:52:05.571#Z#DEBUG#196a5c01-4a91-11f1-8594-eeee0a955217.Loja-db-deployer#flowable-async-job-executor-thread-15805#
[PollExecuteTaskStatusExecution] 540913b5-ee82-43db-a33d-eb5577322406 [2026-05-08T03:42:56.507327] "label": "hana", (STDOUT, APP/TASK/deploy)#
#2026 05 08 03:52:05.571#Z#DEBUG#196a5c01-4a91-11f1-8594-eeee0a955217.Loja-db-deployer#flowable-async-job-executor-thread-15805#
[PollExecuteTaskStatusExecution] 540913b5-ee82-43db-a33d-eb5577322406 [2026-05-08T03:42:56.507329] "plan": "hdi-shared", (STDOUT, APP/TASK/deploy)#
#2026 05 08 03:52:05.571#Z#DEBUG#196a5c01-4a91-11f1-8594-eeee0a955217.Loja-db-deployer#flowable-async-job-executor-thread-15805#
[PollExecuteTaskStatusExecution] 540913b5-ee82-43db-a33d-eb5577322406 [2026-05-08T03:42:56.507331] "credentials": { (STDOUT, APP/TASK/deploy)#
#2026 05 08 03:52:05.571#Z#DEBUG#196a5c01-4a91-11f1-8594-eeee0a955217.Loja-db-deployer#flowable-async-job-executor-thread-15805#
[PollExecuteTaskStatusExecution] 540913b5-ee82-43db-a33d-eb5577322406 [2026-05-08T03:42:56.507337] "schema": "0BDA3929606647C1BC458C01854A3A3F", (STDOUT, APP/TASK/deploy)#
#2026 05 08 03:52:05.571#Z#DEBUG#196a5c01-4a91-11f1-8594-eeee0a955217.Loja-db-deployer#flowable-async-job-executor-thread-15805#
[PollExecuteTaskStatusExecution] 540913b5-ee82-43db-a33d-eb5577322406 [2026-05-08T03:42:56.507339] "database_id": "eaff8753-1771-4da6-a1a7-1f979574194f", (STDOUT, APP/TASK/deploy)#
#2026 05 08 03:52:05.571#Z#DEBUG#196a5c01-4a91-11f1-8594-eeee0a955217.Loja-db-deployer#flowable-async-job-executor-thread-15805#
[PollExecuteTaskStatusExecution] 540913b5-ee82-43db-a33d-eb5577322406 [2026-05-08T03:42:56.507342] "user": "0BDA3929606647C1BC458C01854A3A3F_6AQN1HUN77CIGLZYWTAQVCC3Z_RT", (STDOUT, APP/TASK/deploy)#
#2026 05 08 03:52:05.571#Z#DEBUG#196a5c01-4a91-11f1-8594-eeee0a955217.Loja-db-deployer#flowable-async-job-executor-thread-15805#
[PollExecuteTaskStatusExecution] 540913b5-ee82-43db-a33d-eb5577322406 [2026-05-08T03:42:56.507349] "hdi_user": "0BDA3929606647C1BC458C01854A3A3F_6AQN1HUN77CIGLZYWTAQVCC3Z_DT" (STDOUT, APP/TASK/deploy)#
#2026 05 08 03:52:05.571#Z#DEBUG#196a5c01-4a91-11f1-8594-eeee0a955217.Loja-db-deployer#flowable-async-job-executor-thread-15805#
[PollExecuteTaskStatusExecution] 540913b5-ee82-43db-a33d-eb5577322406 [2026-05-08T03:42:56.507350] }, (STDOUT, APP/TASK/deploy)#
#2026 05 08 03:52:05.571#Z#DEBUG#196a5c01-4a91-11f1-8594-eeee0a955217.Loja-db-deployer#flowable-async-job-executor-thread-15805#
[PollExecuteTaskStatusExecution] 540913b5-ee82-43db-a33d-eb5577322406 [2026-05-08T03:42:56.507352] "tags": [ (STDOUT, APP/TASK/deploy)#
#2026 05 08 03:52:05.571#Z#DEBUG#196a5c01-4a91-11f1-8594-eeee0a955217.Loja-db-deployer#flowable-async-job-executor-thread-15805#
[PollExecuteTaskStatusExecution] 540913b5-ee82-43db-a33d-eb5577322406 [2026-05-08T03:42:56.507355] "hana", (STDOUT, APP/TASK/deploy)#
#2026 05 08 03:52:05.571#Z#DEBUG#196a5c01-4a91-11f1-8594-eeee0a955217.Loja-db-deployer#flowable-async-job-executor-thread-15805#
[PollExecuteTaskStatusExecution] 540913b5-ee82-43db-a33d-eb5577322406 [2026-05-08T03:42:56.507356] "database", (STDOUT, APP/TASK/deploy)#
#2026 05 08 03:52:05.571#Z#DEBUG#196a5c01-4a91-11f1-8594-eeee0a955217.Loja-db-deployer#flowable-async-job-executor-thread-15805#
[PollExecuteTaskStatusExecution] 540913b5-ee82-43db-a33d-eb5577322406 [2026-05-08T03:42:56.507359] "relational" (STDOUT, APP/TASK/deploy)#
#2026 05 08 03:52:05.571#Z#DEBUG#196a5c01-4a91-11f1-8594-eeee0a955217.Loja-db-deployer#flowable-async-job-executor-thread-15805#
[PollExecuteTaskStatusExecution] 540913b5-ee82-43db-a33d-eb5577322406 [2026-05-08T03:42:56.507361] ] (STDOUT, APP/TASK/deploy)#
#2026 05 08 03:52:05.571#Z#DEBUG#196a5c01-4a91-11f1-8594-eeee0a955217.Loja-db-deployer#flowable-async-job-executor-thread-15805#
[PollExecuteTaskStatusExecution] 540913b5-ee82-43db-a33d-eb5577322406 [2026-05-08T03:42:56.507362] } (STDOUT, APP/TASK/deploy)#
#2026 05 08 03:52:05.571#Z#DEBUG#196a5c01-4a91-11f1-8594-eeee0a955217.Loja-db-deployer#flowable-async-job-executor-thread-15805#
[PollExecuteTaskStatusExecution] 540913b5-ee82-43db-a33d-eb5577322406 [2026-05-08T03:42:56.507364] ] (STDOUT, APP/TASK/deploy)#
#2026 05 08 03:52:05.571#Z#DEBUG#196a5c01-4a91-11f1-8594-eeee0a955217.Loja-db-deployer#flowable-async-job-executor-thread-15805#
[PollExecuteTaskStatusExecution] 540913b5-ee82-43db-a33d-eb5577322406 [2026-05-08T03:42:56.507369] } (STDOUT, APP/TASK/deploy)#
#2026 05 08 03:52:05.571#Z#DEBUG#196a5c01-4a91-11f1-8594-eeee0a955217.Loja-db-deployer#flowable-async-job-executor-thread-15805#
[PollExecuteTaskStatusExecution] 540913b5-ee82-43db-a33d-eb5577322406 [2026-05-08T03:43:02.599094] @sap/hdi-deploy, version 5.6.1 (mode default), server version unknown (0.0.0.0), cloud version , node version 24.13.0, HDI version -1, container API version -1 (STDOUT, APP/TASK/deploy)#
#2026 05 08 03:52:05.571#Z#DEBUG#196a5c01-4a91-11f1-8594-eeee0a955217.Loja-db-deployer#flowable-async-job-executor-thread-15805#
[PollExecuteTaskStatusExecution] 540913b5-ee82-43db-a33d-eb5577322406 [2026-05-08T03:43:02.599404] Deployment started at 2026-05-08 03:43:02 (STDOUT, APP/TASK/deploy)#
#2026 05 08 03:52:05.571#Z#DEBUG#196a5c01-4a91-11f1-8594-eeee0a955217.Loja-db-deployer#flowable-async-job-executor-thread-15805#
[PollExecuteTaskStatusExecution] 540913b5-ee82-43db-a33d-eb5577322406 [2026-05-08T03:43:02.599562] Using hdb@2.27.1 for connection (STDOUT, APP/TASK/deploy)#
#2026 05 08 03:52:05.571#Z#DEBUG#196a5c01-4a91-11f1-8594-eeee0a955217.Loja-db-deployer#flowable-async-job-executor-thread-15805#
[PollExecuteTaskStatusExecution] 540913b5-ee82-43db-a33d-eb5577322406 [2026-05-08T03:43:02.599575] Detection of server version failed; root cause: Could not connect to any host: [ eaff8753-1771-4da6-a1a7-1f979574194f.hna1.prod-us10.hanacloud.ondemand.com:443 -  ] (STDOUT, APP/TASK/deploy)#
#2026 05 08 03:52:05.571#Z#DEBUG#196a5c01-4a91-11f1-8594-eeee0a955217.Loja-db-deployer#flowable-async-job-executor-thread-15805#
[PollExecuteTaskStatusExecution] 540913b5-ee82-43db-a33d-eb5577322406 [2026-05-08T03:43:02.599578] Detection of cloud version failed; root cause: Could not connect to any host: [ eaff8753-1771-4da6-a1a7-1f979574194f.hna1.prod-us10.hanacloud.ondemand.com:443 -  ] (STDOUT, APP/TASK/deploy)#
#2026 05 08 03:52:05.571#Z#DEBUG#196a5c01-4a91-11f1-8594-eeee0a955217.Loja-db-deployer#flowable-async-job-executor-thread-15805#
[PollExecuteTaskStatusExecution] 540913b5-ee82-43db-a33d-eb5577322406 [2026-05-08T03:43:02.599628] Detection of container API version failed; root cause: Could not connect to any host: [ eaff8753-1771-4da6-a1a7-1f979574194f.hna1.prod-us10.hanacloud.ondemand.com:443 -  ] (STDOUT, APP/TASK/deploy)#
#2026 05 08 03:52:05.571#Z#DEBUG#196a5c01-4a91-11f1-8594-eeee0a955217.Loja-db-deployer#flowable-async-job-executor-thread-15805#
[PollExecuteTaskStatusExecution] 540913b5-ee82-43db-a33d-eb5577322406 [2026-05-08T03:43:02.599638] Detection of HDI version failed; root cause: Could not connect to any host: [ eaff8753-1771-4da6-a1a7-1f979574194f.hna1.prod-us10.hanacloud.ondemand.com:443 -  ] (STDOUT, APP/TASK/deploy)#
#2026 05 08 03:52:05.571#Z#DEBUG#196a5c01-4a91-11f1-8594-eeee0a955217.Loja-db-deployer#flowable-async-job-executor-thread-15805#
[PollExecuteTaskStatusExecution] 540913b5-ee82-43db-a33d-eb5577322406 [2026-05-08T03:43:02.600046] Deployment ended at 2026-05-08 03:43:02 (STDOUT, APP/TASK/deploy)#
#2026 05 08 03:52:05.571#Z#DEBUG#196a5c01-4a91-11f1-8594-eeee0a955217.Loja-db-deployer#flowable-async-job-executor-thread-15805#
[PollExecuteTaskStatusExecution] 540913b5-ee82-43db-a33d-eb5577322406 [2026-05-08T03:43:02.600233] Error: Option parameter is not supported by the server; based on detected server version unknown (STDERR, APP/TASK/deploy)#
#2026 05 08 03:52:05.571#Z#DEBUG#196a5c01-4a91-11f1-8594-eeee0a955217.Loja-db-deployer#flowable-async-job-executor-thread-15805#
[PollExecuteTaskStatusExecution] 540913b5-ee82-43db-a33d-eb5577322406 [2026-05-08T03:43:02.600564] (6s 169ms) (STDOUT, APP/TASK/deploy)#
#2026 05 08 03:52:05.571#Z#DEBUG#196a5c01-4a91-11f1-8594-eeee0a955217.Loja-db-deployer#flowable-async-job-executor-thread-15805#
[PollExecuteTaskStatusExecution] 540913b5-ee82-43db-a33d-eb5577322406 [2026-05-08T03:43:02.664277] Exit status 1 (STDOUT, APP/TASK/deploy)#
#2026 05 08 03:52:05.571#Z#DEBUG#196a5c01-4a91-11f1-8594-eeee0a955217.Loja-db-deployer#flowable-async-job-executor-thread-15805#
[PollExecuteTaskStatusExecution] 540913b5-ee82-43db-a33d-eb5577322406 [2026-05-08T03:43:02.899743] Cell c839c7b1-088e-41af-b9b7-66256aacd457 stopping instance 5074ac78-b437-4bfd-bb77-a10fd51cd693 (STDOUT, CELL)#
#2026 05 08 03:52:05.571#Z#DEBUG#196a5c01-4a91-11f1-8594-eeee0a955217.Loja-db-deployer#flowable-async-job-executor-thread-15805#
[PollExecuteTaskStatusExecution] 540913b5-ee82-43db-a33d-eb5577322406 [2026-05-08T03:43:02.899768] Cell c839c7b1-088e-41af-b9b7-66256aacd457 destroying container for instance 5074ac78-b437-4bfd-bb77-a10fd51cd693 (STDOUT, CELL)#
#2026 05 08 03:52:05.571#Z#DEBUG#196a5c01-4a91-11f1-8594-eeee0a955217.Loja-db-deployer#flowable-async-job-executor-thread-15805#
[PollExecuteTaskStatusExecution] 540913b5-ee82-43db-a33d-eb5577322406 [2026-05-08T03:43:04.453153] Cell c839c7b1-088e-41af-b9b7-66256aacd457 successfully destroyed container for instance 5074ac78-b437-4bfd-bb77-a10fd51cd693 (STDOUT, CELL)#
#2026 05 08 03:52:05.571#Z#DEBUG#196a5c01-4a91-11f1-8594-eeee0a955217.Loja-db-deployer#flowable-async-job-executor-thread-15805#
[PollExecuteTaskStatusExecution] 540913b5-ee82-43db-a33d-eb5577322406 [2026-05-08T03:43:14.028809] Cell 684caff8-89cd-492b-be01-b3d0835f1763 creating container for instance 247bdad7-4b42-4965-85aa-173d6a706814 (STDOUT, CELL)#
#2026 05 08 03:52:05.571#Z#DEBUG#196a5c01-4a91-11f1-8594-eeee0a955217.Loja-db-deployer#flowable-async-job-executor-thread-15805#
[PollExecuteTaskStatusExecution] 540913b5-ee82-43db-a33d-eb5577322406 [2026-05-08T03:43:14.456043] Security group rules were updated (STDOUT, CELL)#
#2026 05 08 03:52:05.571#Z#DEBUG#196a5c01-4a91-11f1-8594-eeee0a955217.Loja-db-deployer#flowable-async-job-executor-thread-15805#
[PollExecuteTaskStatusExecution] 540913b5-ee82-43db-a33d-eb5577322406 [2026-05-08T03:43:14.517920] Cell 684caff8-89cd-492b-be01-b3d0835f1763 successfully created container for instance 247bdad7-4b42-4965-85aa-173d6a706814 (STDOUT, CELL)#
#2026 05 08 03:52:05.571#Z#DEBUG#196a5c01-4a91-11f1-8594-eeee0a955217.Loja-db-deployer#flowable-async-job-executor-thread-15805#
[PollExecuteTaskStatusExecution] 540913b5-ee82-43db-a33d-eb5577322406 [2026-05-08T03:43:17.780093] Invoking pre-start scripts. (STDOUT, APP/TASK/deploy)#
#2026 05 08 03:52:05.571#Z#DEBUG#196a5c01-4a91-11f1-8594-eeee0a955217.Loja-db-deployer#flowable-async-job-executor-thread-15805#
[PollExecuteTaskStatusExecution] 540913b5-ee82-43db-a33d-eb5577322406 [2026-05-08T03:43:17.925519] Invoking start command. (STDOUT, APP/TASK/deploy)#
#2026 05 08 03:52:05.571#Z#DEBUG#196a5c01-4a91-11f1-8594-eeee0a955217.Loja-db-deployer#flowable-async-job-executor-thread-15805#
[PollExecuteTaskStatusExecution] 540913b5-ee82-43db-a33d-eb5577322406 [2026-05-08T03:43:18.241911] > start (STDOUT, APP/TASK/deploy)#
#2026 05 08 03:52:05.571#Z#DEBUG#196a5c01-4a91-11f1-8594-eeee0a955217.Loja-db-deployer#flowable-async-job-executor-thread-15805#
[PollExecuteTaskStatusExecution] 540913b5-ee82-43db-a33d-eb5577322406 [2026-05-08T03:43:18.241943] > node node_modules/@sap/hdi-deploy/deploy.js --use-hdb --parameter com.sap.hana.di.table/try_fast_table_migration=true (STDOUT, APP/TASK/deploy)#
#2026 05 08 03:52:05.571#Z#DEBUG#196a5c01-4a91-11f1-8594-eeee0a955217.Loja-db-deployer#flowable-async-job-executor-thread-15805#
[PollExecuteTaskStatusExecution] 540913b5-ee82-43db-a33d-eb5577322406 [2026-05-08T03:43:18.346497] VCAP_SERVICES: (STDOUT, APP/TASK/deploy)#
#2026 05 08 03:52:05.571#Z#DEBUG#196a5c01-4a91-11f1-8594-eeee0a955217.Loja-db-deployer#flowable-async-job-executor-thread-15805#
[PollExecuteTaskStatusExecution] 540913b5-ee82-43db-a33d-eb5577322406 [2026-05-08T03:43:18.346651] { (STDOUT, APP/TASK/deploy)#
#2026 05 08 03:52:05.571#Z#DEBUG#196a5c01-4a91-11f1-8594-eeee0a955217.Loja-db-deployer#flowable-async-job-executor-thread-15805#
[PollExecuteTaskStatusExecution] 540913b5-ee82-43db-a33d-eb5577322406 [2026-05-08T03:43:18.346664] "hana": [ (STDOUT, APP/TASK/deploy)#
#2026 05 08 03:52:05.571#Z#DEBUG#196a5c01-4a91-11f1-8594-eeee0a955217.Loja-db-deployer#flowable-async-job-executor-thread-15805#
[PollExecuteTaskStatusExecution] 540913b5-ee82-43db-a33d-eb5577322406 [2026-05-08T03:43:18.346667] { (STDOUT, APP/TASK/deploy)#
#2026 05 08 03:52:05.571#Z#DEBUG#196a5c01-4a91-11f1-8594-eeee0a955217.Loja-db-deployer#flowable-async-job-executor-thread-15805#
[PollExecuteTaskStatusExecution] 540913b5-ee82-43db-a33d-eb5577322406 [2026-05-08T03:43:18.346670] "name": "Loja-db", (STDOUT, APP/TASK/deploy)#
#2026 05 08 03:52:05.571#Z#DEBUG#196a5c01-4a91-11f1-8594-eeee0a955217.Loja-db-deployer#flowable-async-job-executor-thread-15805#
[PollExecuteTaskStatusExecution] 540913b5-ee82-43db-a33d-eb5577322406 [2026-05-08T03:43:18.346672] "label": "hana", (STDOUT, APP/TASK/deploy)#
#2026 05 08 03:52:05.571#Z#DEBUG#196a5c01-4a91-11f1-8594-eeee0a955217.Loja-db-deployer#flowable-async-job-executor-thread-15805#
[PollExecuteTaskStatusExecution] 540913b5-ee82-43db-a33d-eb5577322406 [2026-05-08T03:43:18.346674] "plan": "hdi-shared", (STDOUT, APP/TASK/deploy)#
#2026 05 08 03:52:05.571#Z#DEBUG#196a5c01-4a91-11f1-8594-eeee0a955217.Loja-db-deployer#flowable-async-job-executor-thread-15805#
[PollExecuteTaskStatusExecution] 540913b5-ee82-43db-a33d-eb5577322406 [2026-05-08T03:43:18.346677] "credentials": { (STDOUT, APP/TASK/deploy)#
#2026 05 08 03:52:05.571#Z#DEBUG#196a5c01-4a91-11f1-8594-eeee0a955217.Loja-db-deployer#flowable-async-job-executor-thread-15805#
[PollExecuteTaskStatusExecution] 540913b5-ee82-43db-a33d-eb5577322406 [2026-05-08T03:43:18.346680] "schema": "0BDA3929606647C1BC458C01854A3A3F", (STDOUT, APP/TASK/deploy)#
#2026 05 08 03:52:05.571#Z#DEBUG#196a5c01-4a91-11f1-8594-eeee0a955217.Loja-db-deployer#flowable-async-job-executor-thread-15805#
[PollExecuteTaskStatusExecution] 540913b5-ee82-43db-a33d-eb5577322406 [2026-05-08T03:43:18.346686] "database_id": "eaff8753-1771-4da6-a1a7-1f979574194f", (STDOUT, APP/TASK/deploy)#
#2026 05 08 03:52:05.571#Z#DEBUG#196a5c01-4a91-11f1-8594-eeee0a955217.Loja-db-deployer#flowable-async-job-executor-thread-15805#
[PollExecuteTaskStatusExecution] 540913b5-ee82-43db-a33d-eb5577322406 [2026-05-08T03:43:18.346688] "user": "0BDA3929606647C1BC458C01854A3A3F_6AQN1HUN77CIGLZYWTAQVCC3Z_RT", (STDOUT, APP/TASK/deploy)#
#2026 05 08 03:52:05.571#Z#DEBUG#196a5c01-4a91-11f1-8594-eeee0a955217.Loja-db-deployer#flowable-async-job-executor-thread-15805#
[PollExecuteTaskStatusExecution] 540913b5-ee82-43db-a33d-eb5577322406 [2026-05-08T03:43:18.346691] "hdi_user": "0BDA3929606647C1BC458C01854A3A3F_6AQN1HUN77CIGLZYWTAQVCC3Z_DT" (STDOUT, APP/TASK/deploy)#
#2026 05 08 03:52:05.571#Z#DEBUG#196a5c01-4a91-11f1-8594-eeee0a955217.Loja-db-deployer#flowable-async-job-executor-thread-15805#
[PollExecuteTaskStatusExecution] 540913b5-ee82-43db-a33d-eb5577322406 [2026-05-08T03:43:18.346693] }, (STDOUT, APP/TASK/deploy)#
#2026 05 08 03:52:05.571#Z#DEBUG#196a5c01-4a91-11f1-8594-eeee0a955217.Loja-db-deployer#flowable-async-job-executor-thread-15805#
[PollExecuteTaskStatusExecution] 540913b5-ee82-43db-a33d-eb5577322406 [2026-05-08T03:43:18.346695] "tags": [ (STDOUT, APP/TASK/deploy)#
#2026 05 08 03:52:05.571#Z#DEBUG#196a5c01-4a91-11f1-8594-eeee0a955217.Loja-db-deployer#flowable-async-job-executor-thread-15805#
[PollExecuteTaskStatusExecution] 540913b5-ee82-43db-a33d-eb5577322406 [2026-05-08T03:43:18.346697] "hana", (STDOUT, APP/TASK/deploy)#
#2026 05 08 03:52:05.571#Z#DEBUG#196a5c01-4a91-11f1-8594-eeee0a955217.Loja-db-deployer#flowable-async-job-executor-thread-15805#
[PollExecuteTaskStatusExecution] 540913b5-ee82-43db-a33d-eb5577322406 [2026-05-08T03:43:18.346699] "database", (STDOUT, APP/TASK/deploy)#
#2026 05 08 03:52:05.571#Z#DEBUG#196a5c01-4a91-11f1-8594-eeee0a955217.Loja-db-deployer#flowable-async-job-executor-thread-15805#
[PollExecuteTaskStatusExecution] 540913b5-ee82-43db-a33d-eb5577322406 [2026-05-08T03:43:18.346703] "relational" (STDOUT, APP/TASK/deploy)#
#2026 05 08 03:52:05.571#Z#DEBUG#196a5c01-4a91-11f1-8594-eeee0a955217.Loja-db-deployer#flowable-async-job-executor-thread-15805#
[PollExecuteTaskStatusExecution] 540913b5-ee82-43db-a33d-eb5577322406 [2026-05-08T03:43:18.346705] ] (STDOUT, APP/TASK/deploy)#
#2026 05 08 03:52:05.571#Z#DEBUG#196a5c01-4a91-11f1-8594-eeee0a955217.Loja-db-deployer#flowable-async-job-executor-thread-15805#
[PollExecuteTaskStatusExecution] 540913b5-ee82-43db-a33d-eb5577322406 [2026-05-08T03:43:18.346708] } (STDOUT, APP/TASK/deploy)#
#2026 05 08 03:52:05.571#Z#DEBUG#196a5c01-4a91-11f1-8594-eeee0a955217.Loja-db-deployer#flowable-async-job-executor-thread-15805#
[PollExecuteTaskStatusExecution] 540913b5-ee82-43db-a33d-eb5577322406 [2026-05-08T03:43:18.346710] ] (STDOUT, APP/TASK/deploy)#
#2026 05 08 03:52:05.571#Z#DEBUG#196a5c01-4a91-11f1-8594-eeee0a955217.Loja-db-deployer#flowable-async-job-executor-thread-15805#
[PollExecuteTaskStatusExecution] 540913b5-ee82-43db-a33d-eb5577322406 [2026-05-08T03:43:18.346712] } (STDOUT, APP/TASK/deploy)#
#2026 05 08 03:52:05.571#Z#DEBUG#196a5c01-4a91-11f1-8594-eeee0a955217.Loja-db-deployer#flowable-async-job-executor-thread-15805#
[PollExecuteTaskStatusExecution] 540913b5-ee82-43db-a33d-eb5577322406 [2026-05-08T03:43:24.439790] @sap/hdi-deploy, version 5.6.1 (mode default), server version unknown (0.0.0.0), cloud version , node version 24.13.0, HDI version -1, container API version -1 (STDOUT, APP/TASK/deploy)#
#2026 05 08 03:52:05.571#Z#DEBUG#196a5c01-4a91-11f1-8594-eeee0a955217.Loja-db-deployer#flowable-async-job-executor-thread-15805#
[PollExecuteTaskStatusExecution] 540913b5-ee82-43db-a33d-eb5577322406 [2026-05-08T03:43:24.439989] Deployment started at 2026-05-08 03:43:24 (STDOUT, APP/TASK/deploy)#
#2026 05 08 03:52:05.571#Z#DEBUG#196a5c01-4a91-11f1-8594-eeee0a955217.Loja-db-deployer#flowable-async-job-executor-thread-15805#
[PollExecuteTaskStatusExecution] 540913b5-ee82-43db-a33d-eb5577322406 [2026-05-08T03:43:24.440137] Using hdb@2.27.1 for connection (STDOUT, APP/TASK/deploy)#
#2026 05 08 03:52:05.571#Z#DEBUG#196a5c01-4a91-11f1-8594-eeee0a955217.Loja-db-deployer#flowable-async-job-executor-thread-15805#
[PollExecuteTaskStatusExecution] 540913b5-ee82-43db-a33d-eb5577322406 [2026-05-08T03:43:24.440158] Detection of server version failed; root cause: Could not connect to any host: [ eaff8753-1771-4da6-a1a7-1f979574194f.hna1.prod-us10.hanacloud.ondemand.com:443 -  ] (STDOUT, APP/TASK/deploy)#
#2026 05 08 03:52:05.571#Z#DEBUG#196a5c01-4a91-11f1-8594-eeee0a955217.Loja-db-deployer#flowable-async-job-executor-thread-15805#
[PollExecuteTaskStatusExecution] 540913b5-ee82-43db-a33d-eb5577322406 [2026-05-08T03:43:24.440173] Detection of cloud version failed; root cause: Could not connect to any host: [ eaff8753-1771-4da6-a1a7-1f979574194f.hna1.prod-us10.hanacloud.ondemand.com:443 -  ] (STDOUT, APP/TASK/deploy)#
#2026 05 08 03:52:05.571#Z#DEBUG#196a5c01-4a91-11f1-8594-eeee0a955217.Loja-db-deployer#flowable-async-job-executor-thread-15805#
[PollExecuteTaskStatusExecution] 540913b5-ee82-43db-a33d-eb5577322406 [2026-05-08T03:43:24.440175] Detection of container API version failed; root cause: Could not connect to any host: [ eaff8753-1771-4da6-a1a7-1f979574194f.hna1.prod-us10.hanacloud.ondemand.com:443 -  ] (STDOUT, APP/TASK/deploy)#
#2026 05 08 03:52:05.571#Z#DEBUG#196a5c01-4a91-11f1-8594-eeee0a955217.Loja-db-deployer#flowable-async-job-executor-thread-15805#
[PollExecuteTaskStatusExecution] 540913b5-ee82-43db-a33d-eb5577322406 [2026-05-08T03:43:24.440178] Detection of HDI version failed; root cause: Could not connect to any host: [ eaff8753-1771-4da6-a1a7-1f979574194f.hna1.prod-us10.hanacloud.ondemand.com:443 -  ] (STDOUT, APP/TASK/deploy)#
#2026 05 08 03:52:05.571#Z#DEBUG#196a5c01-4a91-11f1-8594-eeee0a955217.Loja-db-deployer#flowable-async-job-executor-thread-15805#
[PollExecuteTaskStatusExecution] 540913b5-ee82-43db-a33d-eb5577322406 [2026-05-08T03:43:24.440532] Deployment ended at 2026-05-08 03:43:24 (STDOUT, APP/TASK/deploy)#
#2026 05 08 03:52:05.571#Z#DEBUG#196a5c01-4a91-11f1-8594-eeee0a955217.Loja-db-deployer#flowable-async-job-executor-thread-15805#
[PollExecuteTaskStatusExecution] 540913b5-ee82-43db-a33d-eb5577322406 [2026-05-08T03:43:24.440695] Error: Option parameter is not supported by the server; based on detected server version unknown (STDERR, APP/TASK/deploy)#
#2026 05 08 03:52:05.571#Z#DEBUG#196a5c01-4a91-11f1-8594-eeee0a955217.Loja-db-deployer#flowable-async-job-executor-thread-15805#
[PollExecuteTaskStatusExecution] 540913b5-ee82-43db-a33d-eb5577322406 [2026-05-08T03:43:24.441028] (6s 170ms) (STDOUT, APP/TASK/deploy)#
#2026 05 08 03:52:05.571#Z#DEBUG#196a5c01-4a91-11f1-8594-eeee0a955217.Loja-db-deployer#flowable-async-job-executor-thread-15805#
[PollExecuteTaskStatusExecution] 540913b5-ee82-43db-a33d-eb5577322406 [2026-05-08T03:43:24.508206] Exit status 1 (STDOUT, APP/TASK/deploy)#
#2026 05 08 03:52:05.571#Z#DEBUG#196a5c01-4a91-11f1-8594-eeee0a955217.Loja-db-deployer#flowable-async-job-executor-thread-15805#
[PollExecuteTaskStatusExecution] 540913b5-ee82-43db-a33d-eb5577322406 [2026-05-08T03:43:24.786743] Cell 684caff8-89cd-492b-be01-b3d0835f1763 stopping instance 247bdad7-4b42-4965-85aa-173d6a706814 (STDOUT, CELL)#
#2026 05 08 03:52:05.571#Z#DEBUG#196a5c01-4a91-11f1-8594-eeee0a955217.Loja-db-deployer#flowable-async-job-executor-thread-15805#
[PollExecuteTaskStatusExecution] 540913b5-ee82-43db-a33d-eb5577322406 [2026-05-08T03:43:24.786780] Cell 684caff8-89cd-492b-be01-b3d0835f1763 destroying container for instance 247bdad7-4b42-4965-85aa-173d6a706814 (STDOUT, CELL)#
#2026 05 08 03:52:05.571#Z#DEBUG#196a5c01-4a91-11f1-8594-eeee0a955217.Loja-db-deployer#flowable-async-job-executor-thread-15805#
[PollExecuteTaskStatusExecution] 540913b5-ee82-43db-a33d-eb5577322406 [2026-05-08T03:43:26.108099] Cell 684caff8-89cd-492b-be01-b3d0835f1763 successfully destroyed container for instance 247bdad7-4b42-4965-85aa-173d6a706814 (STDOUT, CELL)#
#2026 05 08 03:52:05.571#Z#DEBUG#196a5c01-4a91-11f1-8594-eeee0a955217.Loja-db-deployer#flowable-async-job-executor-thread-15805#
[PollExecuteTaskStatusExecution] 540913b5-ee82-43db-a33d-eb5577322406 [2026-05-08T03:43:35.442598] Cell 77283d80-dfa7-40ba-ba4e-265aef112085 creating container for instance ee236349-3bde-4c0c-bc08-c6097b58167c (STDOUT, CELL)#
#2026 05 08 03:52:05.571#Z#DEBUG#196a5c01-4a91-11f1-8594-eeee0a955217.Loja-db-deployer#flowable-async-job-executor-thread-15805#
[PollExecuteTaskStatusExecution] 540913b5-ee82-43db-a33d-eb5577322406 [2026-05-08T03:43:35.770742] Security group rules were updated (STDOUT, CELL)#
#2026 05 08 03:52:05.571#Z#DEBUG#196a5c01-4a91-11f1-8594-eeee0a955217.Loja-db-deployer#flowable-async-job-executor-thread-15805#
[PollExecuteTaskStatusExecution] 540913b5-ee82-43db-a33d-eb5577322406 [2026-05-08T03:43:35.829976] Cell 77283d80-dfa7-40ba-ba4e-265aef112085 successfully created container for instance ee236349-3bde-4c0c-bc08-c6097b58167c (STDOUT, CELL)#
#2026 05 08 03:52:05.571#Z#DEBUG#196a5c01-4a91-11f1-8594-eeee0a955217.Loja-db-deployer#flowable-async-job-executor-thread-15805#
[PollExecuteTaskStatusExecution] 540913b5-ee82-43db-a33d-eb5577322406 [2026-05-08T03:43:38.796888] Invoking pre-start scripts. (STDOUT, APP/TASK/deploy)#
#2026 05 08 03:52:05.571#Z#DEBUG#196a5c01-4a91-11f1-8594-eeee0a955217.Loja-db-deployer#flowable-async-job-executor-thread-15805#
[PollExecuteTaskStatusExecution] 540913b5-ee82-43db-a33d-eb5577322406 [2026-05-08T03:43:38.938908] Invoking start command. (STDOUT, APP/TASK/deploy)#
#2026 05 08 03:52:05.571#Z#DEBUG#196a5c01-4a91-11f1-8594-eeee0a955217.Loja-db-deployer#flowable-async-job-executor-thread-15805#
[PollExecuteTaskStatusExecution] 540913b5-ee82-43db-a33d-eb5577322406 [2026-05-08T03:43:39.246862] > start (STDOUT, APP/TASK/deploy)#
#2026 05 08 03:52:05.571#Z#DEBUG#196a5c01-4a91-11f1-8594-eeee0a955217.Loja-db-deployer#flowable-async-job-executor-thread-15805#
[PollExecuteTaskStatusExecution] 540913b5-ee82-43db-a33d-eb5577322406 [2026-05-08T03:43:39.246898] > node node_modules/@sap/hdi-deploy/deploy.js --use-hdb --parameter com.sap.hana.di.table/try_fast_table_migration=true (STDOUT, APP/TASK/deploy)#
#2026 05 08 03:52:05.571#Z#DEBUG#196a5c01-4a91-11f1-8594-eeee0a955217.Loja-db-deployer#flowable-async-job-executor-thread-15805#
[PollExecuteTaskStatusExecution] 540913b5-ee82-43db-a33d-eb5577322406 [2026-05-08T03:43:39.348652] VCAP_SERVICES: (STDOUT, APP/TASK/deploy)#
#2026 05 08 03:52:05.571#Z#DEBUG#196a5c01-4a91-11f1-8594-eeee0a955217.Loja-db-deployer#flowable-async-job-executor-thread-15805#
[PollExecuteTaskStatusExecution] 540913b5-ee82-43db-a33d-eb5577322406 [2026-05-08T03:43:39.348782] { (STDOUT, APP/TASK/deploy)#
#2026 05 08 03:52:05.571#Z#DEBUG#196a5c01-4a91-11f1-8594-eeee0a955217.Loja-db-deployer#flowable-async-job-executor-thread-15805#
[PollExecuteTaskStatusExecution] 540913b5-ee82-43db-a33d-eb5577322406 [2026-05-08T03:43:39.348799] "hana": [ (STDOUT, APP/TASK/deploy)#
#2026 05 08 03:52:05.571#Z#DEBUG#196a5c01-4a91-11f1-8594-eeee0a955217.Loja-db-deployer#flowable-async-job-executor-thread-15805#
[PollExecuteTaskStatusExecution] 540913b5-ee82-43db-a33d-eb5577322406 [2026-05-08T03:43:39.348814] { (STDOUT, APP/TASK/deploy)#
#2026 05 08 03:52:05.571#Z#DEBUG#196a5c01-4a91-11f1-8594-eeee0a955217.Loja-db-deployer#flowable-async-job-executor-thread-15805#
[PollExecuteTaskStatusExecution] 540913b5-ee82-43db-a33d-eb5577322406 [2026-05-08T03:43:39.348821] "name": "Loja-db", (STDOUT, APP/TASK/deploy)#
#2026 05 08 03:52:05.571#Z#DEBUG#196a5c01-4a91-11f1-8594-eeee0a955217.Loja-db-deployer#flowable-async-job-executor-thread-15805#
[PollExecuteTaskStatusExecution] 540913b5-ee82-43db-a33d-eb5577322406 [2026-05-08T03:43:39.348825] "label": "hana", (STDOUT, APP/TASK/deploy)#
#2026 05 08 03:52:05.571#Z#DEBUG#196a5c01-4a91-11f1-8594-eeee0a955217.Loja-db-deployer#flowable-async-job-executor-thread-15805#
[PollExecuteTaskStatusExecution] 540913b5-ee82-43db-a33d-eb5577322406 [2026-05-08T03:43:39.348829] "plan": "hdi-shared", (STDOUT, APP/TASK/deploy)#
#2026 05 08 03:52:05.571#Z#DEBUG#196a5c01-4a91-11f1-8594-eeee0a955217.Loja-db-deployer#flowable-async-job-executor-thread-15805#
[PollExecuteTaskStatusExecution] 540913b5-ee82-43db-a33d-eb5577322406 [2026-05-08T03:43:39.348833] "credentials": { (STDOUT, APP/TASK/deploy)#
#2026 05 08 03:52:05.571#Z#DEBUG#196a5c01-4a91-11f1-8594-eeee0a955217.Loja-db-deployer#flowable-async-job-executor-thread-15805#
[PollExecuteTaskStatusExecution] 540913b5-ee82-43db-a33d-eb5577322406 [2026-05-08T03:43:39.348837] "schema": "0BDA3929606647C1BC458C01854A3A3F", (STDOUT, APP/TASK/deploy)#
#2026 05 08 03:52:05.571#Z#DEBUG#196a5c01-4a91-11f1-8594-eeee0a955217.Loja-db-deployer#flowable-async-job-executor-thread-15805#
[PollExecuteTaskStatusExecution] 540913b5-ee82-43db-a33d-eb5577322406 [2026-05-08T03:43:39.348841] "database_id": "eaff8753-1771-4da6-a1a7-1f979574194f", (STDOUT, APP/TASK/deploy)#
#2026 05 08 03:52:05.571#Z#DEBUG#196a5c01-4a91-11f1-8594-eeee0a955217.Loja-db-deployer#flowable-async-job-executor-thread-15805#
[PollExecuteTaskStatusExecution] 540913b5-ee82-43db-a33d-eb5577322406 [2026-05-08T03:43:39.348846] "user": "0BDA3929606647C1BC458C01854A3A3F_6AQN1HUN77CIGLZYWTAQVCC3Z_RT", (STDOUT, APP/TASK/deploy)#
#2026 05 08 03:52:05.571#Z#DEBUG#196a5c01-4a91-11f1-8594-eeee0a955217.Loja-db-deployer#flowable-async-job-executor-thread-15805#
[PollExecuteTaskStatusExecution] 540913b5-ee82-43db-a33d-eb5577322406 [2026-05-08T03:43:39.348850] "hdi_user": "0BDA3929606647C1BC458C01854A3A3F_6AQN1HUN77CIGLZYWTAQVCC3Z_DT" (STDOUT, APP/TASK/deploy)#
#2026 05 08 03:52:05.571#Z#DEBUG#196a5c01-4a91-11f1-8594-eeee0a955217.Loja-db-deployer#flowable-async-job-executor-thread-15805#
[PollExecuteTaskStatusExecution] 540913b5-ee82-43db-a33d-eb5577322406 [2026-05-08T03:43:39.348853] }, (STDOUT, APP/TASK/deploy)#
#2026 05 08 03:52:05.571#Z#DEBUG#196a5c01-4a91-11f1-8594-eeee0a955217.Loja-db-deployer#flowable-async-job-executor-thread-15805#
[PollExecuteTaskStatusExecution] 540913b5-ee82-43db-a33d-eb5577322406 [2026-05-08T03:43:39.348856] "tags": [ (STDOUT, APP/TASK/deploy)#
#2026 05 08 03:52:05.571#Z#DEBUG#196a5c01-4a91-11f1-8594-eeee0a955217.Loja-db-deployer#flowable-async-job-executor-thread-15805#
[PollExecuteTaskStatusExecution] 540913b5-ee82-43db-a33d-eb5577322406 [2026-05-08T03:43:39.348860] "hana", (STDOUT, APP/TASK/deploy)#
#2026 05 08 03:52:05.571#Z#DEBUG#196a5c01-4a91-11f1-8594-eeee0a955217.Loja-db-deployer#flowable-async-job-executor-thread-15805#
[PollExecuteTaskStatusExecution] 540913b5-ee82-43db-a33d-eb5577322406 [2026-05-08T03:43:39.348864] "database", (STDOUT, APP/TASK/deploy)#
#2026 05 08 03:52:05.571#Z#DEBUG#196a5c01-4a91-11f1-8594-eeee0a955217.Loja-db-deployer#flowable-async-job-executor-thread-15805#
[PollExecuteTaskStatusExecution] 540913b5-ee82-43db-a33d-eb5577322406 [2026-05-08T03:43:39.348867] "relational" (STDOUT, APP/TASK/deploy)#
#2026 05 08 03:52:05.571#Z#DEBUG#196a5c01-4a91-11f1-8594-eeee0a955217.Loja-db-deployer#flowable-async-job-executor-thread-15805#
[PollExecuteTaskStatusExecution] 540913b5-ee82-43db-a33d-eb5577322406 [2026-05-08T03:43:39.348870] ] (STDOUT, APP/TASK/deploy)#
#2026 05 08 03:52:05.571#Z#DEBUG#196a5c01-4a91-11f1-8594-eeee0a955217.Loja-db-deployer#flowable-async-job-executor-thread-15805#
[PollExecuteTaskStatusExecution] 540913b5-ee82-43db-a33d-eb5577322406 [2026-05-08T03:43:39.348874] } (STDOUT, APP/TASK/deploy)#
#2026 05 08 03:52:05.571#Z#DEBUG#196a5c01-4a91-11f1-8594-eeee0a955217.Loja-db-deployer#flowable-async-job-executor-thread-15805#
[PollExecuteTaskStatusExecution] 540913b5-ee82-43db-a33d-eb5577322406 [2026-05-08T03:43:39.348878] ] (STDOUT, APP/TASK/deploy)#
#2026 05 08 03:52:05.571#Z#DEBUG#196a5c01-4a91-11f1-8594-eeee0a955217.Loja-db-deployer#flowable-async-job-executor-thread-15805#
[PollExecuteTaskStatusExecution] 540913b5-ee82-43db-a33d-eb5577322406 [2026-05-08T03:43:39.348885] } (STDOUT, APP/TASK/deploy)#
#2026 05 08 03:52:05.571#Z#DEBUG#196a5c01-4a91-11f1-8594-eeee0a955217.Loja-db-deployer#flowable-async-job-executor-thread-15805#
[PollExecuteTaskStatusExecution] 540913b5-ee82-43db-a33d-eb5577322406 [2026-05-08T03:43:45.440327] @sap/hdi-deploy, version 5.6.1 (mode default), server version unknown (0.0.0.0), cloud version , node version 24.13.0, HDI version -1, container API version -1 (STDOUT, APP/TASK/deploy)#
#2026 05 08 03:52:05.571#Z#DEBUG#196a5c01-4a91-11f1-8594-eeee0a955217.Loja-db-deployer#flowable-async-job-executor-thread-15805#
[PollExecuteTaskStatusExecution] 540913b5-ee82-43db-a33d-eb5577322406 [2026-05-08T03:43:45.440468] Deployment started at 2026-05-08 03:43:45 (STDOUT, APP/TASK/deploy)#
#2026 05 08 03:52:05.571#Z#DEBUG#196a5c01-4a91-11f1-8594-eeee0a955217.Loja-db-deployer#flowable-async-job-executor-thread-15805#
[PollExecuteTaskStatusExecution] 540913b5-ee82-43db-a33d-eb5577322406 [2026-05-08T03:43:45.440621] Using hdb@2.27.1 for connection (STDOUT, APP/TASK/deploy)#
#2026 05 08 03:52:05.571#Z#DEBUG#196a5c01-4a91-11f1-8594-eeee0a955217.Loja-db-deployer#flowable-async-job-executor-thread-15805#
[PollExecuteTaskStatusExecution] 540913b5-ee82-43db-a33d-eb5577322406 [2026-05-08T03:43:45.440642] Detection of server version failed; root cause: Could not connect to any host: [ eaff8753-1771-4da6-a1a7-1f979574194f.hna1.prod-us10.hanacloud.ondemand.com:443 -  ] (STDOUT, APP/TASK/deploy)#
#2026 05 08 03:52:05.571#Z#DEBUG#196a5c01-4a91-11f1-8594-eeee0a955217.Loja-db-deployer#flowable-async-job-executor-thread-15805#
[PollExecuteTaskStatusExecution] 540913b5-ee82-43db-a33d-eb5577322406 [2026-05-08T03:43:45.440645] Detection of cloud version failed; root cause: Could not connect to any host: [ eaff8753-1771-4da6-a1a7-1f979574194f.hna1.prod-us10.hanacloud.ondemand.com:443 -  ] (STDOUT, APP/TASK/deploy)#
#2026 05 08 03:52:05.571#Z#DEBUG#196a5c01-4a91-11f1-8594-eeee0a955217.Loja-db-deployer#flowable-async-job-executor-thread-15805#
[PollExecuteTaskStatusExecution] 540913b5-ee82-43db-a33d-eb5577322406 [2026-05-08T03:43:45.440647] Detection of container API version failed; root cause: Could not connect to any host: [ eaff8753-1771-4da6-a1a7-1f979574194f.hna1.prod-us10.hanacloud.ondemand.com:443 -  ] (STDOUT, APP/TASK/deploy)#
#2026 05 08 03:52:05.571#Z#DEBUG#196a5c01-4a91-11f1-8594-eeee0a955217.Loja-db-deployer#flowable-async-job-executor-thread-15805#
[PollExecuteTaskStatusExecution] 540913b5-ee82-43db-a33d-eb5577322406 [2026-05-08T03:43:45.440651] Detection of HDI version failed; root cause: Could not connect to any host: [ eaff8753-1771-4da6-a1a7-1f979574194f.hna1.prod-us10.hanacloud.ondemand.com:443 -  ] (STDOUT, APP/TASK/deploy)#
#2026 05 08 03:52:05.571#Z#DEBUG#196a5c01-4a91-11f1-8594-eeee0a955217.Loja-db-deployer#flowable-async-job-executor-thread-15805#
[PollExecuteTaskStatusExecution] 540913b5-ee82-43db-a33d-eb5577322406 [2026-05-08T03:43:45.440909] Deployment ended at 2026-05-08 03:43:45 (STDOUT, APP/TASK/deploy)#
#2026 05 08 03:52:05.571#Z#DEBUG#196a5c01-4a91-11f1-8594-eeee0a955217.Loja-db-deployer#flowable-async-job-executor-thread-15805#
[PollExecuteTaskStatusExecution] 540913b5-ee82-43db-a33d-eb5577322406 [2026-05-08T03:43:45.441084] Error: Option parameter is not supported by the server; based on detected server version unknown (STDERR, APP/TASK/deploy)#
#2026 05 08 03:52:05.571#Z#DEBUG#196a5c01-4a91-11f1-8594-eeee0a955217.Loja-db-deployer#flowable-async-job-executor-thread-15805#
[PollExecuteTaskStatusExecution] 540913b5-ee82-43db-a33d-eb5577322406 [2026-05-08T03:43:45.441415] (6s 165ms) (STDOUT, APP/TASK/deploy)#
#2026 05 08 03:52:05.571#Z#DEBUG#196a5c01-4a91-11f1-8594-eeee0a955217.Loja-db-deployer#flowable-async-job-executor-thread-15805#
[PollExecuteTaskStatusExecution] 540913b5-ee82-43db-a33d-eb5577322406 [2026-05-08T03:43:45.505704] Exit status 1 (STDOUT, APP/TASK/deploy)#
#2026 05 08 03:52:05.571#Z#DEBUG#196a5c01-4a91-11f1-8594-eeee0a955217.Loja-db-deployer#flowable-async-job-executor-thread-15805#
[PollExecuteTaskStatusExecution] 540913b5-ee82-43db-a33d-eb5577322406 [2026-05-08T03:43:46.037725] Cell 77283d80-dfa7-40ba-ba4e-265aef112085 stopping instance ee236349-3bde-4c0c-bc08-c6097b58167c (STDOUT, CELL)#
#2026 05 08 03:52:05.571#Z#DEBUG#196a5c01-4a91-11f1-8594-eeee0a955217.Loja-db-deployer#flowable-async-job-executor-thread-15805#
[PollExecuteTaskStatusExecution] 540913b5-ee82-43db-a33d-eb5577322406 [2026-05-08T03:43:46.037780] Cell 77283d80-dfa7-40ba-ba4e-265aef112085 destroying container for instance ee236349-3bde-4c0c-bc08-c6097b58167c (STDOUT, CELL)#
#2026 05 08 03:52:05.571#Z#DEBUG#196a5c01-4a91-11f1-8594-eeee0a955217.Loja-db-deployer#flowable-async-job-executor-thread-15805#
[PollExecuteTaskStatusExecution] 540913b5-ee82-43db-a33d-eb5577322406 [2026-05-08T03:43:47.776343] Cell 77283d80-dfa7-40ba-ba4e-265aef112085 successfully destroyed container for instance ee236349-3bde-4c0c-bc08-c6097b58167c (STDOUT, CELL)#
#2026 05 08 03:52:05.571#Z#DEBUG#196a5c01-4a91-11f1-8594-eeee0a955217.Loja-db-deployer#flowable-async-job-executor-thread-15805#
[PollExecuteTaskStatusExecution] 540913b5-ee82-43db-a33d-eb5577322406 [2026-05-08T03:43:54.186349] Cell 77283d80-dfa7-40ba-ba4e-265aef112085 creating container for instance 2cbd0408-b53e-4a95-8f84-ed36d38f7090 (STDOUT, CELL)#
#2026 05 08 03:52:05.571#Z#DEBUG#196a5c01-4a91-11f1-8594-eeee0a955217.Loja-db-deployer#flowable-async-job-executor-thread-15805#
[PollExecuteTaskStatusExecution] 540913b5-ee82-43db-a33d-eb5577322406 [2026-05-08T03:43:54.515036] Security group rules were updated (STDOUT, CELL)#
#2026 05 08 03:52:05.571#Z#DEBUG#196a5c01-4a91-11f1-8594-eeee0a955217.Loja-db-deployer#flowable-async-job-executor-thread-15805#
[PollExecuteTaskStatusExecution] 540913b5-ee82-43db-a33d-eb5577322406 [2026-05-08T03:43:54.574435] Cell 77283d80-dfa7-40ba-ba4e-265aef112085 successfully created container for instance 2cbd0408-b53e-4a95-8f84-ed36d38f7090 (STDOUT, CELL)#
#2026 05 08 03:52:05.571#Z#DEBUG#196a5c01-4a91-11f1-8594-eeee0a955217.Loja-db-deployer#flowable-async-job-executor-thread-15805#
[PollExecuteTaskStatusExecution] 540913b5-ee82-43db-a33d-eb5577322406 [2026-05-08T03:43:57.965336] Invoking pre-start scripts. (STDOUT, APP/TASK/deploy)#
#2026 05 08 03:52:05.571#Z#DEBUG#196a5c01-4a91-11f1-8594-eeee0a955217.Loja-db-deployer#flowable-async-job-executor-thread-15805#
[PollExecuteTaskStatusExecution] 540913b5-ee82-43db-a33d-eb5577322406 [2026-05-08T03:43:58.104735] Invoking start command. (STDOUT, APP/TASK/deploy)#
#2026 05 08 03:52:05.571#Z#DEBUG#196a5c01-4a91-11f1-8594-eeee0a955217.Loja-db-deployer#flowable-async-job-executor-thread-15805#
[PollExecuteTaskStatusExecution] 540913b5-ee82-43db-a33d-eb5577322406 [2026-05-08T03:43:58.410816] > start (STDOUT, APP/TASK/deploy)#
#2026 05 08 03:52:05.571#Z#DEBUG#196a5c01-4a91-11f1-8594-eeee0a955217.Loja-db-deployer#flowable-async-job-executor-thread-15805#
[PollExecuteTaskStatusExecution] 540913b5-ee82-43db-a33d-eb5577322406 [2026-05-08T03:43:58.410836] > node node_modules/@sap/hdi-deploy/deploy.js --use-hdb --parameter com.sap.hana.di.table/try_fast_table_migration=true (STDOUT, APP/TASK/deploy)#
#2026 05 08 03:52:05.571#Z#DEBUG#196a5c01-4a91-11f1-8594-eeee0a955217.Loja-db-deployer#flowable-async-job-executor-thread-15805#
[PollExecuteTaskStatusExecution] 540913b5-ee82-43db-a33d-eb5577322406 [2026-05-08T03:43:58.516330] VCAP_SERVICES: (STDOUT, APP/TASK/deploy)#
#2026 05 08 03:52:05.571#Z#DEBUG#196a5c01-4a91-11f1-8594-eeee0a955217.Loja-db-deployer#flowable-async-job-executor-thread-15805#
[PollExecuteTaskStatusExecution] 540913b5-ee82-43db-a33d-eb5577322406 [2026-05-08T03:43:58.516506] { (STDOUT, APP/TASK/deploy)#
#2026 05 08 03:52:05.571#Z#DEBUG#196a5c01-4a91-11f1-8594-eeee0a955217.Loja-db-deployer#flowable-async-job-executor-thread-15805#
[PollExecuteTaskStatusExecution] 540913b5-ee82-43db-a33d-eb5577322406 [2026-05-08T03:43:58.516536] "hana": [ (STDOUT, APP/TASK/deploy)#
#2026 05 08 03:52:05.571#Z#DEBUG#196a5c01-4a91-11f1-8594-eeee0a955217.Loja-db-deployer#flowable-async-job-executor-thread-15805#
[PollExecuteTaskStatusExecution] 540913b5-ee82-43db-a33d-eb5577322406 [2026-05-08T03:43:58.516546] { (STDOUT, APP/TASK/deploy)#
#2026 05 08 03:52:05.571#Z#DEBUG#196a5c01-4a91-11f1-8594-eeee0a955217.Loja-db-deployer#flowable-async-job-executor-thread-15805#
[PollExecuteTaskStatusExecution] 540913b5-ee82-43db-a33d-eb5577322406 [2026-05-08T03:43:58.516550] "name": "Loja-db", (STDOUT, APP/TASK/deploy)#
#2026 05 08 03:52:05.571#Z#DEBUG#196a5c01-4a91-11f1-8594-eeee0a955217.Loja-db-deployer#flowable-async-job-executor-thread-15805#
[PollExecuteTaskStatusExecution] 540913b5-ee82-43db-a33d-eb5577322406 [2026-05-08T03:43:58.516554] "label": "hana", (STDOUT, APP/TASK/deploy)#
#2026 05 08 03:52:05.571#Z#DEBUG#196a5c01-4a91-11f1-8594-eeee0a955217.Loja-db-deployer#flowable-async-job-executor-thread-15805#
[PollExecuteTaskStatusExecution] 540913b5-ee82-43db-a33d-eb5577322406 [2026-05-08T03:43:58.516558] "plan": "hdi-shared", (STDOUT, APP/TASK/deploy)#
#2026 05 08 03:52:05.571#Z#DEBUG#196a5c01-4a91-11f1-8594-eeee0a955217.Loja-db-deployer#flowable-async-job-executor-thread-15805#
[PollExecuteTaskStatusExecution] 540913b5-ee82-43db-a33d-eb5577322406 [2026-05-08T03:43:58.516564] "credentials": { (STDOUT, APP/TASK/deploy)#
#2026 05 08 03:52:05.571#Z#DEBUG#196a5c01-4a91-11f1-8594-eeee0a955217.Loja-db-deployer#flowable-async-job-executor-thread-15805#
[PollExecuteTaskStatusExecution] 540913b5-ee82-43db-a33d-eb5577322406 [2026-05-08T03:43:58.516568] "schema": "0BDA3929606647C1BC458C01854A3A3F", (STDOUT, APP/TASK/deploy)#
#2026 05 08 03:52:05.571#Z#DEBUG#196a5c01-4a91-11f1-8594-eeee0a955217.Loja-db-deployer#flowable-async-job-executor-thread-15805#
[PollExecuteTaskStatusExecution] 540913b5-ee82-43db-a33d-eb5577322406 [2026-05-08T03:43:58.516572] "database_id": "eaff8753-1771-4da6-a1a7-1f979574194f", (STDOUT, APP/TASK/deploy)#
#2026 05 08 03:52:05.571#Z#DEBUG#196a5c01-4a91-11f1-8594-eeee0a955217.Loja-db-deployer#flowable-async-job-executor-thread-15805#
[PollExecuteTaskStatusExecution] 540913b5-ee82-43db-a33d-eb5577322406 [2026-05-08T03:43:58.516576] "user": "0BDA3929606647C1BC458C01854A3A3F_6AQN1HUN77CIGLZYWTAQVCC3Z_RT", (STDOUT, APP/TASK/deploy)#
#2026 05 08 03:52:05.571#Z#DEBUG#196a5c01-4a91-11f1-8594-eeee0a955217.Loja-db-deployer#flowable-async-job-executor-thread-15805#
[PollExecuteTaskStatusExecution] 540913b5-ee82-43db-a33d-eb5577322406 [2026-05-08T03:43:58.516584] "hdi_user": "0BDA3929606647C1BC458C01854A3A3F_6AQN1HUN77CIGLZYWTAQVCC3Z_DT" (STDOUT, APP/TASK/deploy)#
#2026 05 08 03:52:05.571#Z#DEBUG#196a5c01-4a91-11f1-8594-eeee0a955217.Loja-db-deployer#flowable-async-job-executor-thread-15805#
[PollExecuteTaskStatusExecution] 540913b5-ee82-43db-a33d-eb5577322406 [2026-05-08T03:43:58.516588] }, (STDOUT, APP/TASK/deploy)#
#2026 05 08 03:52:05.571#Z#DEBUG#196a5c01-4a91-11f1-8594-eeee0a955217.Loja-db-deployer#flowable-async-job-executor-thread-15805#
[PollExecuteTaskStatusExecution] 540913b5-ee82-43db-a33d-eb5577322406 [2026-05-08T03:43:58.516592] "tags": [ (STDOUT, APP/TASK/deploy)#
#2026 05 08 03:52:05.571#Z#DEBUG#196a5c01-4a91-11f1-8594-eeee0a955217.Loja-db-deployer#flowable-async-job-executor-thread-15805#
[PollExecuteTaskStatusExecution] 540913b5-ee82-43db-a33d-eb5577322406 [2026-05-08T03:43:58.516595] "hana", (STDOUT, APP/TASK/deploy)#
#2026 05 08 03:52:05.571#Z#DEBUG#196a5c01-4a91-11f1-8594-eeee0a955217.Loja-db-deployer#flowable-async-job-executor-thread-15805#
[PollExecuteTaskStatusExecution] 540913b5-ee82-43db-a33d-eb5577322406 [2026-05-08T03:43:58.516601] "database", (STDOUT, APP/TASK/deploy)#
#2026 05 08 03:52:05.571#Z#DEBUG#196a5c01-4a91-11f1-8594-eeee0a955217.Loja-db-deployer#flowable-async-job-executor-thread-15805#
[PollExecuteTaskStatusExecution] 540913b5-ee82-43db-a33d-eb5577322406 [2026-05-08T03:43:58.516607] "relational" (STDOUT, APP/TASK/deploy)#
#2026 05 08 03:52:05.571#Z#DEBUG#196a5c01-4a91-11f1-8594-eeee0a955217.Loja-db-deployer#flowable-async-job-executor-thread-15805#
[PollExecuteTaskStatusExecution] 540913b5-ee82-43db-a33d-eb5577322406 [2026-05-08T03:43:58.516611] ] (STDOUT, APP/TASK/deploy)#
#2026 05 08 03:52:05.571#Z#DEBUG#196a5c01-4a91-11f1-8594-eeee0a955217.Loja-db-deployer#flowable-async-job-executor-thread-15805#
[PollExecuteTaskStatusExecution] 540913b5-ee82-43db-a33d-eb5577322406 [2026-05-08T03:43:58.516614] } (STDOUT, APP/TASK/deploy)#
#2026 05 08 03:52:05.571#Z#DEBUG#196a5c01-4a91-11f1-8594-eeee0a955217.Loja-db-deployer#flowable-async-job-executor-thread-15805#
[PollExecuteTaskStatusExecution] 540913b5-ee82-43db-a33d-eb5577322406 [2026-05-08T03:43:58.516617] ] (STDOUT, APP/TASK/deploy)#
#2026 05 08 03:52:05.571#Z#DEBUG#196a5c01-4a91-11f1-8594-eeee0a955217.Loja-db-deployer#flowable-async-job-executor-thread-15805#
[PollExecuteTaskStatusExecution] 540913b5-ee82-43db-a33d-eb5577322406 [2026-05-08T03:43:58.516620] } (STDOUT, APP/TASK/deploy)#
#2026 05 08 03:52:05.571#Z#DEBUG#196a5c01-4a91-11f1-8594-eeee0a955217.Loja-db-deployer#flowable-async-job-executor-thread-15805#
[PollExecuteTaskStatusExecution] 540913b5-ee82-43db-a33d-eb5577322406 [2026-05-08T03:44:04.607273] @sap/hdi-deploy, version 5.6.1 (mode default), server version unknown (0.0.0.0), cloud version , node version 24.13.0, HDI version -1, container API version -1 (STDOUT, APP/TASK/deploy)#
#2026 05 08 03:52:05.571#Z#DEBUG#196a5c01-4a91-11f1-8594-eeee0a955217.Loja-db-deployer#flowable-async-job-executor-thread-15805#
[PollExecuteTaskStatusExecution] 540913b5-ee82-43db-a33d-eb5577322406 [2026-05-08T03:44:04.607493] Deployment started at 2026-05-08 03:44:04 (STDOUT, APP/TASK/deploy)#
#2026 05 08 03:52:05.571#Z#DEBUG#196a5c01-4a91-11f1-8594-eeee0a955217.Loja-db-deployer#flowable-async-job-executor-thread-15805#
[PollExecuteTaskStatusExecution] 540913b5-ee82-43db-a33d-eb5577322406 [2026-05-08T03:44:04.607588] Using hdb@2.27.1 for connection (STDOUT, APP/TASK/deploy)#
#2026 05 08 03:52:05.571#Z#DEBUG#196a5c01-4a91-11f1-8594-eeee0a955217.Loja-db-deployer#flowable-async-job-executor-thread-15805#
[PollExecuteTaskStatusExecution] 540913b5-ee82-43db-a33d-eb5577322406 [2026-05-08T03:44:04.607619] Detection of server version failed; root cause: Could not connect to any host: [ eaff8753-1771-4da6-a1a7-1f979574194f.hna1.prod-us10.hanacloud.ondemand.com:443 -  ] (STDOUT, APP/TASK/deploy)#
#2026 05 08 03:52:05.571#Z#DEBUG#196a5c01-4a91-11f1-8594-eeee0a955217.Loja-db-deployer#flowable-async-job-executor-thread-15805#
[PollExecuteTaskStatusExecution] 540913b5-ee82-43db-a33d-eb5577322406 [2026-05-08T03:44:04.607631] Detection of cloud version failed; root cause: Could not connect to any host: [ eaff8753-1771-4da6-a1a7-1f979574194f.hna1.prod-us10.hanacloud.ondemand.com:443 -  ] (STDOUT, APP/TASK/deploy)#
#2026 05 08 03:52:05.571#Z#DEBUG#196a5c01-4a91-11f1-8594-eeee0a955217.Loja-db-deployer#flowable-async-job-executor-thread-15805#
[PollExecuteTaskStatusExecution] 540913b5-ee82-43db-a33d-eb5577322406 [2026-05-08T03:44:04.607638] Detection of container API version failed; root cause: Could not connect to any host: [ eaff8753-1771-4da6-a1a7-1f979574194f.hna1.prod-us10.hanacloud.ondemand.com:443 -  ] (STDOUT, APP/TASK/deploy)#
#2026 05 08 03:52:05.571#Z#DEBUG#196a5c01-4a91-11f1-8594-eeee0a955217.Loja-db-deployer#flowable-async-job-executor-thread-15805#
[PollExecuteTaskStatusExecution] 540913b5-ee82-43db-a33d-eb5577322406 [2026-05-08T03:44:04.607643] Detection of HDI version failed; root cause: Could not connect to any host: [ eaff8753-1771-4da6-a1a7-1f979574194f.hna1.prod-us10.hanacloud.ondemand.com:443 -  ] (STDOUT, APP/TASK/deploy)#
#2026 05 08 03:52:05.571#Z#DEBUG#196a5c01-4a91-11f1-8594-eeee0a955217.Loja-db-deployer#flowable-async-job-executor-thread-15805#
[PollExecuteTaskStatusExecution] 540913b5-ee82-43db-a33d-eb5577322406 [2026-05-08T03:44:04.607986] Deployment ended at 2026-05-08 03:44:04 (STDOUT, APP/TASK/deploy)#
#2026 05 08 03:52:05.571#Z#DEBUG#196a5c01-4a91-11f1-8594-eeee0a955217.Loja-db-deployer#flowable-async-job-executor-thread-15805#
[PollExecuteTaskStatusExecution] 540913b5-ee82-43db-a33d-eb5577322406 [2026-05-08T03:44:04.608119] Error: Option parameter is not supported by the server; based on detected server version unknown (STDERR, APP/TASK/deploy)#
#2026 05 08 03:52:05.571#Z#DEBUG#196a5c01-4a91-11f1-8594-eeee0a955217.Loja-db-deployer#flowable-async-job-executor-thread-15805#
[PollExecuteTaskStatusExecution] 540913b5-ee82-43db-a33d-eb5577322406 [2026-05-08T03:44:04.608475] (6s 168ms) (STDOUT, APP/TASK/deploy)#
#2026 05 08 03:52:05.571#Z#DEBUG#196a5c01-4a91-11f1-8594-eeee0a955217.Loja-db-deployer#flowable-async-job-executor-thread-15805#
[PollExecuteTaskStatusExecution] 540913b5-ee82-43db-a33d-eb5577322406 [2026-05-08T03:44:04.672472] Exit status 1 (STDOUT, APP/TASK/deploy)#
#2026 05 08 03:52:05.571#Z#DEBUG#196a5c01-4a91-11f1-8594-eeee0a955217.Loja-db-deployer#flowable-async-job-executor-thread-15805#
[PollExecuteTaskStatusExecution] 540913b5-ee82-43db-a33d-eb5577322406 [2026-05-08T03:44:04.981444] Cell 77283d80-dfa7-40ba-ba4e-265aef112085 stopping instance 2cbd0408-b53e-4a95-8f84-ed36d38f7090 (STDOUT, CELL)#
#2026 05 08 03:52:05.571#Z#DEBUG#196a5c01-4a91-11f1-8594-eeee0a955217.Loja-db-deployer#flowable-async-job-executor-thread-15805#
[PollExecuteTaskStatusExecution] 540913b5-ee82-43db-a33d-eb5577322406 [2026-05-08T03:44:04.981469] Cell 77283d80-dfa7-40ba-ba4e-265aef112085 destroying container for instance 2cbd0408-b53e-4a95-8f84-ed36d38f7090 (STDOUT, CELL)#
#2026 05 08 03:52:05.571#Z#DEBUG#196a5c01-4a91-11f1-8594-eeee0a955217.Loja-db-deployer#flowable-async-job-executor-thread-15805#
[PollExecuteTaskStatusExecution] 540913b5-ee82-43db-a33d-eb5577322406 [2026-05-08T03:44:06.433273] Cell 77283d80-dfa7-40ba-ba4e-265aef112085 successfully destroyed container for instance 2cbd0408-b53e-4a95-8f84-ed36d38f7090 (STDOUT, CELL)#
#2026 05 08 03:52:05.571#Z#DEBUG#196a5c01-4a91-11f1-8594-eeee0a955217.Loja-db-deployer#flowable-async-job-executor-thread-15805#
[PollExecuteTaskStatusExecution] 540913b5-ee82-43db-a33d-eb5577322406 [2026-05-08T03:46:16.599083] Updated app with guid 540913b5-ee82-43db-a33d-eb5577322406 ({"lifecycle"=>{"data"=>{"buildpacks"=>["nodejs_buildpack"]}, "type"=>"buildpack"}}) (STDOUT, API)#
#2026 05 08 03:52:05.571#Z#DEBUG#196a5c01-4a91-11f1-8594-eeee0a955217.Loja-db-deployer#flowable-async-job-executor-thread-15805#
[PollExecuteTaskStatusExecution] 540913b5-ee82-43db-a33d-eb5577322406 [2026-05-08T03:46:16.685876] Updating process: "web" (STDOUT, API)#
#2026 05 08 03:52:05.571#Z#DEBUG#196a5c01-4a91-11f1-8594-eeee0a955217.Loja-db-deployer#flowable-async-job-executor-thread-15805#
[PollExecuteTaskStatusExecution] 540913b5-ee82-43db-a33d-eb5577322406 [2026-05-08T03:46:19.451696] Cell 684caff8-89cd-492b-be01-b3d0835f1763 creating container for instance 86a0c098-3851-45a4-8cbd-8fd8cc135c8a (STDOUT, CELL)#
#2026 05 08 03:52:05.571#Z#DEBUG#196a5c01-4a91-11f1-8594-eeee0a955217.Loja-db-deployer#flowable-async-job-executor-thread-15805#
[PollExecuteTaskStatusExecution] 540913b5-ee82-43db-a33d-eb5577322406 [2026-05-08T03:46:19.845308] Security group rules were updated (STDOUT, CELL)#
#2026 05 08 03:52:05.571#Z#DEBUG#196a5c01-4a91-11f1-8594-eeee0a955217.Loja-db-deployer#flowable-async-job-executor-thread-15805#
[PollExecuteTaskStatusExecution] 540913b5-ee82-43db-a33d-eb5577322406 [2026-05-08T03:46:19.897441] Cell 684caff8-89cd-492b-be01-b3d0835f1763 successfully created container for instance 86a0c098-3851-45a4-8cbd-8fd8cc135c8a (STDOUT, CELL)#
#2026 05 08 03:52:05.571#Z#DEBUG#196a5c01-4a91-11f1-8594-eeee0a955217.Loja-db-deployer#flowable-async-job-executor-thread-15805#
[PollExecuteTaskStatusExecution] 540913b5-ee82-43db-a33d-eb5577322406 [2026-05-08T03:46:22.986580] Invoking pre-start scripts. (STDOUT, APP/TASK/deploy)#
#2026 05 08 03:52:05.571#Z#DEBUG#196a5c01-4a91-11f1-8594-eeee0a955217.Loja-db-deployer#flowable-async-job-executor-thread-15805#
[PollExecuteTaskStatusExecution] 540913b5-ee82-43db-a33d-eb5577322406 [2026-05-08T03:46:23.130243] Invoking start command. (STDOUT, APP/TASK/deploy)#
#2026 05 08 03:52:05.571#Z#DEBUG#196a5c01-4a91-11f1-8594-eeee0a955217.Loja-db-deployer#flowable-async-job-executor-thread-15805#
[PollExecuteTaskStatusExecution] 540913b5-ee82-43db-a33d-eb5577322406 [2026-05-08T03:46:23.438356] > start (STDOUT, APP/TASK/deploy)#
#2026 05 08 03:52:05.571#Z#DEBUG#196a5c01-4a91-11f1-8594-eeee0a955217.Loja-db-deployer#flowable-async-job-executor-thread-15805#
[PollExecuteTaskStatusExecution] 540913b5-ee82-43db-a33d-eb5577322406 [2026-05-08T03:46:23.438383] > node node_modules/@sap/hdi-deploy/deploy.js --use-hdb --parameter com.sap.hana.di.table/try_fast_table_migration=true (STDOUT, APP/TASK/deploy)#
#2026 05 08 03:52:05.571#Z#DEBUG#196a5c01-4a91-11f1-8594-eeee0a955217.Loja-db-deployer#flowable-async-job-executor-thread-15805#
[PollExecuteTaskStatusExecution] 540913b5-ee82-43db-a33d-eb5577322406 [2026-05-08T03:46:23.547687] VCAP_SERVICES: (STDOUT, APP/TASK/deploy)#
#2026 05 08 03:52:05.571#Z#DEBUG#196a5c01-4a91-11f1-8594-eeee0a955217.Loja-db-deployer#flowable-async-job-executor-thread-15805#
[PollExecuteTaskStatusExecution] 540913b5-ee82-43db-a33d-eb5577322406 [2026-05-08T03:46:23.547878] { (STDOUT, APP/TASK/deploy)#
#2026 05 08 03:52:05.571#Z#DEBUG#196a5c01-4a91-11f1-8594-eeee0a955217.Loja-db-deployer#flowable-async-job-executor-thread-15805#
[PollExecuteTaskStatusExecution] 540913b5-ee82-43db-a33d-eb5577322406 [2026-05-08T03:46:23.547896] "hana": [ (STDOUT, APP/TASK/deploy)#
#2026 05 08 03:52:05.571#Z#DEBUG#196a5c01-4a91-11f1-8594-eeee0a955217.Loja-db-deployer#flowable-async-job-executor-thread-15805#
[PollExecuteTaskStatusExecution] 540913b5-ee82-43db-a33d-eb5577322406 [2026-05-08T03:46:23.547899] { (STDOUT, APP/TASK/deploy)#
#2026 05 08 03:52:05.571#Z#DEBUG#196a5c01-4a91-11f1-8594-eeee0a955217.Loja-db-deployer#flowable-async-job-executor-thread-15805#
[PollExecuteTaskStatusExecution] 540913b5-ee82-43db-a33d-eb5577322406 [2026-05-08T03:46:23.547902] "name": "Loja-db", (STDOUT, APP/TASK/deploy)#
#2026 05 08 03:52:05.571#Z#DEBUG#196a5c01-4a91-11f1-8594-eeee0a955217.Loja-db-deployer#flowable-async-job-executor-thread-15805#
[PollExecuteTaskStatusExecution] 540913b5-ee82-43db-a33d-eb5577322406 [2026-05-08T03:46:23.547904] "label": "hana", (STDOUT, APP/TASK/deploy)#
#2026 05 08 03:52:05.571#Z#DEBUG#196a5c01-4a91-11f1-8594-eeee0a955217.Loja-db-deployer#flowable-async-job-executor-thread-15805#
[PollExecuteTaskStatusExecution] 540913b5-ee82-43db-a33d-eb5577322406 [2026-05-08T03:46:23.547907] "plan": "hdi-shared", (STDOUT, APP/TASK/deploy)#
#2026 05 08 03:52:05.571#Z#DEBUG#196a5c01-4a91-11f1-8594-eeee0a955217.Loja-db-deployer#flowable-async-job-executor-thread-15805#
[PollExecuteTaskStatusExecution] 540913b5-ee82-43db-a33d-eb5577322406 [2026-05-08T03:46:23.547913] "credentials": { (STDOUT, APP/TASK/deploy)#
#2026 05 08 03:52:05.571#Z#DEBUG#196a5c01-4a91-11f1-8594-eeee0a955217.Loja-db-deployer#flowable-async-job-executor-thread-15805#
[PollExecuteTaskStatusExecution] 540913b5-ee82-43db-a33d-eb5577322406 [2026-05-08T03:46:23.547919] "schema": "0BDA3929606647C1BC458C01854A3A3F", (STDOUT, APP/TASK/deploy)#
#2026 05 08 03:52:05.571#Z#DEBUG#196a5c01-4a91-11f1-8594-eeee0a955217.Loja-db-deployer#flowable-async-job-executor-thread-15805#
[PollExecuteTaskStatusExecution] 540913b5-ee82-43db-a33d-eb5577322406 [2026-05-08T03:46:23.547926] "database_id": "eaff8753-1771-4da6-a1a7-1f979574194f", (STDOUT, APP/TASK/deploy)#
#2026 05 08 03:52:05.571#Z#DEBUG#196a5c01-4a91-11f1-8594-eeee0a955217.Loja-db-deployer#flowable-async-job-executor-thread-15805#
[PollExecuteTaskStatusExecution] 540913b5-ee82-43db-a33d-eb5577322406 [2026-05-08T03:46:23.547928] "user": "0BDA3929606647C1BC458C01854A3A3F_6AQN1HUN77CIGLZYWTAQVCC3Z_RT", (STDOUT, APP/TASK/deploy)#
#2026 05 08 03:52:05.571#Z#DEBUG#196a5c01-4a91-11f1-8594-eeee0a955217.Loja-db-deployer#flowable-async-job-executor-thread-15805#
[PollExecuteTaskStatusExecution] 540913b5-ee82-43db-a33d-eb5577322406 [2026-05-08T03:46:23.547931] "hdi_user": "0BDA3929606647C1BC458C01854A3A3F_6AQN1HUN77CIGLZYWTAQVCC3Z_DT" (STDOUT, APP/TASK/deploy)#
#2026 05 08 03:52:05.571#Z#DEBUG#196a5c01-4a91-11f1-8594-eeee0a955217.Loja-db-deployer#flowable-async-job-executor-thread-15805#
[PollExecuteTaskStatusExecution] 540913b5-ee82-43db-a33d-eb5577322406 [2026-05-08T03:46:23.547933] }, (STDOUT, APP/TASK/deploy)#
#2026 05 08 03:52:05.571#Z#DEBUG#196a5c01-4a91-11f1-8594-eeee0a955217.Loja-db-deployer#flowable-async-job-executor-thread-15805#
[PollExecuteTaskStatusExecution] 540913b5-ee82-43db-a33d-eb5577322406 [2026-05-08T03:46:23.547934] "tags": [ (STDOUT, APP/TASK/deploy)#
#2026 05 08 03:52:05.571#Z#DEBUG#196a5c01-4a91-11f1-8594-eeee0a955217.Loja-db-deployer#flowable-async-job-executor-thread-15805#
[PollExecuteTaskStatusExecution] 540913b5-ee82-43db-a33d-eb5577322406 [2026-05-08T03:46:23.547936] "hana", (STDOUT, APP/TASK/deploy)#
#2026 05 08 03:52:05.571#Z#DEBUG#196a5c01-4a91-11f1-8594-eeee0a955217.Loja-db-deployer#flowable-async-job-executor-thread-15805#
[PollExecuteTaskStatusExecution] 540913b5-ee82-43db-a33d-eb5577322406 [2026-05-08T03:46:23.547938] "database", (STDOUT, APP/TASK/deploy)#
#2026 05 08 03:52:05.571#Z#DEBUG#196a5c01-4a91-11f1-8594-eeee0a955217.Loja-db-deployer#flowable-async-job-executor-thread-15805#
[PollExecuteTaskStatusExecution] 540913b5-ee82-43db-a33d-eb5577322406 [2026-05-08T03:46:23.547939] "relational" (STDOUT, APP/TASK/deploy)#
#2026 05 08 03:52:05.571#Z#DEBUG#196a5c01-4a91-11f1-8594-eeee0a955217.Loja-db-deployer#flowable-async-job-executor-thread-15805#
[PollExecuteTaskStatusExecution] 540913b5-ee82-43db-a33d-eb5577322406 [2026-05-08T03:46:23.547941] ] (STDOUT, APP/TASK/deploy)#
#2026 05 08 03:52:05.571#Z#DEBUG#196a5c01-4a91-11f1-8594-eeee0a955217.Loja-db-deployer#flowable-async-job-executor-thread-15805#
[PollExecuteTaskStatusExecution] 540913b5-ee82-43db-a33d-eb5577322406 [2026-05-08T03:46:23.547942] } (STDOUT, APP/TASK/deploy)#
#2026 05 08 03:52:05.571#Z#DEBUG#196a5c01-4a91-11f1-8594-eeee0a955217.Loja-db-deployer#flowable-async-job-executor-thread-15805#
[PollExecuteTaskStatusExecution] 540913b5-ee82-43db-a33d-eb5577322406 [2026-05-08T03:46:23.547944] ] (STDOUT, APP/TASK/deploy)#
#2026 05 08 03:52:05.571#Z#DEBUG#196a5c01-4a91-11f1-8594-eeee0a955217.Loja-db-deployer#flowable-async-job-executor-thread-15805#
[PollExecuteTaskStatusExecution] 540913b5-ee82-43db-a33d-eb5577322406 [2026-05-08T03:46:23.547946] } (STDOUT, APP/TASK/deploy)#
#2026 05 08 03:52:05.571#Z#DEBUG#196a5c01-4a91-11f1-8594-eeee0a955217.Loja-db-deployer#flowable-async-job-executor-thread-15805#
[PollExecuteTaskStatusExecution] 540913b5-ee82-43db-a33d-eb5577322406 [2026-05-08T03:46:29.657071] @sap/hdi-deploy, version 5.6.1 (mode default), server version unknown (0.0.0.0), cloud version , node version 24.13.0, HDI version -1, container API version -1 (STDOUT, APP/TASK/deploy)#
#2026 05 08 03:52:05.571#Z#DEBUG#196a5c01-4a91-11f1-8594-eeee0a955217.Loja-db-deployer#flowable-async-job-executor-thread-15805#
[PollExecuteTaskStatusExecution] 540913b5-ee82-43db-a33d-eb5577322406 [2026-05-08T03:46:29.657318] Deployment started at 2026-05-08 03:46:29 (STDOUT, APP/TASK/deploy)#
#2026 05 08 03:52:05.571#Z#DEBUG#196a5c01-4a91-11f1-8594-eeee0a955217.Loja-db-deployer#flowable-async-job-executor-thread-15805#
[PollExecuteTaskStatusExecution] 540913b5-ee82-43db-a33d-eb5577322406 [2026-05-08T03:46:29.657515] Using hdb@2.27.1 for connection (STDOUT, APP/TASK/deploy)#
#2026 05 08 03:52:05.571#Z#DEBUG#196a5c01-4a91-11f1-8594-eeee0a955217.Loja-db-deployer#flowable-async-job-executor-thread-15805#
[PollExecuteTaskStatusExecution] 540913b5-ee82-43db-a33d-eb5577322406 [2026-05-08T03:46:29.657527] Detection of server version failed; root cause: Could not connect to any host: [ eaff8753-1771-4da6-a1a7-1f979574194f.hna1.prod-us10.hanacloud.ondemand.com:443 -  ] (STDOUT, APP/TASK/deploy)#
#2026 05 08 03:52:05.571#Z#DEBUG#196a5c01-4a91-11f1-8594-eeee0a955217.Loja-db-deployer#flowable-async-job-executor-thread-15805#
[PollExecuteTaskStatusExecution] 540913b5-ee82-43db-a33d-eb5577322406 [2026-05-08T03:46:29.657537] Detection of cloud version failed; root cause: Could not connect to any host: [ eaff8753-1771-4da6-a1a7-1f979574194f.hna1.prod-us10.hanacloud.ondemand.com:443 -  ] (STDOUT, APP/TASK/deploy)#
#2026 05 08 03:52:05.571#Z#DEBUG#196a5c01-4a91-11f1-8594-eeee0a955217.Loja-db-deployer#flowable-async-job-executor-thread-15805#
[PollExecuteTaskStatusExecution] 540913b5-ee82-43db-a33d-eb5577322406 [2026-05-08T03:46:29.657539] Detection of container API version failed; root cause: Could not connect to any host: [ eaff8753-1771-4da6-a1a7-1f979574194f.hna1.prod-us10.hanacloud.ondemand.com:443 -  ] (STDOUT, APP/TASK/deploy)#
#2026 05 08 03:52:05.571#Z#DEBUG#196a5c01-4a91-11f1-8594-eeee0a955217.Loja-db-deployer#flowable-async-job-executor-thread-15805#
[PollExecuteTaskStatusExecution] 540913b5-ee82-43db-a33d-eb5577322406 [2026-05-08T03:46:29.657541] Detection of HDI version failed; root cause: Could not connect to any host: [ eaff8753-1771-4da6-a1a7-1f979574194f.hna1.prod-us10.hanacloud.ondemand.com:443 -  ] (STDOUT, APP/TASK/deploy)#
#2026 05 08 03:52:05.571#Z#DEBUG#196a5c01-4a91-11f1-8594-eeee0a955217.Loja-db-deployer#flowable-async-job-executor-thread-15805#
[PollExecuteTaskStatusExecution] 540913b5-ee82-43db-a33d-eb5577322406 [2026-05-08T03:46:29.657880] Deployment ended at 2026-05-08 03:46:29 (STDOUT, APP/TASK/deploy)#
#2026 05 08 03:52:05.571#Z#DEBUG#196a5c01-4a91-11f1-8594-eeee0a955217.Loja-db-deployer#flowable-async-job-executor-thread-15805#
[PollExecuteTaskStatusExecution] 540913b5-ee82-43db-a33d-eb5577322406 [2026-05-08T03:46:29.658015] Error: Option parameter is not supported by the server; based on detected server version unknown (STDERR, APP/TASK/deploy)#
#2026 05 08 03:52:05.571#Z#DEBUG#196a5c01-4a91-11f1-8594-eeee0a955217.Loja-db-deployer#flowable-async-job-executor-thread-15805#
[PollExecuteTaskStatusExecution] 540913b5-ee82-43db-a33d-eb5577322406 [2026-05-08T03:46:29.658328] (6s 190ms) (STDOUT, APP/TASK/deploy)#
#2026 05 08 03:52:05.571#Z#DEBUG#196a5c01-4a91-11f1-8594-eeee0a955217.Loja-db-deployer#flowable-async-job-executor-thread-15805#
[PollExecuteTaskStatusExecution] 540913b5-ee82-43db-a33d-eb5577322406 [2026-05-08T03:46:29.726074] Exit status 1 (STDOUT, APP/TASK/deploy)#
#2026 05 08 03:52:05.571#Z#DEBUG#196a5c01-4a91-11f1-8594-eeee0a955217.Loja-db-deployer#flowable-async-job-executor-thread-15805#
[PollExecuteTaskStatusExecution] 540913b5-ee82-43db-a33d-eb5577322406 [2026-05-08T03:46:30.288582] Cell 684caff8-89cd-492b-be01-b3d0835f1763 stopping instance 86a0c098-3851-45a4-8cbd-8fd8cc135c8a (STDOUT, CELL)#
#2026 05 08 03:52:05.571#Z#DEBUG#196a5c01-4a91-11f1-8594-eeee0a955217.Loja-db-deployer#flowable-async-job-executor-thread-15805#
[PollExecuteTaskStatusExecution] 540913b5-ee82-43db-a33d-eb5577322406 [2026-05-08T03:46:30.288631] Cell 684caff8-89cd-492b-be01-b3d0835f1763 destroying container for instance 86a0c098-3851-45a4-8cbd-8fd8cc135c8a (STDOUT, CELL)#
#2026 05 08 03:52:05.571#Z#DEBUG#196a5c01-4a91-11f1-8594-eeee0a955217.Loja-db-deployer#flowable-async-job-executor-thread-15805#
[PollExecuteTaskStatusExecution] 540913b5-ee82-43db-a33d-eb5577322406 [2026-05-08T03:46:32.147726] Cell 684caff8-89cd-492b-be01-b3d0835f1763 successfully destroyed container for instance 86a0c098-3851-45a4-8cbd-8fd8cc135c8a (STDOUT, CELL)#
#2026 05 08 03:52:05.571#Z#DEBUG#196a5c01-4a91-11f1-8594-eeee0a955217.Loja-db-deployer#flowable-async-job-executor-thread-15805#
[PollExecuteTaskStatusExecution] 540913b5-ee82-43db-a33d-eb5577322406 [2026-05-08T03:46:35.850485] Cell d1cc041a-d5a1-41d6-b9f6-6cda736ce3f0 creating container for instance a675c220-b7e2-478a-a43a-0247d35ab60c (STDOUT, CELL)#
#2026 05 08 03:52:05.571#Z#DEBUG#196a5c01-4a91-11f1-8594-eeee0a955217.Loja-db-deployer#flowable-async-job-executor-thread-15805#
[PollExecuteTaskStatusExecution] 540913b5-ee82-43db-a33d-eb5577322406 [2026-05-08T03:46:36.232419] Security group rules were updated (STDOUT, CELL)#
#2026 05 08 03:52:05.571#Z#DEBUG#196a5c01-4a91-11f1-8594-eeee0a955217.Loja-db-deployer#flowable-async-job-executor-thread-15805#
[PollExecuteTaskStatusExecution] 540913b5-ee82-43db-a33d-eb5577322406 [2026-05-08T03:46:36.303979] Cell d1cc041a-d5a1-41d6-b9f6-6cda736ce3f0 successfully created container for instance a675c220-b7e2-478a-a43a-0247d35ab60c (STDOUT, CELL)#
#2026 05 08 03:52:05.571#Z#DEBUG#196a5c01-4a91-11f1-8594-eeee0a955217.Loja-db-deployer#flowable-async-job-executor-thread-15805#
[PollExecuteTaskStatusExecution] 540913b5-ee82-43db-a33d-eb5577322406 [2026-05-08T03:46:39.454256] Invoking pre-start scripts. (STDOUT, APP/TASK/deploy)#
#2026 05 08 03:52:05.571#Z#DEBUG#196a5c01-4a91-11f1-8594-eeee0a955217.Loja-db-deployer#flowable-async-job-executor-thread-15805#
[PollExecuteTaskStatusExecution] 540913b5-ee82-43db-a33d-eb5577322406 [2026-05-08T03:46:39.597013] Invoking start command. (STDOUT, APP/TASK/deploy)#
#2026 05 08 03:52:05.571#Z#DEBUG#196a5c01-4a91-11f1-8594-eeee0a955217.Loja-db-deployer#flowable-async-job-executor-thread-15805#
[PollExecuteTaskStatusExecution] 540913b5-ee82-43db-a33d-eb5577322406 [2026-05-08T03:46:39.917019] > start (STDOUT, APP/TASK/deploy)#
#2026 05 08 03:52:05.571#Z#DEBUG#196a5c01-4a91-11f1-8594-eeee0a955217.Loja-db-deployer#flowable-async-job-executor-thread-15805#
[PollExecuteTaskStatusExecution] 540913b5-ee82-43db-a33d-eb5577322406 [2026-05-08T03:46:39.917049] > node node_modules/@sap/hdi-deploy/deploy.js --use-hdb --parameter com.sap.hana.di.table/try_fast_table_migration=true (STDOUT, APP/TASK/deploy)#
#2026 05 08 03:52:05.571#Z#DEBUG#196a5c01-4a91-11f1-8594-eeee0a955217.Loja-db-deployer#flowable-async-job-executor-thread-15805#
[PollExecuteTaskStatusExecution] 540913b5-ee82-43db-a33d-eb5577322406 [2026-05-08T03:46:40.022167] VCAP_SERVICES: (STDOUT, APP/TASK/deploy)#
#2026 05 08 03:52:05.571#Z#DEBUG#196a5c01-4a91-11f1-8594-eeee0a955217.Loja-db-deployer#flowable-async-job-executor-thread-15805#
[PollExecuteTaskStatusExecution] 540913b5-ee82-43db-a33d-eb5577322406 [2026-05-08T03:46:40.022382] { (STDOUT, APP/TASK/deploy)#
#2026 05 08 03:52:05.571#Z#DEBUG#196a5c01-4a91-11f1-8594-eeee0a955217.Loja-db-deployer#flowable-async-job-executor-thread-15805#
[PollExecuteTaskStatusExecution] 540913b5-ee82-43db-a33d-eb5577322406 [2026-05-08T03:46:40.022398] "hana": [ (STDOUT, APP/TASK/deploy)#
#2026 05 08 03:52:05.571#Z#DEBUG#196a5c01-4a91-11f1-8594-eeee0a955217.Loja-db-deployer#flowable-async-job-executor-thread-15805#
[PollExecuteTaskStatusExecution] 540913b5-ee82-43db-a33d-eb5577322406 [2026-05-08T03:46:40.022401] { (STDOUT, APP/TASK/deploy)#
#2026 05 08 03:52:05.571#Z#DEBUG#196a5c01-4a91-11f1-8594-eeee0a955217.Loja-db-deployer#flowable-async-job-executor-thread-15805#
[PollExecuteTaskStatusExecution] 540913b5-ee82-43db-a33d-eb5577322406 [2026-05-08T03:46:40.022408] "name": "Loja-db", (STDOUT, APP/TASK/deploy)#
#2026 05 08 03:52:05.571#Z#DEBUG#196a5c01-4a91-11f1-8594-eeee0a955217.Loja-db-deployer#flowable-async-job-executor-thread-15805#
[PollExecuteTaskStatusExecution] 540913b5-ee82-43db-a33d-eb5577322406 [2026-05-08T03:46:40.022410] "label": "hana", (STDOUT, APP/TASK/deploy)#
#2026 05 08 03:52:05.571#Z#DEBUG#196a5c01-4a91-11f1-8594-eeee0a955217.Loja-db-deployer#flowable-async-job-executor-thread-15805#
[PollExecuteTaskStatusExecution] 540913b5-ee82-43db-a33d-eb5577322406 [2026-05-08T03:46:40.022413] "plan": "hdi-shared", (STDOUT, APP/TASK/deploy)#
#2026 05 08 03:52:05.571#Z#DEBUG#196a5c01-4a91-11f1-8594-eeee0a955217.Loja-db-deployer#flowable-async-job-executor-thread-15805#
[PollExecuteTaskStatusExecution] 540913b5-ee82-43db-a33d-eb5577322406 [2026-05-08T03:46:40.022415] "credentials": { (STDOUT, APP/TASK/deploy)#
#2026 05 08 03:52:05.571#Z#DEBUG#196a5c01-4a91-11f1-8594-eeee0a955217.Loja-db-deployer#flowable-async-job-executor-thread-15805#
[PollExecuteTaskStatusExecution] 540913b5-ee82-43db-a33d-eb5577322406 [2026-05-08T03:46:40.022418] "schema": "0BDA3929606647C1BC458C01854A3A3F", (STDOUT, APP/TASK/deploy)#
#2026 05 08 03:52:05.571#Z#DEBUG#196a5c01-4a91-11f1-8594-eeee0a955217.Loja-db-deployer#flowable-async-job-executor-thread-15805#
[PollExecuteTaskStatusExecution] 540913b5-ee82-43db-a33d-eb5577322406 [2026-05-08T03:46:40.022420] "database_id": "eaff8753-1771-4da6-a1a7-1f979574194f", (STDOUT, APP/TASK/deploy)#
#2026 05 08 03:52:05.571#Z#DEBUG#196a5c01-4a91-11f1-8594-eeee0a955217.Loja-db-deployer#flowable-async-job-executor-thread-15805#
[PollExecuteTaskStatusExecution] 540913b5-ee82-43db-a33d-eb5577322406 [2026-05-08T03:46:40.022423] "user": "0BDA3929606647C1BC458C01854A3A3F_6AQN1HUN77CIGLZYWTAQVCC3Z_RT", (STDOUT, APP/TASK/deploy)#
#2026 05 08 03:52:05.571#Z#DEBUG#196a5c01-4a91-11f1-8594-eeee0a955217.Loja-db-deployer#flowable-async-job-executor-thread-15805#
[PollExecuteTaskStatusExecution] 540913b5-ee82-43db-a33d-eb5577322406 [2026-05-08T03:46:40.022425] "hdi_user": "0BDA3929606647C1BC458C01854A3A3F_6AQN1HUN77CIGLZYWTAQVCC3Z_DT" (STDOUT, APP/TASK/deploy)#
#2026 05 08 03:52:05.571#Z#DEBUG#196a5c01-4a91-11f1-8594-eeee0a955217.Loja-db-deployer#flowable-async-job-executor-thread-15805#
[PollExecuteTaskStatusExecution] 540913b5-ee82-43db-a33d-eb5577322406 [2026-05-08T03:46:40.022429] }, (STDOUT, APP/TASK/deploy)#
#2026 05 08 03:52:05.571#Z#DEBUG#196a5c01-4a91-11f1-8594-eeee0a955217.Loja-db-deployer#flowable-async-job-executor-thread-15805#
[PollExecuteTaskStatusExecution] 540913b5-ee82-43db-a33d-eb5577322406 [2026-05-08T03:46:40.022431] "tags": [ (STDOUT, APP/TASK/deploy)#
#2026 05 08 03:52:05.571#Z#DEBUG#196a5c01-4a91-11f1-8594-eeee0a955217.Loja-db-deployer#flowable-async-job-executor-thread-15805#
[PollExecuteTaskStatusExecution] 540913b5-ee82-43db-a33d-eb5577322406 [2026-05-08T03:46:40.022433] "hana", (STDOUT, APP/TASK/deploy)#
#2026 05 08 03:52:05.571#Z#DEBUG#196a5c01-4a91-11f1-8594-eeee0a955217.Loja-db-deployer#flowable-async-job-executor-thread-15805#
[PollExecuteTaskStatusExecution] 540913b5-ee82-43db-a33d-eb5577322406 [2026-05-08T03:46:40.022435] "database", (STDOUT, APP/TASK/deploy)#
#2026 05 08 03:52:05.571#Z#DEBUG#196a5c01-4a91-11f1-8594-eeee0a955217.Loja-db-deployer#flowable-async-job-executor-thread-15805#
[PollExecuteTaskStatusExecution] 540913b5-ee82-43db-a33d-eb5577322406 [2026-05-08T03:46:40.022459] "relational" (STDOUT, APP/TASK/deploy)#
#2026 05 08 03:52:05.571#Z#DEBUG#196a5c01-4a91-11f1-8594-eeee0a955217.Loja-db-deployer#flowable-async-job-executor-thread-15805#
[PollExecuteTaskStatusExecution] 540913b5-ee82-43db-a33d-eb5577322406 [2026-05-08T03:46:40.022460] ] (STDOUT, APP/TASK/deploy)#
#2026 05 08 03:52:05.571#Z#DEBUG#196a5c01-4a91-11f1-8594-eeee0a955217.Loja-db-deployer#flowable-async-job-executor-thread-15805#
[PollExecuteTaskStatusExecution] 540913b5-ee82-43db-a33d-eb5577322406 [2026-05-08T03:46:40.022462] } (STDOUT, APP/TASK/deploy)#
#2026 05 08 03:52:05.571#Z#DEBUG#196a5c01-4a91-11f1-8594-eeee0a955217.Loja-db-deployer#flowable-async-job-executor-thread-15805#
[PollExecuteTaskStatusExecution] 540913b5-ee82-43db-a33d-eb5577322406 [2026-05-08T03:46:40.022464] ] (STDOUT, APP/TASK/deploy)#
#2026 05 08 03:52:05.571#Z#DEBUG#196a5c01-4a91-11f1-8594-eeee0a955217.Loja-db-deployer#flowable-async-job-executor-thread-15805#
[PollExecuteTaskStatusExecution] 540913b5-ee82-43db-a33d-eb5577322406 [2026-05-08T03:46:40.022466] } (STDOUT, APP/TASK/deploy)#
#2026 05 08 03:52:05.571#Z#DEBUG#196a5c01-4a91-11f1-8594-eeee0a955217.Loja-db-deployer#flowable-async-job-executor-thread-15805#
[PollExecuteTaskStatusExecution] 540913b5-ee82-43db-a33d-eb5577322406 [2026-05-08T03:46:46.112765] @sap/hdi-deploy, version 5.6.1 (mode default), server version unknown (0.0.0.0), cloud version , node version 24.13.0, HDI version -1, container API version -1 (STDOUT, APP/TASK/deploy)#
#2026 05 08 03:52:05.571#Z#DEBUG#196a5c01-4a91-11f1-8594-eeee0a955217.Loja-db-deployer#flowable-async-job-executor-thread-15805#
[PollExecuteTaskStatusExecution] 540913b5-ee82-43db-a33d-eb5577322406 [2026-05-08T03:46:46.113010] Deployment started at 2026-05-08 03:46:46 (STDOUT, APP/TASK/deploy)#
#2026 05 08 03:52:05.571#Z#DEBUG#196a5c01-4a91-11f1-8594-eeee0a955217.Loja-db-deployer#flowable-async-job-executor-thread-15805#
[PollExecuteTaskStatusExecution] 540913b5-ee82-43db-a33d-eb5577322406 [2026-05-08T03:46:46.113182] Using hdb@2.27.1 for connection (STDOUT, APP/TASK/deploy)#
#2026 05 08 03:52:05.571#Z#DEBUG#196a5c01-4a91-11f1-8594-eeee0a955217.Loja-db-deployer#flowable-async-job-executor-thread-15805#
[PollExecuteTaskStatusExecution] 540913b5-ee82-43db-a33d-eb5577322406 [2026-05-08T03:46:46.113195] Detection of server version failed; root cause: Could not connect to any host: [ eaff8753-1771-4da6-a1a7-1f979574194f.hna1.prod-us10.hanacloud.ondemand.com:443 -  ] (STDOUT, APP/TASK/deploy)#
#2026 05 08 03:52:05.571#Z#DEBUG#196a5c01-4a91-11f1-8594-eeee0a955217.Loja-db-deployer#flowable-async-job-executor-thread-15805#
[PollExecuteTaskStatusExecution] 540913b5-ee82-43db-a33d-eb5577322406 [2026-05-08T03:46:46.113201] Detection of cloud version failed; root cause: Could not connect to any host: [ eaff8753-1771-4da6-a1a7-1f979574194f.hna1.prod-us10.hanacloud.ondemand.com:443 -  ] (STDOUT, APP/TASK/deploy)#
#2026 05 08 03:52:05.571#Z#DEBUG#196a5c01-4a91-11f1-8594-eeee0a955217.Loja-db-deployer#flowable-async-job-executor-thread-15805#
[PollExecuteTaskStatusExecution] 540913b5-ee82-43db-a33d-eb5577322406 [2026-05-08T03:46:46.113319] Detection of container API version failed; root cause: Could not connect to any host: [ eaff8753-1771-4da6-a1a7-1f979574194f.hna1.prod-us10.hanacloud.ondemand.com:443 -  ] (STDOUT, APP/TASK/deploy)#
#2026 05 08 03:52:05.571#Z#DEBUG#196a5c01-4a91-11f1-8594-eeee0a955217.Loja-db-deployer#flowable-async-job-executor-thread-15805#
[PollExecuteTaskStatusExecution] 540913b5-ee82-43db-a33d-eb5577322406 [2026-05-08T03:46:46.113341] Detection of HDI version failed; root cause: Could not connect to any host: [ eaff8753-1771-4da6-a1a7-1f979574194f.hna1.prod-us10.hanacloud.ondemand.com:443 -  ] (STDOUT, APP/TASK/deploy)#
#2026 05 08 03:52:05.571#Z#DEBUG#196a5c01-4a91-11f1-8594-eeee0a955217.Loja-db-deployer#flowable-async-job-executor-thread-15805#
[PollExecuteTaskStatusExecution] 540913b5-ee82-43db-a33d-eb5577322406 [2026-05-08T03:46:46.113663] Deployment ended at 2026-05-08 03:46:46 (STDOUT, APP/TASK/deploy)#
#2026 05 08 03:52:05.571#Z#DEBUG#196a5c01-4a91-11f1-8594-eeee0a955217.Loja-db-deployer#flowable-async-job-executor-thread-15805#
[PollExecuteTaskStatusExecution] 540913b5-ee82-43db-a33d-eb5577322406 [2026-05-08T03:46:46.113788] Error: Option parameter is not supported by the server; based on detected server version unknown (STDERR, APP/TASK/deploy)#
#2026 05 08 03:52:05.571#Z#DEBUG#196a5c01-4a91-11f1-8594-eeee0a955217.Loja-db-deployer#flowable-async-job-executor-thread-15805#
[PollExecuteTaskStatusExecution] 540913b5-ee82-43db-a33d-eb5577322406 [2026-05-08T03:46:46.114109] (6s 168ms) (STDOUT, APP/TASK/deploy)#
#2026 05 08 03:52:05.571#Z#DEBUG#196a5c01-4a91-11f1-8594-eeee0a955217.Loja-db-deployer#flowable-async-job-executor-thread-15805#
[PollExecuteTaskStatusExecution] 540913b5-ee82-43db-a33d-eb5577322406 [2026-05-08T03:46:46.184393] Exit status 1 (STDOUT, APP/TASK/deploy)#
#2026 05 08 03:52:05.571#Z#DEBUG#196a5c01-4a91-11f1-8594-eeee0a955217.Loja-db-deployer#flowable-async-job-executor-thread-15805#
[PollExecuteTaskStatusExecution] 540913b5-ee82-43db-a33d-eb5577322406 [2026-05-08T03:46:46.827418] Cell d1cc041a-d5a1-41d6-b9f6-6cda736ce3f0 stopping instance a675c220-b7e2-478a-a43a-0247d35ab60c (STDOUT, CELL)#
#2026 05 08 03:52:05.571#Z#DEBUG#196a5c01-4a91-11f1-8594-eeee0a955217.Loja-db-deployer#flowable-async-job-executor-thread-15805#
[PollExecuteTaskStatusExecution] 540913b5-ee82-43db-a33d-eb5577322406 [2026-05-08T03:46:46.827482] Cell d1cc041a-d5a1-41d6-b9f6-6cda736ce3f0 destroying container for instance a675c220-b7e2-478a-a43a-0247d35ab60c (STDOUT, CELL)#
#2026 05 08 03:52:05.571#Z#DEBUG#196a5c01-4a91-11f1-8594-eeee0a955217.Loja-db-deployer#flowable-async-job-executor-thread-15805#
[PollExecuteTaskStatusExecution] 540913b5-ee82-43db-a33d-eb5577322406 [2026-05-08T03:46:48.227975] Cell d1cc041a-d5a1-41d6-b9f6-6cda736ce3f0 successfully destroyed container for instance a675c220-b7e2-478a-a43a-0247d35ab60c (STDOUT, CELL)#
#2026 05 08 03:52:05.571#Z#DEBUG#196a5c01-4a91-11f1-8594-eeee0a955217.Loja-db-deployer#flowable-async-job-executor-thread-15805#
[PollExecuteTaskStatusExecution] 540913b5-ee82-43db-a33d-eb5577322406 [2026-05-08T03:46:57.244321] Cell d1cc041a-d5a1-41d6-b9f6-6cda736ce3f0 creating container for instance 5c041542-34be-43b0-a895-ca3e7fdbf958 (STDOUT, CELL)#
#2026 05 08 03:52:05.571#Z#DEBUG#196a5c01-4a91-11f1-8594-eeee0a955217.Loja-db-deployer#flowable-async-job-executor-thread-15805#
[PollExecuteTaskStatusExecution] 540913b5-ee82-43db-a33d-eb5577322406 [2026-05-08T03:46:57.597721] Security group rules were updated (STDOUT, CELL)#
#2026 05 08 03:52:05.571#Z#DEBUG#196a5c01-4a91-11f1-8594-eeee0a955217.Loja-db-deployer#flowable-async-job-executor-thread-15805#
[PollExecuteTaskStatusExecution] 540913b5-ee82-43db-a33d-eb5577322406 [2026-05-08T03:46:57.650347] Cell d1cc041a-d5a1-41d6-b9f6-6cda736ce3f0 successfully created container for instance 5c041542-34be-43b0-a895-ca3e7fdbf958 (STDOUT, CELL)#
#2026 05 08 03:52:05.571#Z#DEBUG#196a5c01-4a91-11f1-8594-eeee0a955217.Loja-db-deployer#flowable-async-job-executor-thread-15805#
[PollExecuteTaskStatusExecution] 540913b5-ee82-43db-a33d-eb5577322406 [2026-05-08T03:47:00.819755] Invoking pre-start scripts. (STDOUT, APP/TASK/deploy)#
#2026 05 08 03:52:05.571#Z#DEBUG#196a5c01-4a91-11f1-8594-eeee0a955217.Loja-db-deployer#flowable-async-job-executor-thread-15805#
[PollExecuteTaskStatusExecution] 540913b5-ee82-43db-a33d-eb5577322406 [2026-05-08T03:47:00.958936] Invoking start command. (STDOUT, APP/TASK/deploy)#
#2026 05 08 03:52:05.571#Z#DEBUG#196a5c01-4a91-11f1-8594-eeee0a955217.Loja-db-deployer#flowable-async-job-executor-thread-15805#
[PollExecuteTaskStatusExecution] 540913b5-ee82-43db-a33d-eb5577322406 [2026-05-08T03:47:01.293411] > start (STDOUT, APP/TASK/deploy)#
#2026 05 08 03:52:05.571#Z#DEBUG#196a5c01-4a91-11f1-8594-eeee0a955217.Loja-db-deployer#flowable-async-job-executor-thread-15805#
[PollExecuteTaskStatusExecution] 540913b5-ee82-43db-a33d-eb5577322406 [2026-05-08T03:47:01.293428] > node node_modules/@sap/hdi-deploy/deploy.js --use-hdb --parameter com.sap.hana.di.table/try_fast_table_migration=true (STDOUT, APP/TASK/deploy)#
#2026 05 08 03:52:05.571#Z#DEBUG#196a5c01-4a91-11f1-8594-eeee0a955217.Loja-db-deployer#flowable-async-job-executor-thread-15805#
[PollExecuteTaskStatusExecution] 540913b5-ee82-43db-a33d-eb5577322406 [2026-05-08T03:47:01.398916] VCAP_SERVICES: (STDOUT, APP/TASK/deploy)#
#2026 05 08 03:52:05.571#Z#DEBUG#196a5c01-4a91-11f1-8594-eeee0a955217.Loja-db-deployer#flowable-async-job-executor-thread-15805#
[PollExecuteTaskStatusExecution] 540913b5-ee82-43db-a33d-eb5577322406 [2026-05-08T03:47:01.399082] { (STDOUT, APP/TASK/deploy)#
#2026 05 08 03:52:05.571#Z#DEBUG#196a5c01-4a91-11f1-8594-eeee0a955217.Loja-db-deployer#flowable-async-job-executor-thread-15805#
[PollExecuteTaskStatusExecution] 540913b5-ee82-43db-a33d-eb5577322406 [2026-05-08T03:47:01.399093] "hana": [ (STDOUT, APP/TASK/deploy)#
#2026 05 08 03:52:05.571#Z#DEBUG#196a5c01-4a91-11f1-8594-eeee0a955217.Loja-db-deployer#flowable-async-job-executor-thread-15805#
[PollExecuteTaskStatusExecution] 540913b5-ee82-43db-a33d-eb5577322406 [2026-05-08T03:47:01.399096] { (STDOUT, APP/TASK/deploy)#
#2026 05 08 03:52:05.571#Z#DEBUG#196a5c01-4a91-11f1-8594-eeee0a955217.Loja-db-deployer#flowable-async-job-executor-thread-15805#
[PollExecuteTaskStatusExecution] 540913b5-ee82-43db-a33d-eb5577322406 [2026-05-08T03:47:01.399104] "name": "Loja-db", (STDOUT, APP/TASK/deploy)#
#2026 05 08 03:52:05.571#Z#DEBUG#196a5c01-4a91-11f1-8594-eeee0a955217.Loja-db-deployer#flowable-async-job-executor-thread-15805#
[PollExecuteTaskStatusExecution] 540913b5-ee82-43db-a33d-eb5577322406 [2026-05-08T03:47:01.399106] "label": "hana", (STDOUT, APP/TASK/deploy)#
#2026 05 08 03:52:05.571#Z#DEBUG#196a5c01-4a91-11f1-8594-eeee0a955217.Loja-db-deployer#flowable-async-job-executor-thread-15805#
[PollExecuteTaskStatusExecution] 540913b5-ee82-43db-a33d-eb5577322406 [2026-05-08T03:47:01.399111] "plan": "hdi-shared", (STDOUT, APP/TASK/deploy)#
#2026 05 08 03:52:05.571#Z#DEBUG#196a5c01-4a91-11f1-8594-eeee0a955217.Loja-db-deployer#flowable-async-job-executor-thread-15805#
[PollExecuteTaskStatusExecution] 540913b5-ee82-43db-a33d-eb5577322406 [2026-05-08T03:47:01.399113] "credentials": { (STDOUT, APP/TASK/deploy)#
#2026 05 08 03:52:05.571#Z#DEBUG#196a5c01-4a91-11f1-8594-eeee0a955217.Loja-db-deployer#flowable-async-job-executor-thread-15805#
[PollExecuteTaskStatusExecution] 540913b5-ee82-43db-a33d-eb5577322406 [2026-05-08T03:47:01.399115] "schema": "0BDA3929606647C1BC458C01854A3A3F", (STDOUT, APP/TASK/deploy)#
#2026 05 08 03:52:05.571#Z#DEBUG#196a5c01-4a91-11f1-8594-eeee0a955217.Loja-db-deployer#flowable-async-job-executor-thread-15805#
[PollExecuteTaskStatusExecution] 540913b5-ee82-43db-a33d-eb5577322406 [2026-05-08T03:47:01.399117] "database_id": "eaff8753-1771-4da6-a1a7-1f979574194f", (STDOUT, APP/TASK/deploy)#
#2026 05 08 03:52:05.571#Z#DEBUG#196a5c01-4a91-11f1-8594-eeee0a955217.Loja-db-deployer#flowable-async-job-executor-thread-15805#
[PollExecuteTaskStatusExecution] 540913b5-ee82-43db-a33d-eb5577322406 [2026-05-08T03:47:01.399119] "user": "0BDA3929606647C1BC458C01854A3A3F_6AQN1HUN77CIGLZYWTAQVCC3Z_RT", (STDOUT, APP/TASK/deploy)#
#2026 05 08 03:52:05.571#Z#DEBUG#196a5c01-4a91-11f1-8594-eeee0a955217.Loja-db-deployer#flowable-async-job-executor-thread-15805#
[PollExecuteTaskStatusExecution] 540913b5-ee82-43db-a33d-eb5577322406 [2026-05-08T03:47:01.399122] "hdi_user": "0BDA3929606647C1BC458C01854A3A3F_6AQN1HUN77CIGLZYWTAQVCC3Z_DT" (STDOUT, APP/TASK/deploy)#
#2026 05 08 03:52:05.571#Z#DEBUG#196a5c01-4a91-11f1-8594-eeee0a955217.Loja-db-deployer#flowable-async-job-executor-thread-15805#
[PollExecuteTaskStatusExecution] 540913b5-ee82-43db-a33d-eb5577322406 [2026-05-08T03:47:01.399123] }, (STDOUT, APP/TASK/deploy)#
#2026 05 08 03:52:05.571#Z#DEBUG#196a5c01-4a91-11f1-8594-eeee0a955217.Loja-db-deployer#flowable-async-job-executor-thread-15805#
[PollExecuteTaskStatusExecution] 540913b5-ee82-43db-a33d-eb5577322406 [2026-05-08T03:47:01.399124] "tags": [ (STDOUT, APP/TASK/deploy)#
#2026 05 08 03:52:05.571#Z#DEBUG#196a5c01-4a91-11f1-8594-eeee0a955217.Loja-db-deployer#flowable-async-job-executor-thread-15805#
[PollExecuteTaskStatusExecution] 540913b5-ee82-43db-a33d-eb5577322406 [2026-05-08T03:47:01.399126] "hana", (STDOUT, APP/TASK/deploy)#
#2026 05 08 03:52:05.571#Z#DEBUG#196a5c01-4a91-11f1-8594-eeee0a955217.Loja-db-deployer#flowable-async-job-executor-thread-15805#
[PollExecuteTaskStatusExecution] 540913b5-ee82-43db-a33d-eb5577322406 [2026-05-08T03:47:01.399127] "database", (STDOUT, APP/TASK/deploy)#
#2026 05 08 03:52:05.571#Z#DEBUG#196a5c01-4a91-11f1-8594-eeee0a955217.Loja-db-deployer#flowable-async-job-executor-thread-15805#
[PollExecuteTaskStatusExecution] 540913b5-ee82-43db-a33d-eb5577322406 [2026-05-08T03:47:01.399129] "relational" (STDOUT, APP/TASK/deploy)#
#2026 05 08 03:52:05.571#Z#DEBUG#196a5c01-4a91-11f1-8594-eeee0a955217.Loja-db-deployer#flowable-async-job-executor-thread-15805#
[PollExecuteTaskStatusExecution] 540913b5-ee82-43db-a33d-eb5577322406 [2026-05-08T03:47:01.399130] ] (STDOUT, APP/TASK/deploy)#
#2026 05 08 03:52:05.571#Z#DEBUG#196a5c01-4a91-11f1-8594-eeee0a955217.Loja-db-deployer#flowable-async-job-executor-thread-15805#
[PollExecuteTaskStatusExecution] 540913b5-ee82-43db-a33d-eb5577322406 [2026-05-08T03:47:01.399133] } (STDOUT, APP/TASK/deploy)#
#2026 05 08 03:52:05.571#Z#DEBUG#196a5c01-4a91-11f1-8594-eeee0a955217.Loja-db-deployer#flowable-async-job-executor-thread-15805#
[PollExecuteTaskStatusExecution] 540913b5-ee82-43db-a33d-eb5577322406 [2026-05-08T03:47:01.399134] ] (STDOUT, APP/TASK/deploy)#
#2026 05 08 03:52:05.571#Z#DEBUG#196a5c01-4a91-11f1-8594-eeee0a955217.Loja-db-deployer#flowable-async-job-executor-thread-15805#
[PollExecuteTaskStatusExecution] 540913b5-ee82-43db-a33d-eb5577322406 [2026-05-08T03:47:01.399135] } (STDOUT, APP/TASK/deploy)#
#2026 05 08 03:52:05.571#Z#DEBUG#196a5c01-4a91-11f1-8594-eeee0a955217.Loja-db-deployer#flowable-async-job-executor-thread-15805#
[PollExecuteTaskStatusExecution] 540913b5-ee82-43db-a33d-eb5577322406 [2026-05-08T03:47:07.490781] @sap/hdi-deploy, version 5.6.1 (mode default), server version unknown (0.0.0.0), cloud version , node version 24.13.0, HDI version -1, container API version -1 (STDOUT, APP/TASK/deploy)#
#2026 05 08 03:52:05.571#Z#DEBUG#196a5c01-4a91-11f1-8594-eeee0a955217.Loja-db-deployer#flowable-async-job-executor-thread-15805#
[PollExecuteTaskStatusExecution] 540913b5-ee82-43db-a33d-eb5577322406 [2026-05-08T03:47:07.490933] Deployment started at 2026-05-08 03:47:07 (STDOUT, APP/TASK/deploy)#
#2026 05 08 03:52:05.571#Z#DEBUG#196a5c01-4a91-11f1-8594-eeee0a955217.Loja-db-deployer#flowable-async-job-executor-thread-15805#
[PollExecuteTaskStatusExecution] 540913b5-ee82-43db-a33d-eb5577322406 [2026-05-08T03:47:07.491150] Using hdb@2.27.1 for connection (STDOUT, APP/TASK/deploy)#
#2026 05 08 03:52:05.571#Z#DEBUG#196a5c01-4a91-11f1-8594-eeee0a955217.Loja-db-deployer#flowable-async-job-executor-thread-15805#
[PollExecuteTaskStatusExecution] 540913b5-ee82-43db-a33d-eb5577322406 [2026-05-08T03:47:07.491170] Detection of server version failed; root cause: Could not connect to any host: [ eaff8753-1771-4da6-a1a7-1f979574194f.hna1.prod-us10.hanacloud.ondemand.com:443 -  ] (STDOUT, APP/TASK/deploy)#
#2026 05 08 03:52:05.571#Z#DEBUG#196a5c01-4a91-11f1-8594-eeee0a955217.Loja-db-deployer#flowable-async-job-executor-thread-15805#
[PollExecuteTaskStatusExecution] 540913b5-ee82-43db-a33d-eb5577322406 [2026-05-08T03:47:07.491175] Detection of cloud version failed; root cause: Could not connect to any host: [ eaff8753-1771-4da6-a1a7-1f979574194f.hna1.prod-us10.hanacloud.ondemand.com:443 -  ] (STDOUT, APP/TASK/deploy)#
#2026 05 08 03:52:05.571#Z#DEBUG#196a5c01-4a91-11f1-8594-eeee0a955217.Loja-db-deployer#flowable-async-job-executor-thread-15805#
[PollExecuteTaskStatusExecution] 540913b5-ee82-43db-a33d-eb5577322406 [2026-05-08T03:47:07.491179] Detection of container API version failed; root cause: Could not connect to any host: [ eaff8753-1771-4da6-a1a7-1f979574194f.hna1.prod-us10.hanacloud.ondemand.com:443 -  ] (STDOUT, APP/TASK/deploy)#
#2026 05 08 03:52:05.571#Z#DEBUG#196a5c01-4a91-11f1-8594-eeee0a955217.Loja-db-deployer#flowable-async-job-executor-thread-15805#
[PollExecuteTaskStatusExecution] 540913b5-ee82-43db-a33d-eb5577322406 [2026-05-08T03:47:07.491183] Detection of HDI version failed; root cause: Could not connect to any host: [ eaff8753-1771-4da6-a1a7-1f979574194f.hna1.prod-us10.hanacloud.ondemand.com:443 -  ] (STDOUT, APP/TASK/deploy)#
#2026 05 08 03:52:05.571#Z#DEBUG#196a5c01-4a91-11f1-8594-eeee0a955217.Loja-db-deployer#flowable-async-job-executor-thread-15805#
[PollExecuteTaskStatusExecution] 540913b5-ee82-43db-a33d-eb5577322406 [2026-05-08T03:47:07.491567] Deployment ended at 2026-05-08 03:47:07 (STDOUT, APP/TASK/deploy)#
#2026 05 08 03:52:05.571#Z#DEBUG#196a5c01-4a91-11f1-8594-eeee0a955217.Loja-db-deployer#flowable-async-job-executor-thread-15805#
[PollExecuteTaskStatusExecution] 540913b5-ee82-43db-a33d-eb5577322406 [2026-05-08T03:47:07.491733] Error: Option parameter is not supported by the server; based on detected server version unknown (STDERR, APP/TASK/deploy)#
#2026 05 08 03:52:05.571#Z#DEBUG#196a5c01-4a91-11f1-8594-eeee0a955217.Loja-db-deployer#flowable-async-job-executor-thread-15805#
[PollExecuteTaskStatusExecution] 540913b5-ee82-43db-a33d-eb5577322406 [2026-05-08T03:47:07.491974] (6s 169ms) (STDOUT, APP/TASK/deploy)#
#2026 05 08 03:52:05.571#Z#DEBUG#196a5c01-4a91-11f1-8594-eeee0a955217.Loja-db-deployer#flowable-async-job-executor-thread-15805#
[PollExecuteTaskStatusExecution] 540913b5-ee82-43db-a33d-eb5577322406 [2026-05-08T03:47:07.557551] Exit status 1 (STDOUT, APP/TASK/deploy)#
#2026 05 08 03:52:05.571#Z#DEBUG#196a5c01-4a91-11f1-8594-eeee0a955217.Loja-db-deployer#flowable-async-job-executor-thread-15805#
[PollExecuteTaskStatusExecution] 540913b5-ee82-43db-a33d-eb5577322406 [2026-05-08T03:47:08.168802] Cell d1cc041a-d5a1-41d6-b9f6-6cda736ce3f0 stopping instance 5c041542-34be-43b0-a895-ca3e7fdbf958 (STDOUT, CELL)#
#2026 05 08 03:52:05.571#Z#DEBUG#196a5c01-4a91-11f1-8594-eeee0a955217.Loja-db-deployer#flowable-async-job-executor-thread-15805#
[PollExecuteTaskStatusExecution] 540913b5-ee82-43db-a33d-eb5577322406 [2026-05-08T03:47:08.168855] Cell d1cc041a-d5a1-41d6-b9f6-6cda736ce3f0 destroying container for instance 5c041542-34be-43b0-a895-ca3e7fdbf958 (STDOUT, CELL)#
#2026 05 08 03:52:05.571#Z#DEBUG#196a5c01-4a91-11f1-8594-eeee0a955217.Loja-db-deployer#flowable-async-job-executor-thread-15805#
[PollExecuteTaskStatusExecution] 540913b5-ee82-43db-a33d-eb5577322406 [2026-05-08T03:47:09.887806] Cell d1cc041a-d5a1-41d6-b9f6-6cda736ce3f0 successfully destroyed container for instance 5c041542-34be-43b0-a895-ca3e7fdbf958 (STDOUT, CELL)#
#2026 05 08 03:52:05.571#Z#DEBUG#196a5c01-4a91-11f1-8594-eeee0a955217.Loja-db-deployer#flowable-async-job-executor-thread-15805#
[PollExecuteTaskStatusExecution] 540913b5-ee82-43db-a33d-eb5577322406 [2026-05-08T03:47:15.564261] Cell 77283d80-dfa7-40ba-ba4e-265aef112085 creating container for instance c286cbc0-9015-40a3-bf7b-2d3ba0e27768 (STDOUT, CELL)#
#2026 05 08 03:52:05.571#Z#DEBUG#196a5c01-4a91-11f1-8594-eeee0a955217.Loja-db-deployer#flowable-async-job-executor-thread-15805#
[PollExecuteTaskStatusExecution] 540913b5-ee82-43db-a33d-eb5577322406 [2026-05-08T03:47:15.898629] Security group rules were updated (STDOUT, CELL)#
#2026 05 08 03:52:05.571#Z#DEBUG#196a5c01-4a91-11f1-8594-eeee0a955217.Loja-db-deployer#flowable-async-job-executor-thread-15805#
[PollExecuteTaskStatusExecution] 540913b5-ee82-43db-a33d-eb5577322406 [2026-05-08T03:47:15.972593] Cell 77283d80-dfa7-40ba-ba4e-265aef112085 successfully created container for instance c286cbc0-9015-40a3-bf7b-2d3ba0e27768 (STDOUT, CELL)#
#2026 05 08 03:52:05.571#Z#DEBUG#196a5c01-4a91-11f1-8594-eeee0a955217.Loja-db-deployer#flowable-async-job-executor-thread-15805#
[PollExecuteTaskStatusExecution] 540913b5-ee82-43db-a33d-eb5577322406 [2026-05-08T03:47:19.350266] Invoking pre-start scripts. (STDOUT, APP/TASK/deploy)#
#2026 05 08 03:52:05.571#Z#DEBUG#196a5c01-4a91-11f1-8594-eeee0a955217.Loja-db-deployer#flowable-async-job-executor-thread-15805#
[PollExecuteTaskStatusExecution] 540913b5-ee82-43db-a33d-eb5577322406 [2026-05-08T03:47:19.484961] Invoking start command. (STDOUT, APP/TASK/deploy)#
#2026 05 08 03:52:05.571#Z#DEBUG#196a5c01-4a91-11f1-8594-eeee0a955217.Loja-db-deployer#flowable-async-job-executor-thread-15805#
[PollExecuteTaskStatusExecution] 540913b5-ee82-43db-a33d-eb5577322406 [2026-05-08T03:47:19.793214] > start (STDOUT, APP/TASK/deploy)#
#2026 05 08 03:52:05.571#Z#DEBUG#196a5c01-4a91-11f1-8594-eeee0a955217.Loja-db-deployer#flowable-async-job-executor-thread-15805#
[PollExecuteTaskStatusExecution] 540913b5-ee82-43db-a33d-eb5577322406 [2026-05-08T03:47:19.793244] > node node_modules/@sap/hdi-deploy/deploy.js --use-hdb --parameter com.sap.hana.di.table/try_fast_table_migration=true (STDOUT, APP/TASK/deploy)#
#2026 05 08 03:52:05.571#Z#DEBUG#196a5c01-4a91-11f1-8594-eeee0a955217.Loja-db-deployer#flowable-async-job-executor-thread-15805#
[PollExecuteTaskStatusExecution] 540913b5-ee82-43db-a33d-eb5577322406 [2026-05-08T03:47:19.893738] VCAP_SERVICES: (STDOUT, APP/TASK/deploy)#
#2026 05 08 03:52:05.571#Z#DEBUG#196a5c01-4a91-11f1-8594-eeee0a955217.Loja-db-deployer#flowable-async-job-executor-thread-15805#
[PollExecuteTaskStatusExecution] 540913b5-ee82-43db-a33d-eb5577322406 [2026-05-08T03:47:19.893909] { (STDOUT, APP/TASK/deploy)#
#2026 05 08 03:52:05.571#Z#DEBUG#196a5c01-4a91-11f1-8594-eeee0a955217.Loja-db-deployer#flowable-async-job-executor-thread-15805#
[PollExecuteTaskStatusExecution] 540913b5-ee82-43db-a33d-eb5577322406 [2026-05-08T03:47:19.893923] "hana": [ (STDOUT, APP/TASK/deploy)#
#2026 05 08 03:52:05.571#Z#DEBUG#196a5c01-4a91-11f1-8594-eeee0a955217.Loja-db-deployer#flowable-async-job-executor-thread-15805#
[PollExecuteTaskStatusExecution] 540913b5-ee82-43db-a33d-eb5577322406 [2026-05-08T03:47:19.893926] { (STDOUT, APP/TASK/deploy)#
#2026 05 08 03:52:05.571#Z#DEBUG#196a5c01-4a91-11f1-8594-eeee0a955217.Loja-db-deployer#flowable-async-job-executor-thread-15805#
[PollExecuteTaskStatusExecution] 540913b5-ee82-43db-a33d-eb5577322406 [2026-05-08T03:47:19.893929] "name": "Loja-db", (STDOUT, APP/TASK/deploy)#
#2026 05 08 03:52:05.571#Z#DEBUG#196a5c01-4a91-11f1-8594-eeee0a955217.Loja-db-deployer#flowable-async-job-executor-thread-15805#
[PollExecuteTaskStatusExecution] 540913b5-ee82-43db-a33d-eb5577322406 [2026-05-08T03:47:19.893931] "label": "hana", (STDOUT, APP/TASK/deploy)#
#2026 05 08 03:52:05.571#Z#DEBUG#196a5c01-4a91-11f1-8594-eeee0a955217.Loja-db-deployer#flowable-async-job-executor-thread-15805#
[PollExecuteTaskStatusExecution] 540913b5-ee82-43db-a33d-eb5577322406 [2026-05-08T03:47:19.893934] "plan": "hdi-shared", (STDOUT, APP/TASK/deploy)#
#2026 05 08 03:52:05.571#Z#DEBUG#196a5c01-4a91-11f1-8594-eeee0a955217.Loja-db-deployer#flowable-async-job-executor-thread-15805#
[PollExecuteTaskStatusExecution] 540913b5-ee82-43db-a33d-eb5577322406 [2026-05-08T03:47:19.893942] "credentials": { (STDOUT, APP/TASK/deploy)#
#2026 05 08 03:52:05.571#Z#DEBUG#196a5c01-4a91-11f1-8594-eeee0a955217.Loja-db-deployer#flowable-async-job-executor-thread-15805#
[PollExecuteTaskStatusExecution] 540913b5-ee82-43db-a33d-eb5577322406 [2026-05-08T03:47:19.893945] "schema": "0BDA3929606647C1BC458C01854A3A3F", (STDOUT, APP/TASK/deploy)#
#2026 05 08 03:52:05.571#Z#DEBUG#196a5c01-4a91-11f1-8594-eeee0a955217.Loja-db-deployer#flowable-async-job-executor-thread-15805#
[PollExecuteTaskStatusExecution] 540913b5-ee82-43db-a33d-eb5577322406 [2026-05-08T03:47:19.893948] "database_id": "eaff8753-1771-4da6-a1a7-1f979574194f", (STDOUT, APP/TASK/deploy)#
#2026 05 08 03:52:05.571#Z#DEBUG#196a5c01-4a91-11f1-8594-eeee0a955217.Loja-db-deployer#flowable-async-job-executor-thread-15805#
[PollExecuteTaskStatusExecution] 540913b5-ee82-43db-a33d-eb5577322406 [2026-05-08T03:47:19.893950] "user": "0BDA3929606647C1BC458C01854A3A3F_6AQN1HUN77CIGLZYWTAQVCC3Z_RT", (STDOUT, APP/TASK/deploy)#
#2026 05 08 03:52:05.571#Z#DEBUG#196a5c01-4a91-11f1-8594-eeee0a955217.Loja-db-deployer#flowable-async-job-executor-thread-15805#
[PollExecuteTaskStatusExecution] 540913b5-ee82-43db-a33d-eb5577322406 [2026-05-08T03:47:19.893953] "hdi_user": "0BDA3929606647C1BC458C01854A3A3F_6AQN1HUN77CIGLZYWTAQVCC3Z_DT" (STDOUT, APP/TASK/deploy)#
#2026 05 08 03:52:05.571#Z#DEBUG#196a5c01-4a91-11f1-8594-eeee0a955217.Loja-db-deployer#flowable-async-job-executor-thread-15805#
[PollExecuteTaskStatusExecution] 540913b5-ee82-43db-a33d-eb5577322406 [2026-05-08T03:47:19.893955] }, (STDOUT, APP/TASK/deploy)#
#2026 05 08 03:52:05.571#Z#DEBUG#196a5c01-4a91-11f1-8594-eeee0a955217.Loja-db-deployer#flowable-async-job-executor-thread-15805#
[PollExecuteTaskStatusExecution] 540913b5-ee82-43db-a33d-eb5577322406 [2026-05-08T03:47:19.893956] "tags": [ (STDOUT, APP/TASK/deploy)#
#2026 05 08 03:52:05.571#Z#DEBUG#196a5c01-4a91-11f1-8594-eeee0a955217.Loja-db-deployer#flowable-async-job-executor-thread-15805#
[PollExecuteTaskStatusExecution] 540913b5-ee82-43db-a33d-eb5577322406 [2026-05-08T03:47:19.893958] "hana", (STDOUT, APP/TASK/deploy)#
#2026 05 08 03:52:05.571#Z#DEBUG#196a5c01-4a91-11f1-8594-eeee0a955217.Loja-db-deployer#flowable-async-job-executor-thread-15805#
[PollExecuteTaskStatusExecution] 540913b5-ee82-43db-a33d-eb5577322406 [2026-05-08T03:47:19.893960] "database", (STDOUT, APP/TASK/deploy)#
#2026 05 08 03:52:05.571#Z#DEBUG#196a5c01-4a91-11f1-8594-eeee0a955217.Loja-db-deployer#flowable-async-job-executor-thread-15805#
[PollExecuteTaskStatusExecution] 540913b5-ee82-43db-a33d-eb5577322406 [2026-05-08T03:47:19.893962] "relational" (STDOUT, APP/TASK/deploy)#
#2026 05 08 03:52:05.571#Z#DEBUG#196a5c01-4a91-11f1-8594-eeee0a955217.Loja-db-deployer#flowable-async-job-executor-thread-15805#
[PollExecuteTaskStatusExecution] 540913b5-ee82-43db-a33d-eb5577322406 [2026-05-08T03:47:19.893964] ] (STDOUT, APP/TASK/deploy)#
#2026 05 08 03:52:05.571#Z#DEBUG#196a5c01-4a91-11f1-8594-eeee0a955217.Loja-db-deployer#flowable-async-job-executor-thread-15805#
[PollExecuteTaskStatusExecution] 540913b5-ee82-43db-a33d-eb5577322406 [2026-05-08T03:47:19.893966] } (STDOUT, APP/TASK/deploy)#
#2026 05 08 03:52:05.571#Z#DEBUG#196a5c01-4a91-11f1-8594-eeee0a955217.Loja-db-deployer#flowable-async-job-executor-thread-15805#
[PollExecuteTaskStatusExecution] 540913b5-ee82-43db-a33d-eb5577322406 [2026-05-08T03:47:19.893968] ] (STDOUT, APP/TASK/deploy)#
#2026 05 08 03:52:05.571#Z#DEBUG#196a5c01-4a91-11f1-8594-eeee0a955217.Loja-db-deployer#flowable-async-job-executor-thread-15805#
[PollExecuteTaskStatusExecution] 540913b5-ee82-43db-a33d-eb5577322406 [2026-05-08T03:47:19.893970] } (STDOUT, APP/TASK/deploy)#
#2026 05 08 03:52:05.571#Z#DEBUG#196a5c01-4a91-11f1-8594-eeee0a955217.Loja-db-deployer#flowable-async-job-executor-thread-15805#
[PollExecuteTaskStatusExecution] 540913b5-ee82-43db-a33d-eb5577322406 [2026-05-08T03:47:25.984779] @sap/hdi-deploy, version 5.6.1 (mode default), server version unknown (0.0.0.0), cloud version , node version 24.13.0, HDI version -1, container API version -1 (STDOUT, APP/TASK/deploy)#
#2026 05 08 03:52:05.571#Z#DEBUG#196a5c01-4a91-11f1-8594-eeee0a955217.Loja-db-deployer#flowable-async-job-executor-thread-15805#
[PollExecuteTaskStatusExecution] 540913b5-ee82-43db-a33d-eb5577322406 [2026-05-08T03:47:25.985068] Deployment started at 2026-05-08 03:47:25 (STDOUT, APP/TASK/deploy)#
#2026 05 08 03:52:05.571#Z#DEBUG#196a5c01-4a91-11f1-8594-eeee0a955217.Loja-db-deployer#flowable-async-job-executor-thread-15805#
[PollExecuteTaskStatusExecution] 540913b5-ee82-43db-a33d-eb5577322406 [2026-05-08T03:47:25.985114] Using hdb@2.27.1 for connection (STDOUT, APP/TASK/deploy)#
#2026 05 08 03:52:05.571#Z#DEBUG#196a5c01-4a91-11f1-8594-eeee0a955217.Loja-db-deployer#flowable-async-job-executor-thread-15805#
[PollExecuteTaskStatusExecution] 540913b5-ee82-43db-a33d-eb5577322406 [2026-05-08T03:47:25.985139] Detection of server version failed; root cause: Could not connect to any host: [ eaff8753-1771-4da6-a1a7-1f979574194f.hna1.prod-us10.hanacloud.ondemand.com:443 -  ] (STDOUT, APP/TASK/deploy)#
#2026 05 08 03:52:05.571#Z#DEBUG#196a5c01-4a91-11f1-8594-eeee0a955217.Loja-db-deployer#flowable-async-job-executor-thread-15805#
[PollExecuteTaskStatusExecution] 540913b5-ee82-43db-a33d-eb5577322406 [2026-05-08T03:47:25.985144] Detection of cloud version failed; root cause: Could not connect to any host: [ eaff8753-1771-4da6-a1a7-1f979574194f.hna1.prod-us10.hanacloud.ondemand.com:443 -  ] (STDOUT, APP/TASK/deploy)#
#2026 05 08 03:52:05.571#Z#DEBUG#196a5c01-4a91-11f1-8594-eeee0a955217.Loja-db-deployer#flowable-async-job-executor-thread-15805#
[PollExecuteTaskStatusExecution] 540913b5-ee82-43db-a33d-eb5577322406 [2026-05-08T03:47:25.985148] Detection of container API version failed; root cause: Could not connect to any host: [ eaff8753-1771-4da6-a1a7-1f979574194f.hna1.prod-us10.hanacloud.ondemand.com:443 -  ] (STDOUT, APP/TASK/deploy)#
#2026 05 08 03:52:05.571#Z#DEBUG#196a5c01-4a91-11f1-8594-eeee0a955217.Loja-db-deployer#flowable-async-job-executor-thread-15805#
[PollExecuteTaskStatusExecution] 540913b5-ee82-43db-a33d-eb5577322406 [2026-05-08T03:47:25.985172] Detection of HDI version failed; root cause: Could not connect to any host: [ eaff8753-1771-4da6-a1a7-1f979574194f.hna1.prod-us10.hanacloud.ondemand.com:443 -  ] (STDOUT, APP/TASK/deploy)#
#2026 05 08 03:52:05.571#Z#DEBUG#196a5c01-4a91-11f1-8594-eeee0a955217.Loja-db-deployer#flowable-async-job-executor-thread-15805#
[PollExecuteTaskStatusExecution] 540913b5-ee82-43db-a33d-eb5577322406 [2026-05-08T03:47:25.985533] Deployment ended at 2026-05-08 03:47:25 (STDOUT, APP/TASK/deploy)#
#2026 05 08 03:52:05.571#Z#DEBUG#196a5c01-4a91-11f1-8594-eeee0a955217.Loja-db-deployer#flowable-async-job-executor-thread-15805#
[PollExecuteTaskStatusExecution] 540913b5-ee82-43db-a33d-eb5577322406 [2026-05-08T03:47:25.985658] Error: Option parameter is not supported by the server; based on detected server version unknown (STDERR, APP/TASK/deploy)#
#2026 05 08 03:52:05.571#Z#DEBUG#196a5c01-4a91-11f1-8594-eeee0a955217.Loja-db-deployer#flowable-async-job-executor-thread-15805#
[PollExecuteTaskStatusExecution] 540913b5-ee82-43db-a33d-eb5577322406 [2026-05-08T03:47:25.985976] (6s 164ms) (STDOUT, APP/TASK/deploy)#
#2026 05 08 03:52:05.571#Z#DEBUG#196a5c01-4a91-11f1-8594-eeee0a955217.Loja-db-deployer#flowable-async-job-executor-thread-15805#
[PollExecuteTaskStatusExecution] 540913b5-ee82-43db-a33d-eb5577322406 [2026-05-08T03:47:26.050953] Exit status 1 (STDOUT, APP/TASK/deploy)#
#2026 05 08 03:52:05.571#Z#DEBUG#196a5c01-4a91-11f1-8594-eeee0a955217.Loja-db-deployer#flowable-async-job-executor-thread-15805#
[PollExecuteTaskStatusExecution] 540913b5-ee82-43db-a33d-eb5577322406 [2026-05-08T03:47:26.607153] Cell 77283d80-dfa7-40ba-ba4e-265aef112085 stopping instance c286cbc0-9015-40a3-bf7b-2d3ba0e27768 (STDOUT, CELL)#
#2026 05 08 03:52:05.571#Z#DEBUG#196a5c01-4a91-11f1-8594-eeee0a955217.Loja-db-deployer#flowable-async-job-executor-thread-15805#
[PollExecuteTaskStatusExecution] 540913b5-ee82-43db-a33d-eb5577322406 [2026-05-08T03:47:26.607200] Cell 77283d80-dfa7-40ba-ba4e-265aef112085 destroying container for instance c286cbc0-9015-40a3-bf7b-2d3ba0e27768 (STDOUT, CELL)#
#2026 05 08 03:52:05.571#Z#DEBUG#196a5c01-4a91-11f1-8594-eeee0a955217.Loja-db-deployer#flowable-async-job-executor-thread-15805#
[PollExecuteTaskStatusExecution] 540913b5-ee82-43db-a33d-eb5577322406 [2026-05-08T03:47:28.869731] Cell 77283d80-dfa7-40ba-ba4e-265aef112085 successfully destroyed container for instance c286cbc0-9015-40a3-bf7b-2d3ba0e27768 (STDOUT, CELL)#
#2026 05 08 03:52:05.571#Z#DEBUG#196a5c01-4a91-11f1-8594-eeee0a955217.Loja-db-deployer#flowable-async-job-executor-thread-15805#
[PollExecuteTaskStatusExecution] 540913b5-ee82-43db-a33d-eb5577322406 [2026-05-08T03:51:05.881334] Updated app with guid 540913b5-ee82-43db-a33d-eb5577322406 ({"lifecycle"=>{"data"=>{"buildpacks"=>["nodejs_buildpack"]}, "type"=>"buildpack"}}) (STDOUT, API)#
#2026 05 08 03:52:05.571#Z#DEBUG#196a5c01-4a91-11f1-8594-eeee0a955217.Loja-db-deployer#flowable-async-job-executor-thread-15805#
[PollExecuteTaskStatusExecution] 540913b5-ee82-43db-a33d-eb5577322406 [2026-05-08T03:51:05.963966] Updating process: "web" (STDOUT, API)#
#2026 05 08 03:52:05.571#Z#DEBUG#196a5c01-4a91-11f1-8594-eeee0a955217.Loja-db-deployer#flowable-async-job-executor-thread-15805#
[PollExecuteTaskStatusExecution] 540913b5-ee82-43db-a33d-eb5577322406 [2026-05-08T03:51:15.361955] Uploading app package for app with guid 540913b5-ee82-43db-a33d-eb5577322406 (STDOUT, API)#
#2026 05 08 03:52:05.571#Z#DEBUG#196a5c01-4a91-11f1-8594-eeee0a955217.Loja-db-deployer#flowable-async-job-executor-thread-15805#
[PollExecuteTaskStatusExecution] 540913b5-ee82-43db-a33d-eb5577322406 [2026-05-08T03:51:15.544249] Updated app with guid 540913b5-ee82-43db-a33d-eb5577322406 ({"environment_variables"=>"[PRIVATE DATA HIDDEN]"}) (STDOUT, API)#
#2026 05 08 03:52:05.571#Z#DEBUG#196a5c01-4a91-11f1-8594-eeee0a955217.Loja-db-deployer#flowable-async-job-executor-thread-15805#
[PollExecuteTaskStatusExecution] 540913b5-ee82-43db-a33d-eb5577322406 [2026-05-08T03:51:25.559632] Creating build for app with guid 540913b5-ee82-43db-a33d-eb5577322406 (STDOUT, API)#
#2026 05 08 03:52:05.571#Z#DEBUG#196a5c01-4a91-11f1-8594-eeee0a955217.Loja-db-deployer#flowable-async-job-executor-thread-15805#
[PollExecuteTaskStatusExecution] 540913b5-ee82-43db-a33d-eb5577322406 [2026-05-08T03:51:26.026643] Downloading nodejs_buildpack... (STDOUT, STG)#
#2026 05 08 03:52:05.571#Z#DEBUG#196a5c01-4a91-11f1-8594-eeee0a955217.Loja-db-deployer#flowable-async-job-executor-thread-15805#
[PollExecuteTaskStatusExecution] 540913b5-ee82-43db-a33d-eb5577322406 [2026-05-08T03:51:26.072172] Downloaded nodejs_buildpack (STDOUT, STG)#
#2026 05 08 03:52:05.571#Z#DEBUG#196a5c01-4a91-11f1-8594-eeee0a955217.Loja-db-deployer#flowable-async-job-executor-thread-15805#
[PollExecuteTaskStatusExecution] 540913b5-ee82-43db-a33d-eb5577322406 [2026-05-08T03:51:26.072226] Cell d1cc041a-d5a1-41d6-b9f6-6cda736ce3f0 creating container for instance 9cf43bfe-ca15-4300-b21e-5d126d5e447d (STDOUT, STG)#
#2026 05 08 03:52:05.571#Z#DEBUG#196a5c01-4a91-11f1-8594-eeee0a955217.Loja-db-deployer#flowable-async-job-executor-thread-15805#
[PollExecuteTaskStatusExecution] 540913b5-ee82-43db-a33d-eb5577322406 [2026-05-08T03:51:26.429447] Security group rules were updated (STDOUT, STG)#
#2026 05 08 03:52:05.571#Z#DEBUG#196a5c01-4a91-11f1-8594-eeee0a955217.Loja-db-deployer#flowable-async-job-executor-thread-15805#
[PollExecuteTaskStatusExecution] 540913b5-ee82-43db-a33d-eb5577322406 [2026-05-08T03:51:26.491118] Cell d1cc041a-d5a1-41d6-b9f6-6cda736ce3f0 successfully created container for instance 9cf43bfe-ca15-4300-b21e-5d126d5e447d (STDOUT, STG)#
#2026 05 08 03:52:05.571#Z#DEBUG#196a5c01-4a91-11f1-8594-eeee0a955217.Loja-db-deployer#flowable-async-job-executor-thread-15805#
[PollExecuteTaskStatusExecution] 540913b5-ee82-43db-a33d-eb5577322406 [2026-05-08T03:51:26.988781] Downloading app package... (STDOUT, STG)#
#2026 05 08 03:52:05.571#Z#DEBUG#196a5c01-4a91-11f1-8594-eeee0a955217.Loja-db-deployer#flowable-async-job-executor-thread-15805#
[PollExecuteTaskStatusExecution] 540913b5-ee82-43db-a33d-eb5577322406 [2026-05-08T03:51:26.988786] Downloading build artifacts cache... (STDOUT, STG)#
#2026 05 08 03:52:05.571#Z#DEBUG#196a5c01-4a91-11f1-8594-eeee0a955217.Loja-db-deployer#flowable-async-job-executor-thread-15805#
[PollExecuteTaskStatusExecution] 540913b5-ee82-43db-a33d-eb5577322406 [2026-05-08T03:51:27.089306] Downloaded build artifacts cache (225B) (STDOUT, STG)#
#2026 05 08 03:52:05.571#Z#DEBUG#196a5c01-4a91-11f1-8594-eeee0a955217.Loja-db-deployer#flowable-async-job-executor-thread-15805#
[PollExecuteTaskStatusExecution] 540913b5-ee82-43db-a33d-eb5577322406 [2026-05-08T03:51:27.237014] Downloaded app package (2.3M) (STDOUT, STG)#
#2026 05 08 03:52:05.571#Z#DEBUG#196a5c01-4a91-11f1-8594-eeee0a955217.Loja-db-deployer#flowable-async-job-executor-thread-15805#
[PollExecuteTaskStatusExecution] 540913b5-ee82-43db-a33d-eb5577322406 [2026-05-08T03:51:27.297598] -----> Nodejs Buildpack version 1.8.44 (STDOUT, STG)#
#2026 05 08 03:52:05.571#Z#DEBUG#196a5c01-4a91-11f1-8594-eeee0a955217.Loja-db-deployer#flowable-async-job-executor-thread-15805#
[PollExecuteTaskStatusExecution] 540913b5-ee82-43db-a33d-eb5577322406 [2026-05-08T03:51:27.368974] -----> Bootstrapping python (STDOUT, STG)#
#2026 05 08 03:52:05.571#Z#DEBUG#196a5c01-4a91-11f1-8594-eeee0a955217.Loja-db-deployer#flowable-async-job-executor-thread-15805#
[PollExecuteTaskStatusExecution] 540913b5-ee82-43db-a33d-eb5577322406 [2026-05-08T03:51:27.369007] -----> Installing python 3.11.14 (STDOUT, STG)#
#2026 05 08 03:52:05.571#Z#DEBUG#196a5c01-4a91-11f1-8594-eeee0a955217.Loja-db-deployer#flowable-async-job-executor-thread-15805#
[PollExecuteTaskStatusExecution] 540913b5-ee82-43db-a33d-eb5577322406 [2026-05-08T03:51:27.369039] Copy [/tmp/buildpacks/978cee5ec9c58000/dependencies/b5e0345ae0ae1932e7d56fffaa49a487/python_3.11.14_linux_x64_cflinuxfs4_66f53248.tgz] (STDOUT, STG)#
#2026 05 08 03:52:05.571#Z#DEBUG#196a5c01-4a91-11f1-8594-eeee0a955217.Loja-db-deployer#flowable-async-job-executor-thread-15805#
[PollExecuteTaskStatusExecution] 540913b5-ee82-43db-a33d-eb5577322406 [2026-05-08T03:51:30.477999] -----> Installing binaries (STDOUT, STG)#
#2026 05 08 03:52:05.571#Z#DEBUG#196a5c01-4a91-11f1-8594-eeee0a955217.Loja-db-deployer#flowable-async-job-executor-thread-15805#
[PollExecuteTaskStatusExecution] 540913b5-ee82-43db-a33d-eb5577322406 [2026-05-08T03:51:30.478054] engines.node (package.json): >=18 (STDOUT, STG)#
#2026 05 08 03:52:05.571#Z#DEBUG#196a5c01-4a91-11f1-8594-eeee0a955217.Loja-db-deployer#flowable-async-job-executor-thread-15805#
[PollExecuteTaskStatusExecution] 540913b5-ee82-43db-a33d-eb5577322406 [2026-05-08T03:51:30.478060] engines.npm (package.json): unspecified (use default) (STDOUT, STG)#
#2026 05 08 03:52:05.571#Z#DEBUG#196a5c01-4a91-11f1-8594-eeee0a955217.Loja-db-deployer#flowable-async-job-executor-thread-15805#
[PollExecuteTaskStatusExecution] 540913b5-ee82-43db-a33d-eb5577322406 [2026-05-08T03:51:30.478066] [31;1m**WARNING**[0m Dangerous semver range (>) in engines.node. See: http://docs.cloudfoundry.org/buildpacks/node/node-tips.html (STDOUT, STG)#
#2026 05 08 03:52:05.571#Z#DEBUG#196a5c01-4a91-11f1-8594-eeee0a955217.Loja-db-deployer#flowable-async-job-executor-thread-15805#
[PollExecuteTaskStatusExecution] 540913b5-ee82-43db-a33d-eb5577322406 [2026-05-08T03:51:30.478086] -----> Installing node 24.13.0 (STDOUT, STG)#
#2026 05 08 03:52:05.571#Z#DEBUG#196a5c01-4a91-11f1-8594-eeee0a955217.Loja-db-deployer#flowable-async-job-executor-thread-15805#
[PollExecuteTaskStatusExecution] 540913b5-ee82-43db-a33d-eb5577322406 [2026-05-08T03:51:30.478229] Copy [/tmp/buildpacks/978cee5ec9c58000/dependencies/2f5692219fecc3eee6e6d507a6bfe7b9/node_24.13.0_linux_x64_cflinuxfs4_a816dee1.tgz] (STDOUT, STG)#
#2026 05 08 03:52:05.571#Z#DEBUG#196a5c01-4a91-11f1-8594-eeee0a955217.Loja-db-deployer#flowable-async-job-executor-thread-15805#
[PollExecuteTaskStatusExecution] 540913b5-ee82-43db-a33d-eb5577322406 [2026-05-08T03:51:32.403176] Using default npm version: 11.6.2 (STDOUT, STG)#
#2026 05 08 03:52:05.571#Z#DEBUG#196a5c01-4a91-11f1-8594-eeee0a955217.Loja-db-deployer#flowable-async-job-executor-thread-15805#
[PollExecuteTaskStatusExecution] 540913b5-ee82-43db-a33d-eb5577322406 [2026-05-08T03:51:32.403195] -----> Installing yarn 1.22.22 (STDOUT, STG)#
#2026 05 08 03:52:05.571#Z#DEBUG#196a5c01-4a91-11f1-8594-eeee0a955217.Loja-db-deployer#flowable-async-job-executor-thread-15805#
[PollExecuteTaskStatusExecution] 540913b5-ee82-43db-a33d-eb5577322406 [2026-05-08T03:51:32.403360] Copy [/tmp/buildpacks/978cee5ec9c58000/dependencies/e3a39aedd1236924d69cc2d0637a8ed2/yarn_1.22.22_linux_noarch_any-stack_4911d0a6.tgz] (STDOUT, STG)#
#2026 05 08 03:52:05.571#Z#DEBUG#196a5c01-4a91-11f1-8594-eeee0a955217.Loja-db-deployer#flowable-async-job-executor-thread-15805#
[PollExecuteTaskStatusExecution] 540913b5-ee82-43db-a33d-eb5577322406 [2026-05-08T03:51:32.662019] Installed yarn 1.22.22 (STDOUT, STG)#
#2026 05 08 03:52:05.571#Z#DEBUG#196a5c01-4a91-11f1-8594-eeee0a955217.Loja-db-deployer#flowable-async-job-executor-thread-15805#
[PollExecuteTaskStatusExecution] 540913b5-ee82-43db-a33d-eb5577322406 [2026-05-08T03:51:32.662040] -----> Creating runtime environment (STDOUT, STG)#
#2026 05 08 03:52:05.571#Z#DEBUG#196a5c01-4a91-11f1-8594-eeee0a955217.Loja-db-deployer#flowable-async-job-executor-thread-15805#
[PollExecuteTaskStatusExecution] 540913b5-ee82-43db-a33d-eb5577322406 [2026-05-08T03:51:32.663592] NODE_ENV=production (STDOUT, STG)#
#2026 05 08 03:52:05.571#Z#DEBUG#196a5c01-4a91-11f1-8594-eeee0a955217.Loja-db-deployer#flowable-async-job-executor-thread-15805#
[PollExecuteTaskStatusExecution] 540913b5-ee82-43db-a33d-eb5577322406 [2026-05-08T03:51:32.663606] NODE_HOME=/tmp/contents1564902381/deps/0/node (STDOUT, STG)#
#2026 05 08 03:52:05.571#Z#DEBUG#196a5c01-4a91-11f1-8594-eeee0a955217.Loja-db-deployer#flowable-async-job-executor-thread-15805#
[PollExecuteTaskStatusExecution] 540913b5-ee82-43db-a33d-eb5577322406 [2026-05-08T03:51:32.663609] NODE_MODULES_CACHE=true (STDOUT, STG)#
#2026 05 08 03:52:05.571#Z#DEBUG#196a5c01-4a91-11f1-8594-eeee0a955217.Loja-db-deployer#flowable-async-job-executor-thread-15805#
[PollExecuteTaskStatusExecution] 540913b5-ee82-43db-a33d-eb5577322406 [2026-05-08T03:51:32.663612] NODE_VERBOSE=false (STDOUT, STG)#
#2026 05 08 03:52:05.571#Z#DEBUG#196a5c01-4a91-11f1-8594-eeee0a955217.Loja-db-deployer#flowable-async-job-executor-thread-15805#
[PollExecuteTaskStatusExecution] 540913b5-ee82-43db-a33d-eb5577322406 [2026-05-08T03:51:32.663614] NPM_CONFIG_LOGLEVEL=error (STDOUT, STG)#
#2026 05 08 03:52:05.571#Z#DEBUG#196a5c01-4a91-11f1-8594-eeee0a955217.Loja-db-deployer#flowable-async-job-executor-thread-15805#
[PollExecuteTaskStatusExecution] 540913b5-ee82-43db-a33d-eb5577322406 [2026-05-08T03:51:32.663616] NPM_CONFIG_PRODUCTION=true (STDOUT, STG)#
#2026 05 08 03:52:05.571#Z#DEBUG#196a5c01-4a91-11f1-8594-eeee0a955217.Loja-db-deployer#flowable-async-job-executor-thread-15805#
[PollExecuteTaskStatusExecution] 540913b5-ee82-43db-a33d-eb5577322406 [2026-05-08T03:51:32.663659] -----> Building dependencies (STDOUT, STG)#
#2026 05 08 03:52:05.571#Z#DEBUG#196a5c01-4a91-11f1-8594-eeee0a955217.Loja-db-deployer#flowable-async-job-executor-thread-15805#
[PollExecuteTaskStatusExecution] 540913b5-ee82-43db-a33d-eb5577322406 [2026-05-08T03:51:32.663662] Prebuild detected (node_modules already exists) (STDOUT, STG)#
#2026 05 08 03:52:05.571#Z#DEBUG#196a5c01-4a91-11f1-8594-eeee0a955217.Loja-db-deployer#flowable-async-job-executor-thread-15805#
[PollExecuteTaskStatusExecution] 540913b5-ee82-43db-a33d-eb5577322406 [2026-05-08T03:51:32.663681] Rebuilding any native modules (STDOUT, STG)#
#2026 05 08 03:52:05.572#Z#DEBUG#196a5c01-4a91-11f1-8594-eeee0a955217.Loja-db-deployer#flowable-async-job-executor-thread-15805#
[PollExecuteTaskStatusExecution] 540913b5-ee82-43db-a33d-eb5577322406 [2026-05-08T03:51:33.059691] rebuilt dependencies successfully (STDOUT, STG)#
#2026 05 08 03:52:05.572#Z#DEBUG#196a5c01-4a91-11f1-8594-eeee0a955217.Loja-db-deployer#flowable-async-job-executor-thread-15805#
[PollExecuteTaskStatusExecution] 540913b5-ee82-43db-a33d-eb5577322406 [2026-05-08T03:51:33.114028] Installing any new modules (package.json + package-lock.json) (STDOUT, STG)#
#2026 05 08 03:52:05.572#Z#DEBUG#196a5c01-4a91-11f1-8594-eeee0a955217.Loja-db-deployer#flowable-async-job-executor-thread-15805#
[PollExecuteTaskStatusExecution] 540913b5-ee82-43db-a33d-eb5577322406 [2026-05-08T03:51:33.463625] up to date in 288ms (STDOUT, STG)#
#2026 05 08 03:52:05.572#Z#DEBUG#196a5c01-4a91-11f1-8594-eeee0a955217.Loja-db-deployer#flowable-async-job-executor-thread-15805#
[PollExecuteTaskStatusExecution] 540913b5-ee82-43db-a33d-eb5577322406 [2026-05-08T03:51:33.463827] 4 packages are looking for funding (STDOUT, STG)#
#2026 05 08 03:52:05.572#Z#DEBUG#196a5c01-4a91-11f1-8594-eeee0a955217.Loja-db-deployer#flowable-async-job-executor-thread-15805#
[PollExecuteTaskStatusExecution] 540913b5-ee82-43db-a33d-eb5577322406 [2026-05-08T03:51:33.463988] run `npm fund` for details (STDOUT, STG)#
#2026 05 08 03:52:05.572#Z#DEBUG#196a5c01-4a91-11f1-8594-eeee0a955217.Loja-db-deployer#flowable-async-job-executor-thread-15805#
[PollExecuteTaskStatusExecution] 540913b5-ee82-43db-a33d-eb5577322406 [2026-05-08T03:51:33.871120] Contrast Security no credentials found. Will not write environment files. (STDOUT, STG)#
#2026 05 08 03:52:05.572#Z#DEBUG#196a5c01-4a91-11f1-8594-eeee0a955217.Loja-db-deployer#flowable-async-job-executor-thread-15805#
[PollExecuteTaskStatusExecution] 540913b5-ee82-43db-a33d-eb5577322406 [2026-05-08T03:51:41.395406] Exit status 0 (STDOUT, STG)#
#2026 05 08 03:52:05.572#Z#DEBUG#196a5c01-4a91-11f1-8594-eeee0a955217.Loja-db-deployer#flowable-async-job-executor-thread-15805#
[PollExecuteTaskStatusExecution] 540913b5-ee82-43db-a33d-eb5577322406 [2026-05-08T03:51:41.395484] Uploading droplet, build artifacts cache... (STDOUT, STG)#
#2026 05 08 03:52:05.573#Z#DEBUG#196a5c01-4a91-11f1-8594-eeee0a955217.Loja-db-deployer#flowable-async-job-executor-thread-15805#
[PollExecuteTaskStatusExecution] 540913b5-ee82-43db-a33d-eb5577322406 [2026-05-08T03:51:41.395564] Uploading droplet... (STDOUT, STG)#
#2026 05 08 03:52:05.573#Z#DEBUG#196a5c01-4a91-11f1-8594-eeee0a955217.Loja-db-deployer#flowable-async-job-executor-thread-15805#
[PollExecuteTaskStatusExecution] 540913b5-ee82-43db-a33d-eb5577322406 [2026-05-08T03:51:41.395578] Uploading build artifacts cache... (STDOUT, STG)#
#2026 05 08 03:52:05.573#Z#DEBUG#196a5c01-4a91-11f1-8594-eeee0a955217.Loja-db-deployer#flowable-async-job-executor-thread-15805#
[PollExecuteTaskStatusExecution] 540913b5-ee82-43db-a33d-eb5577322406 [2026-05-08T03:51:41.411045] Uploaded build artifacts cache (225B) (STDOUT, STG)#
#2026 05 08 03:52:05.573#Z#DEBUG#196a5c01-4a91-11f1-8594-eeee0a955217.Loja-db-deployer#flowable-async-job-executor-thread-15805#
[PollExecuteTaskStatusExecution] 540913b5-ee82-43db-a33d-eb5577322406 [2026-05-08T03:51:41.968264] Creating droplet for app with guid 540913b5-ee82-43db-a33d-eb5577322406 (STDOUT, API)#
#2026 05 08 03:52:05.573#Z#DEBUG#196a5c01-4a91-11f1-8594-eeee0a955217.Loja-db-deployer#flowable-async-job-executor-thread-15805#
[PollExecuteTaskStatusExecution] 540913b5-ee82-43db-a33d-eb5577322406 [2026-05-08T03:51:46.033866] Uploaded droplet (58.4M) (STDOUT, STG)#
#2026 05 08 03:52:05.573#Z#DEBUG#196a5c01-4a91-11f1-8594-eeee0a955217.Loja-db-deployer#flowable-async-job-executor-thread-15805#
[PollExecuteTaskStatusExecution] 540913b5-ee82-43db-a33d-eb5577322406 [2026-05-08T03:51:46.048248] Uploading complete (STDOUT, STG)#
#2026 05 08 03:52:05.573#Z#DEBUG#196a5c01-4a91-11f1-8594-eeee0a955217.Loja-db-deployer#flowable-async-job-executor-thread-15805#
[PollExecuteTaskStatusExecution] 540913b5-ee82-43db-a33d-eb5577322406 [2026-05-08T03:51:46.770356] Cell d1cc041a-d5a1-41d6-b9f6-6cda736ce3f0 stopping instance 9cf43bfe-ca15-4300-b21e-5d126d5e447d (STDOUT, STG)#
#2026 05 08 03:52:05.573#Z#DEBUG#196a5c01-4a91-11f1-8594-eeee0a955217.Loja-db-deployer#flowable-async-job-executor-thread-15805#
[PollExecuteTaskStatusExecution] 540913b5-ee82-43db-a33d-eb5577322406 [2026-05-08T03:51:46.770384] Cell d1cc041a-d5a1-41d6-b9f6-6cda736ce3f0 destroying container for instance 9cf43bfe-ca15-4300-b21e-5d126d5e447d (STDOUT, STG)#
#2026 05 08 03:52:05.573#Z#DEBUG#196a5c01-4a91-11f1-8594-eeee0a955217.Loja-db-deployer#flowable-async-job-executor-thread-15805#
[PollExecuteTaskStatusExecution] 540913b5-ee82-43db-a33d-eb5577322406 [2026-05-08T03:51:46.818552] Staging complete for build 9cf43bfe-ca15-4300-b21e-5d126d5e447d (STDOUT, API)#
#2026 05 08 03:52:05.573#Z#DEBUG#196a5c01-4a91-11f1-8594-eeee0a955217.Loja-db-deployer#flowable-async-job-executor-thread-15805#
[PollExecuteTaskStatusExecution] 540913b5-ee82-43db-a33d-eb5577322406 [2026-05-08T03:51:48.703525] Cell d1cc041a-d5a1-41d6-b9f6-6cda736ce3f0 successfully destroyed container for instance 9cf43bfe-ca15-4300-b21e-5d126d5e447d (STDOUT, STG)#
#2026 05 08 03:52:05.573#Z#DEBUG#196a5c01-4a91-11f1-8594-eeee0a955217.Loja-db-deployer#flowable-async-job-executor-thread-15805#
[PollExecuteTaskStatusExecution] 540913b5-ee82-43db-a33d-eb5577322406 [2026-05-08T03:51:55.528584] Updated app with guid 540913b5-ee82-43db-a33d-eb5577322406 ({:droplet_guid=>"cfc6ac81-8c91-4362-9f9d-559871a3e730"}) (STDOUT, API)#
#2026 05 08 03:52:05.573#Z#DEBUG#196a5c01-4a91-11f1-8594-eeee0a955217.Loja-db-deployer#flowable-async-job-executor-thread-15805#
[PollExecuteTaskStatusExecution] 540913b5-ee82-43db-a33d-eb5577322406 [2026-05-08T03:51:56.034509] Cell c839c7b1-088e-41af-b9b7-66256aacd457 creating container for instance 91b0f390-8511-4f03-a4eb-2c23a73921d0 (STDOUT, CELL)#
#2026 05 08 03:52:05.573#Z#DEBUG#196a5c01-4a91-11f1-8594-eeee0a955217.Loja-db-deployer#flowable-async-job-executor-thread-15805#
[PollExecuteTaskStatusExecution] 540913b5-ee82-43db-a33d-eb5577322406 [2026-05-08T03:51:56.397450] Security group rules were updated (STDOUT, CELL)#
#2026 05 08 03:52:05.573#Z#DEBUG#196a5c01-4a91-11f1-8594-eeee0a955217.Loja-db-deployer#flowable-async-job-executor-thread-15805#
[PollExecuteTaskStatusExecution] 540913b5-ee82-43db-a33d-eb5577322406 [2026-05-08T03:51:56.459657] Cell c839c7b1-088e-41af-b9b7-66256aacd457 successfully created container for instance 91b0f390-8511-4f03-a4eb-2c23a73921d0 (STDOUT, CELL)#
#2026 05 08 03:52:05.573#Z#DEBUG#196a5c01-4a91-11f1-8594-eeee0a955217.Loja-db-deployer#flowable-async-job-executor-thread-15805#
[PollExecuteTaskStatusExecution] 540913b5-ee82-43db-a33d-eb5577322406 [2026-05-08T03:52:00.176141] Invoking pre-start scripts. (STDOUT, APP/TASK/deploy)#
#2026 05 08 03:52:05.573#Z#DEBUG#196a5c01-4a91-11f1-8594-eeee0a955217.Loja-db-deployer#flowable-async-job-executor-thread-15805#
[PollExecuteTaskStatusExecution] 540913b5-ee82-43db-a33d-eb5577322406 [2026-05-08T03:52:00.317924] Invoking start command. (STDOUT, APP/TASK/deploy)#
#2026 05 08 03:52:05.573#Z#DEBUG#196a5c01-4a91-11f1-8594-eeee0a955217.Loja-db-deployer#flowable-async-job-executor-thread-15805#
[PollExecuteTaskStatusExecution] 540913b5-ee82-43db-a33d-eb5577322406 [2026-05-08T03:52:00.638985] > start (STDOUT, APP/TASK/deploy)#
#2026 05 08 03:52:05.573#Z#DEBUG#196a5c01-4a91-11f1-8594-eeee0a955217.Loja-db-deployer#flowable-async-job-executor-thread-15805#
[PollExecuteTaskStatusExecution] 540913b5-ee82-43db-a33d-eb5577322406 [2026-05-08T03:52:00.639008] > node node_modules/@sap/hdi-deploy/deploy.js --use-hdb --parameter com.sap.hana.di.table/try_fast_table_migration=true (STDOUT, APP/TASK/deploy)#
#2026 05 08 03:52:05.573#Z#DEBUG#196a5c01-4a91-11f1-8594-eeee0a955217.Loja-db-deployer#flowable-async-job-executor-thread-15805#
[PollExecuteTaskStatusExecution] 540913b5-ee82-43db-a33d-eb5577322406 [2026-05-08T03:52:00.748851] VCAP_SERVICES: (STDOUT, APP/TASK/deploy)#
#2026 05 08 03:52:05.573#Z#DEBUG#196a5c01-4a91-11f1-8594-eeee0a955217.Loja-db-deployer#flowable-async-job-executor-thread-15805#
[PollExecuteTaskStatusExecution] 540913b5-ee82-43db-a33d-eb5577322406 [2026-05-08T03:52:00.749062] { (STDOUT, APP/TASK/deploy)#
#2026 05 08 03:52:05.573#Z#DEBUG#196a5c01-4a91-11f1-8594-eeee0a955217.Loja-db-deployer#flowable-async-job-executor-thread-15805#
[PollExecuteTaskStatusExecution] 540913b5-ee82-43db-a33d-eb5577322406 [2026-05-08T03:52:00.749096] "hana": [ (STDOUT, APP/TASK/deploy)#
#2026 05 08 03:52:05.573#Z#DEBUG#196a5c01-4a91-11f1-8594-eeee0a955217.Loja-db-deployer#flowable-async-job-executor-thread-15805#
[PollExecuteTaskStatusExecution] 540913b5-ee82-43db-a33d-eb5577322406 [2026-05-08T03:52:00.749100] { (STDOUT, APP/TASK/deploy)#
#2026 05 08 03:52:05.573#Z#DEBUG#196a5c01-4a91-11f1-8594-eeee0a955217.Loja-db-deployer#flowable-async-job-executor-thread-15805#
[PollExecuteTaskStatusExecution] 540913b5-ee82-43db-a33d-eb5577322406 [2026-05-08T03:52:00.749105] "name": "Loja-db", (STDOUT, APP/TASK/deploy)#
#2026 05 08 03:52:05.573#Z#DEBUG#196a5c01-4a91-11f1-8594-eeee0a955217.Loja-db-deployer#flowable-async-job-executor-thread-15805#
[PollExecuteTaskStatusExecution] 540913b5-ee82-43db-a33d-eb5577322406 [2026-05-08T03:52:00.749108] "label": "hana", (STDOUT, APP/TASK/deploy)#
#2026 05 08 03:52:05.573#Z#DEBUG#196a5c01-4a91-11f1-8594-eeee0a955217.Loja-db-deployer#flowable-async-job-executor-thread-15805#
[PollExecuteTaskStatusExecution] 540913b5-ee82-43db-a33d-eb5577322406 [2026-05-08T03:52:00.749112] "plan": "hdi-shared", (STDOUT, APP/TASK/deploy)#
#2026 05 08 03:52:05.573#Z#DEBUG#196a5c01-4a91-11f1-8594-eeee0a955217.Loja-db-deployer#flowable-async-job-executor-thread-15805#
[PollExecuteTaskStatusExecution] 540913b5-ee82-43db-a33d-eb5577322406 [2026-05-08T03:52:00.749115] "credentials": { (STDOUT, APP/TASK/deploy)#
#2026 05 08 03:52:05.573#Z#DEBUG#196a5c01-4a91-11f1-8594-eeee0a955217.Loja-db-deployer#flowable-async-job-executor-thread-15805#
[PollExecuteTaskStatusExecution] 540913b5-ee82-43db-a33d-eb5577322406 [2026-05-08T03:52:00.749122] "schema": "0BDA3929606647C1BC458C01854A3A3F", (STDOUT, APP/TASK/deploy)#
#2026 05 08 03:52:05.573#Z#DEBUG#196a5c01-4a91-11f1-8594-eeee0a955217.Loja-db-deployer#flowable-async-job-executor-thread-15805#
[PollExecuteTaskStatusExecution] 540913b5-ee82-43db-a33d-eb5577322406 [2026-05-08T03:52:00.749125] "database_id": "eaff8753-1771-4da6-a1a7-1f979574194f", (STDOUT, APP/TASK/deploy)#
#2026 05 08 03:52:05.573#Z#DEBUG#196a5c01-4a91-11f1-8594-eeee0a955217.Loja-db-deployer#flowable-async-job-executor-thread-15805#
[PollExecuteTaskStatusExecution] 540913b5-ee82-43db-a33d-eb5577322406 [2026-05-08T03:52:00.749129] "user": "0BDA3929606647C1BC458C01854A3A3F_6AQN1HUN77CIGLZYWTAQVCC3Z_RT", (STDOUT, APP/TASK/deploy)#
#2026 05 08 03:52:05.573#Z#DEBUG#196a5c01-4a91-11f1-8594-eeee0a955217.Loja-db-deployer#flowable-async-job-executor-thread-15805#
[PollExecuteTaskStatusExecution] 540913b5-ee82-43db-a33d-eb5577322406 [2026-05-08T03:52:00.749132] "hdi_user": "0BDA3929606647C1BC458C01854A3A3F_6AQN1HUN77CIGLZYWTAQVCC3Z_DT" (STDOUT, APP/TASK/deploy)#
#2026 05 08 03:52:05.573#Z#DEBUG#196a5c01-4a91-11f1-8594-eeee0a955217.Loja-db-deployer#flowable-async-job-executor-thread-15805#
[PollExecuteTaskStatusExecution] 540913b5-ee82-43db-a33d-eb5577322406 [2026-05-08T03:52:00.749134] }, (STDOUT, APP/TASK/deploy)#
#2026 05 08 03:52:05.573#Z#DEBUG#196a5c01-4a91-11f1-8594-eeee0a955217.Loja-db-deployer#flowable-async-job-executor-thread-15805#
[PollExecuteTaskStatusExecution] 540913b5-ee82-43db-a33d-eb5577322406 [2026-05-08T03:52:00.749138] "tags": [ (STDOUT, APP/TASK/deploy)#
#2026 05 08 03:52:05.573#Z#DEBUG#196a5c01-4a91-11f1-8594-eeee0a955217.Loja-db-deployer#flowable-async-job-executor-thread-15805#
[PollExecuteTaskStatusExecution] 540913b5-ee82-43db-a33d-eb5577322406 [2026-05-08T03:52:00.749141] "hana", (STDOUT, APP/TASK/deploy)#
#2026 05 08 03:52:05.573#Z#DEBUG#196a5c01-4a91-11f1-8594-eeee0a955217.Loja-db-deployer#flowable-async-job-executor-thread-15805#
[PollExecuteTaskStatusExecution] 540913b5-ee82-43db-a33d-eb5577322406 [2026-05-08T03:52:00.749145] "database", (STDOUT, APP/TASK/deploy)#
#2026 05 08 03:52:05.573#Z#DEBUG#196a5c01-4a91-11f1-8594-eeee0a955217.Loja-db-deployer#flowable-async-job-executor-thread-15805#
[PollExecuteTaskStatusExecution] 540913b5-ee82-43db-a33d-eb5577322406 [2026-05-08T03:52:00.749151] "relational" (STDOUT, APP/TASK/deploy)#
#2026 05 08 03:52:05.573#Z#DEBUG#196a5c01-4a91-11f1-8594-eeee0a955217.Loja-db-deployer#flowable-async-job-executor-thread-15805#
[PollExecuteTaskStatusExecution] 540913b5-ee82-43db-a33d-eb5577322406 [2026-05-08T03:52:00.749158] ] (STDOUT, APP/TASK/deploy)#
#2026 05 08 03:52:05.573#Z#DEBUG#196a5c01-4a91-11f1-8594-eeee0a955217.Loja-db-deployer#flowable-async-job-executor-thread-15805#
[PollExecuteTaskStatusExecution] 540913b5-ee82-43db-a33d-eb5577322406 [2026-05-08T03:52:00.749160] } (STDOUT, APP/TASK/deploy)#
#2026 05 08 03:52:05.573#Z#DEBUG#196a5c01-4a91-11f1-8594-eeee0a955217.Loja-db-deployer#flowable-async-job-executor-thread-15805#
[PollExecuteTaskStatusExecution] 540913b5-ee82-43db-a33d-eb5577322406 [2026-05-08T03:52:00.749163] ] (STDOUT, APP/TASK/deploy)#
#2026 05 08 03:52:05.573#Z#DEBUG#196a5c01-4a91-11f1-8594-eeee0a955217.Loja-db-deployer#flowable-async-job-executor-thread-15805#
[PollExecuteTaskStatusExecution] 540913b5-ee82-43db-a33d-eb5577322406 [2026-05-08T03:52:00.749165] } (STDOUT, APP/TASK/deploy)#
#2026 05 08 03:52:15.571#Z#DEBUG#196a5c01-4a91-11f1-8594-eeee0a955217.Loja-db-deployer#flowable-async-job-executor-thread-15815#
[PollExecuteTaskStatusExecution] 540913b5-ee82-43db-a33d-eb5577322406 [2026-05-08T03:52:06.851350] @sap/hdi-deploy, version 5.6.1 (mode default), server version unknown (0.0.0.0), cloud version , node version 24.13.0, HDI version -1, container API version -1 (STDOUT, APP/TASK/deploy)#
#2026 05 08 03:52:15.571#Z#DEBUG#196a5c01-4a91-11f1-8594-eeee0a955217.Loja-db-deployer#flowable-async-job-executor-thread-15815#
[PollExecuteTaskStatusExecution] 540913b5-ee82-43db-a33d-eb5577322406 [2026-05-08T03:52:06.851520] Deployment started at 2026-05-08 03:52:06 (STDOUT, APP/TASK/deploy)#
#2026 05 08 03:52:15.571#Z#DEBUG#196a5c01-4a91-11f1-8594-eeee0a955217.Loja-db-deployer#flowable-async-job-executor-thread-15815#
[PollExecuteTaskStatusExecution] 540913b5-ee82-43db-a33d-eb5577322406 [2026-05-08T03:52:06.851705] Using hdb@2.27.1 for connection (STDOUT, APP/TASK/deploy)#
#2026 05 08 03:52:15.571#Z#DEBUG#196a5c01-4a91-11f1-8594-eeee0a955217.Loja-db-deployer#flowable-async-job-executor-thread-15815#
[PollExecuteTaskStatusExecution] 540913b5-ee82-43db-a33d-eb5577322406 [2026-05-08T03:52:06.851718] Detection of server version failed; root cause: Could not connect to any host: [ eaff8753-1771-4da6-a1a7-1f979574194f.hna1.prod-us10.hanacloud.ondemand.com:443 -  ] (STDOUT, APP/TASK/deploy)#
#2026 05 08 03:52:15.571#Z#DEBUG#196a5c01-4a91-11f1-8594-eeee0a955217.Loja-db-deployer#flowable-async-job-executor-thread-15815#
[PollExecuteTaskStatusExecution] 540913b5-ee82-43db-a33d-eb5577322406 [2026-05-08T03:52:06.851723] Detection of cloud version failed; root cause: Could not connect to any host: [ eaff8753-1771-4da6-a1a7-1f979574194f.hna1.prod-us10.hanacloud.ondemand.com:443 -  ] (STDOUT, APP/TASK/deploy)#
#2026 05 08 03:52:15.571#Z#DEBUG#196a5c01-4a91-11f1-8594-eeee0a955217.Loja-db-deployer#flowable-async-job-executor-thread-15815#
[PollExecuteTaskStatusExecution] 540913b5-ee82-43db-a33d-eb5577322406 [2026-05-08T03:52:06.851726] Detection of container API version failed; root cause: Could not connect to any host: [ eaff8753-1771-4da6-a1a7-1f979574194f.hna1.prod-us10.hanacloud.ondemand.com:443 -  ] (STDOUT, APP/TASK/deploy)#
#2026 05 08 03:52:15.571#Z#DEBUG#196a5c01-4a91-11f1-8594-eeee0a955217.Loja-db-deployer#flowable-async-job-executor-thread-15815#
[PollExecuteTaskStatusExecution] 540913b5-ee82-43db-a33d-eb5577322406 [2026-05-08T03:52:06.851739] Detection of HDI version failed; root cause: Could not connect to any host: [ eaff8753-1771-4da6-a1a7-1f979574194f.hna1.prod-us10.hanacloud.ondemand.com:443 -  ] (STDOUT, APP/TASK/deploy)#
#2026 05 08 03:52:15.571#Z#DEBUG#196a5c01-4a91-11f1-8594-eeee0a955217.Loja-db-deployer#flowable-async-job-executor-thread-15815#
[PollExecuteTaskStatusExecution] 540913b5-ee82-43db-a33d-eb5577322406 [2026-05-08T03:52:06.852124] Deployment ended at 2026-05-08 03:52:06 (STDOUT, APP/TASK/deploy)#
#2026 05 08 03:52:15.571#Z#DEBUG#196a5c01-4a91-11f1-8594-eeee0a955217.Loja-db-deployer#flowable-async-job-executor-thread-15815#
[PollExecuteTaskStatusExecution] 540913b5-ee82-43db-a33d-eb5577322406 [2026-05-08T03:52:06.852278] Error: Option parameter is not supported by the server; based on detected server version unknown (STDERR, APP/TASK/deploy)#
#2026 05 08 03:52:15.571#Z#DEBUG#196a5c01-4a91-11f1-8594-eeee0a955217.Loja-db-deployer#flowable-async-job-executor-thread-15815#
[PollExecuteTaskStatusExecution] 540913b5-ee82-43db-a33d-eb5577322406 [2026-05-08T03:52:06.852577] (6s 184ms) (STDOUT, APP/TASK/deploy)#
#2026 05 08 03:52:15.571#Z#DEBUG#196a5c01-4a91-11f1-8594-eeee0a955217.Loja-db-deployer#flowable-async-job-executor-thread-15815#
[PollExecuteTaskStatusExecution] 540913b5-ee82-43db-a33d-eb5577322406 [2026-05-08T03:52:06.919382] Exit status 1 (STDOUT, APP/TASK/deploy)#
#2026 05 08 03:52:15.571#Z#DEBUG#196a5c01-4a91-11f1-8594-eeee0a955217.Loja-db-deployer#flowable-async-job-executor-thread-15815#
[PollExecuteTaskStatusExecution] 540913b5-ee82-43db-a33d-eb5577322406 [2026-05-08T03:52:07.171936] Cell c839c7b1-088e-41af-b9b7-66256aacd457 stopping instance 91b0f390-8511-4f03-a4eb-2c23a73921d0 (STDOUT, CELL)#
#2026 05 08 03:52:15.571#Z#DEBUG#196a5c01-4a91-11f1-8594-eeee0a955217.Loja-db-deployer#flowable-async-job-executor-thread-15815#
[PollExecuteTaskStatusExecution] 540913b5-ee82-43db-a33d-eb5577322406 [2026-05-08T03:52:07.171966] Cell c839c7b1-088e-41af-b9b7-66256aacd457 destroying container for instance 91b0f390-8511-4f03-a4eb-2c23a73921d0 (STDOUT, CELL)#
#2026 05 08 03:52:15.571#Z#DEBUG#196a5c01-4a91-11f1-8594-eeee0a955217.Loja-db-deployer#flowable-async-job-executor-thread-15815#
[PollExecuteTaskStatusExecution] 540913b5-ee82-43db-a33d-eb5577322406 [2026-05-08T03:52:09.342457] Cell c839c7b1-088e-41af-b9b7-66256aacd457 successfully destroyed container for instance 91b0f390-8511-4f03-a4eb-2c23a73921d0 (STDOUT, CELL)#
#2026 05 08 03:52:25.746#Z#DEBUG#196a5c01-4a91-11f1-8594-eeee0a955217.Loja-db-deployer#flowable-async-job-executor-thread-16249#
[PollExecuteTaskStatusExecution] 540913b5-ee82-43db-a33d-eb5577322406 [2026-05-08T03:52:06.851350] @sap/hdi-deploy, version 5.6.1 (mode default), server version unknown (0.0.0.0), cloud version , node version 24.13.0, HDI version -1, container API version -1 (STDOUT, APP/TASK/deploy)#
#2026 05 08 03:52:25.746#Z#DEBUG#196a5c01-4a91-11f1-8594-eeee0a955217.Loja-db-deployer#flowable-async-job-executor-thread-16249#
[PollExecuteTaskStatusExecution] 540913b5-ee82-43db-a33d-eb5577322406 [2026-05-08T03:52:06.851520] Deployment started at 2026-05-08 03:52:06 (STDOUT, APP/TASK/deploy)#
#2026 05 08 03:52:25.746#Z#DEBUG#196a5c01-4a91-11f1-8594-eeee0a955217.Loja-db-deployer#flowable-async-job-executor-thread-16249#
[PollExecuteTaskStatusExecution] 540913b5-ee82-43db-a33d-eb5577322406 [2026-05-08T03:52:06.851705] Using hdb@2.27.1 for connection (STDOUT, APP/TASK/deploy)#
#2026 05 08 03:52:25.746#Z#DEBUG#196a5c01-4a91-11f1-8594-eeee0a955217.Loja-db-deployer#flowable-async-job-executor-thread-16249#
[PollExecuteTaskStatusExecution] 540913b5-ee82-43db-a33d-eb5577322406 [2026-05-08T03:52:06.851718] Detection of server version failed; root cause: Could not connect to any host: [ eaff8753-1771-4da6-a1a7-1f979574194f.hna1.prod-us10.hanacloud.ondemand.com:443 -  ] (STDOUT, APP/TASK/deploy)#
#2026 05 08 03:52:25.746#Z#DEBUG#196a5c01-4a91-11f1-8594-eeee0a955217.Loja-db-deployer#flowable-async-job-executor-thread-16249#
[PollExecuteTaskStatusExecution] 540913b5-ee82-43db-a33d-eb5577322406 [2026-05-08T03:52:06.851723] Detection of cloud version failed; root cause: Could not connect to any host: [ eaff8753-1771-4da6-a1a7-1f979574194f.hna1.prod-us10.hanacloud.ondemand.com:443 -  ] (STDOUT, APP/TASK/deploy)#
#2026 05 08 03:52:25.746#Z#DEBUG#196a5c01-4a91-11f1-8594-eeee0a955217.Loja-db-deployer#flowable-async-job-executor-thread-16249#
[PollExecuteTaskStatusExecution] 540913b5-ee82-43db-a33d-eb5577322406 [2026-05-08T03:52:06.851726] Detection of container API version failed; root cause: Could not connect to any host: [ eaff8753-1771-4da6-a1a7-1f979574194f.hna1.prod-us10.hanacloud.ondemand.com:443 -  ] (STDOUT, APP/TASK/deploy)#
#2026 05 08 03:52:25.746#Z#DEBUG#196a5c01-4a91-11f1-8594-eeee0a955217.Loja-db-deployer#flowable-async-job-executor-thread-16249#
[PollExecuteTaskStatusExecution] 540913b5-ee82-43db-a33d-eb5577322406 [2026-05-08T03:52:06.851739] Detection of HDI version failed; root cause: Could not connect to any host: [ eaff8753-1771-4da6-a1a7-1f979574194f.hna1.prod-us10.hanacloud.ondemand.com:443 -  ] (STDOUT, APP/TASK/deploy)#
#2026 05 08 03:52:25.746#Z#DEBUG#196a5c01-4a91-11f1-8594-eeee0a955217.Loja-db-deployer#flowable-async-job-executor-thread-16249#
[PollExecuteTaskStatusExecution] 540913b5-ee82-43db-a33d-eb5577322406 [2026-05-08T03:52:06.852124] Deployment ended at 2026-05-08 03:52:06 (STDOUT, APP/TASK/deploy)#
#2026 05 08 03:52:25.746#Z#DEBUG#196a5c01-4a91-11f1-8594-eeee0a955217.Loja-db-deployer#flowable-async-job-executor-thread-16249#
[PollExecuteTaskStatusExecution] 540913b5-ee82-43db-a33d-eb5577322406 [2026-05-08T03:52:06.852278] Error: Option parameter is not supported by the server; based on detected server version unknown (STDERR, APP/TASK/deploy)#
#2026 05 08 03:52:25.746#Z#DEBUG#196a5c01-4a91-11f1-8594-eeee0a955217.Loja-db-deployer#flowable-async-job-executor-thread-16249#
[PollExecuteTaskStatusExecution] 540913b5-ee82-43db-a33d-eb5577322406 [2026-05-08T03:52:06.852577] (6s 184ms) (STDOUT, APP/TASK/deploy)#
#2026 05 08 03:52:25.746#Z#DEBUG#196a5c01-4a91-11f1-8594-eeee0a955217.Loja-db-deployer#flowable-async-job-executor-thread-16249#
[PollExecuteTaskStatusExecution] 540913b5-ee82-43db-a33d-eb5577322406 [2026-05-08T03:52:06.919382] Exit status 1 (STDOUT, APP/TASK/deploy)#
#2026 05 08 03:52:25.746#Z#DEBUG#196a5c01-4a91-11f1-8594-eeee0a955217.Loja-db-deployer#flowable-async-job-executor-thread-16249#
[PollExecuteTaskStatusExecution] 540913b5-ee82-43db-a33d-eb5577322406 [2026-05-08T03:52:07.171936] Cell c839c7b1-088e-41af-b9b7-66256aacd457 stopping instance 91b0f390-8511-4f03-a4eb-2c23a73921d0 (STDOUT, CELL)#
#2026 05 08 03:52:25.746#Z#DEBUG#196a5c01-4a91-11f1-8594-eeee0a955217.Loja-db-deployer#flowable-async-job-executor-thread-16249#
[PollExecuteTaskStatusExecution] 540913b5-ee82-43db-a33d-eb5577322406 [2026-05-08T03:52:07.171966] Cell c839c7b1-088e-41af-b9b7-66256aacd457 destroying container for instance 91b0f390-8511-4f03-a4eb-2c23a73921d0 (STDOUT, CELL)#
#2026 05 08 03:52:25.746#Z#DEBUG#196a5c01-4a91-11f1-8594-eeee0a955217.Loja-db-deployer#flowable-async-job-executor-thread-16249#
[PollExecuteTaskStatusExecution] 540913b5-ee82-43db-a33d-eb5577322406 [2026-05-08T03:52:09.342457] Cell c839c7b1-088e-41af-b9b7-66256aacd457 successfully destroyed container for instance 91b0f390-8511-4f03-a4eb-2c23a73921d0 (STDOUT, CELL)#
#2026 05 08 03:52:25.746#Z#DEBUG#196a5c01-4a91-11f1-8594-eeee0a955217.Loja-db-deployer#flowable-async-job-executor-thread-16249#
[PollExecuteTaskStatusExecution] 540913b5-ee82-43db-a33d-eb5577322406 [2026-05-08T03:52:16.473656] Cell 77283d80-dfa7-40ba-ba4e-265aef112085 creating container for instance 2f452b45-110f-4d4a-96d5-5059f06a366a (STDOUT, CELL)#
#2026 05 08 03:52:25.746#Z#DEBUG#196a5c01-4a91-11f1-8594-eeee0a955217.Loja-db-deployer#flowable-async-job-executor-thread-16249#
[PollExecuteTaskStatusExecution] 540913b5-ee82-43db-a33d-eb5577322406 [2026-05-08T03:52:16.854399] Security group rules were updated (STDOUT, CELL)#
#2026 05 08 03:52:25.746#Z#DEBUG#196a5c01-4a91-11f1-8594-eeee0a955217.Loja-db-deployer#flowable-async-job-executor-thread-16249#
[PollExecuteTaskStatusExecution] 540913b5-ee82-43db-a33d-eb5577322406 [2026-05-08T03:52:16.913882] Cell 77283d80-dfa7-40ba-ba4e-265aef112085 successfully created container for instance 2f452b45-110f-4d4a-96d5-5059f06a366a (STDOUT, CELL)#
#2026 05 08 03:52:25.746#Z#DEBUG#196a5c01-4a91-11f1-8594-eeee0a955217.Loja-db-deployer#flowable-async-job-executor-thread-16249#
[PollExecuteTaskStatusExecution] 540913b5-ee82-43db-a33d-eb5577322406 [2026-05-08T03:52:20.560670] Invoking pre-start scripts. (STDOUT, APP/TASK/deploy)#
#2026 05 08 03:52:25.746#Z#DEBUG#196a5c01-4a91-11f1-8594-eeee0a955217.Loja-db-deployer#flowable-async-job-executor-thread-16249#
[PollExecuteTaskStatusExecution] 540913b5-ee82-43db-a33d-eb5577322406 [2026-05-08T03:52:20.699737] Invoking start command. (STDOUT, APP/TASK/deploy)#
#2026 05 08 03:52:25.746#Z#DEBUG#196a5c01-4a91-11f1-8594-eeee0a955217.Loja-db-deployer#flowable-async-job-executor-thread-16249#
[PollExecuteTaskStatusExecution] 540913b5-ee82-43db-a33d-eb5577322406 [2026-05-08T03:52:20.998953] > start (STDOUT, APP/TASK/deploy)#
#2026 05 08 03:52:25.746#Z#DEBUG#196a5c01-4a91-11f1-8594-eeee0a955217.Loja-db-deployer#flowable-async-job-executor-thread-16249#
[PollExecuteTaskStatusExecution] 540913b5-ee82-43db-a33d-eb5577322406 [2026-05-08T03:52:20.998975] > node node_modules/@sap/hdi-deploy/deploy.js --use-hdb --parameter com.sap.hana.di.table/try_fast_table_migration=true (STDOUT, APP/TASK/deploy)#
#2026 05 08 03:52:25.746#Z#DEBUG#196a5c01-4a91-11f1-8594-eeee0a955217.Loja-db-deployer#flowable-async-job-executor-thread-16249#
[PollExecuteTaskStatusExecution] 540913b5-ee82-43db-a33d-eb5577322406 [2026-05-08T03:52:21.099429] VCAP_SERVICES: (STDOUT, APP/TASK/deploy)#
#2026 05 08 03:52:25.746#Z#DEBUG#196a5c01-4a91-11f1-8594-eeee0a955217.Loja-db-deployer#flowable-async-job-executor-thread-16249#
[PollExecuteTaskStatusExecution] 540913b5-ee82-43db-a33d-eb5577322406 [2026-05-08T03:52:21.099467] { (STDOUT, APP/TASK/deploy)#
#2026 05 08 03:52:25.746#Z#DEBUG#196a5c01-4a91-11f1-8594-eeee0a955217.Loja-db-deployer#flowable-async-job-executor-thread-16249#
[PollExecuteTaskStatusExecution] 540913b5-ee82-43db-a33d-eb5577322406 [2026-05-08T03:52:21.099470] "hana": [ (STDOUT, APP/TASK/deploy)#
#2026 05 08 03:52:25.746#Z#DEBUG#196a5c01-4a91-11f1-8594-eeee0a955217.Loja-db-deployer#flowable-async-job-executor-thread-16249#
[PollExecuteTaskStatusExecution] 540913b5-ee82-43db-a33d-eb5577322406 [2026-05-08T03:52:21.099473] { (STDOUT, APP/TASK/deploy)#
#2026 05 08 03:52:25.746#Z#DEBUG#196a5c01-4a91-11f1-8594-eeee0a955217.Loja-db-deployer#flowable-async-job-executor-thread-16249#
[PollExecuteTaskStatusExecution] 540913b5-ee82-43db-a33d-eb5577322406 [2026-05-08T03:52:21.099476] "name": "Loja-db", (STDOUT, APP/TASK/deploy)#
#2026 05 08 03:52:25.746#Z#DEBUG#196a5c01-4a91-11f1-8594-eeee0a955217.Loja-db-deployer#flowable-async-job-executor-thread-16249#
[PollExecuteTaskStatusExecution] 540913b5-ee82-43db-a33d-eb5577322406 [2026-05-08T03:52:21.099478] "label": "hana", (STDOUT, APP/TASK/deploy)#
#2026 05 08 03:52:25.746#Z#DEBUG#196a5c01-4a91-11f1-8594-eeee0a955217.Loja-db-deployer#flowable-async-job-executor-thread-16249#
[PollExecuteTaskStatusExecution] 540913b5-ee82-43db-a33d-eb5577322406 [2026-05-08T03:52:21.099482] "plan": "hdi-shared", (STDOUT, APP/TASK/deploy)#
#2026 05 08 03:52:25.746#Z#DEBUG#196a5c01-4a91-11f1-8594-eeee0a955217.Loja-db-deployer#flowable-async-job-executor-thread-16249#
[PollExecuteTaskStatusExecution] 540913b5-ee82-43db-a33d-eb5577322406 [2026-05-08T03:52:21.099483] "credentials": { (STDOUT, APP/TASK/deploy)#
#2026 05 08 03:52:25.746#Z#DEBUG#196a5c01-4a91-11f1-8594-eeee0a955217.Loja-db-deployer#flowable-async-job-executor-thread-16249#
[PollExecuteTaskStatusExecution] 540913b5-ee82-43db-a33d-eb5577322406 [2026-05-08T03:52:21.099486] "schema": "0BDA3929606647C1BC458C01854A3A3F", (STDOUT, APP/TASK/deploy)#
#2026 05 08 03:52:25.746#Z#DEBUG#196a5c01-4a91-11f1-8594-eeee0a955217.Loja-db-deployer#flowable-async-job-executor-thread-16249#
[PollExecuteTaskStatusExecution] 540913b5-ee82-43db-a33d-eb5577322406 [2026-05-08T03:52:21.099492] "database_id": "eaff8753-1771-4da6-a1a7-1f979574194f", (STDOUT, APP/TASK/deploy)#
#2026 05 08 03:52:25.746#Z#DEBUG#196a5c01-4a91-11f1-8594-eeee0a955217.Loja-db-deployer#flowable-async-job-executor-thread-16249#
[PollExecuteTaskStatusExecution] 540913b5-ee82-43db-a33d-eb5577322406 [2026-05-08T03:52:21.099494] "user": "0BDA3929606647C1BC458C01854A3A3F_6AQN1HUN77CIGLZYWTAQVCC3Z_RT", (STDOUT, APP/TASK/deploy)#
#2026 05 08 03:52:25.746#Z#DEBUG#196a5c01-4a91-11f1-8594-eeee0a955217.Loja-db-deployer#flowable-async-job-executor-thread-16249#
[PollExecuteTaskStatusExecution] 540913b5-ee82-43db-a33d-eb5577322406 [2026-05-08T03:52:21.099498] "hdi_user": "0BDA3929606647C1BC458C01854A3A3F_6AQN1HUN77CIGLZYWTAQVCC3Z_DT" (STDOUT, APP/TASK/deploy)#
#2026 05 08 03:52:25.746#Z#DEBUG#196a5c01-4a91-11f1-8594-eeee0a955217.Loja-db-deployer#flowable-async-job-executor-thread-16249#
[PollExecuteTaskStatusExecution] 540913b5-ee82-43db-a33d-eb5577322406 [2026-05-08T03:52:21.099503] }, (STDOUT, APP/TASK/deploy)#
#2026 05 08 03:52:25.746#Z#DEBUG#196a5c01-4a91-11f1-8594-eeee0a955217.Loja-db-deployer#flowable-async-job-executor-thread-16249#
[PollExecuteTaskStatusExecution] 540913b5-ee82-43db-a33d-eb5577322406 [2026-05-08T03:52:21.099507] "tags": [ (STDOUT, APP/TASK/deploy)#
#2026 05 08 03:52:25.746#Z#DEBUG#196a5c01-4a91-11f1-8594-eeee0a955217.Loja-db-deployer#flowable-async-job-executor-thread-16249#
[PollExecuteTaskStatusExecution] 540913b5-ee82-43db-a33d-eb5577322406 [2026-05-08T03:52:21.099509] "hana", (STDOUT, APP/TASK/deploy)#
#2026 05 08 03:52:25.746#Z#DEBUG#196a5c01-4a91-11f1-8594-eeee0a955217.Loja-db-deployer#flowable-async-job-executor-thread-16249#
[PollExecuteTaskStatusExecution] 540913b5-ee82-43db-a33d-eb5577322406 [2026-05-08T03:52:21.099511] "database", (STDOUT, APP/TASK/deploy)#
#2026 05 08 03:52:25.746#Z#DEBUG#196a5c01-4a91-11f1-8594-eeee0a955217.Loja-db-deployer#flowable-async-job-executor-thread-16249#
[PollExecuteTaskStatusExecution] 540913b5-ee82-43db-a33d-eb5577322406 [2026-05-08T03:52:21.099513] "relational" (STDOUT, APP/TASK/deploy)#
#2026 05 08 03:52:25.746#Z#DEBUG#196a5c01-4a91-11f1-8594-eeee0a955217.Loja-db-deployer#flowable-async-job-executor-thread-16249#
[PollExecuteTaskStatusExecution] 540913b5-ee82-43db-a33d-eb5577322406 [2026-05-08T03:52:21.099515] ] (STDOUT, APP/TASK/deploy)#
#2026 05 08 03:52:25.746#Z#DEBUG#196a5c01-4a91-11f1-8594-eeee0a955217.Loja-db-deployer#flowable-async-job-executor-thread-16249#
[PollExecuteTaskStatusExecution] 540913b5-ee82-43db-a33d-eb5577322406 [2026-05-08T03:52:21.099517] } (STDOUT, APP/TASK/deploy)#
#2026 05 08 03:52:25.746#Z#DEBUG#196a5c01-4a91-11f1-8594-eeee0a955217.Loja-db-deployer#flowable-async-job-executor-thread-16249#
[PollExecuteTaskStatusExecution] 540913b5-ee82-43db-a33d-eb5577322406 [2026-05-08T03:52:21.099518] ] (STDOUT, APP/TASK/deploy)#
#2026 05 08 03:52:25.746#Z#DEBUG#196a5c01-4a91-11f1-8594-eeee0a955217.Loja-db-deployer#flowable-async-job-executor-thread-16249#
[PollExecuteTaskStatusExecution] 540913b5-ee82-43db-a33d-eb5577322406 [2026-05-08T03:52:21.099520] } (STDOUT, APP/TASK/deploy)#
#2026 05 08 03:52:35.783#Z#DEBUG#196a5c01-4a91-11f1-8594-eeee0a955217.Loja-db-deployer#flowable-async-job-executor-thread-835#
[PollExecuteTaskStatusExecution] 540913b5-ee82-43db-a33d-eb5577322406 [2026-05-08T03:52:27.200202] @sap/hdi-deploy, version 5.6.1 (mode default), server version unknown (0.0.0.0), cloud version , node version 24.13.0, HDI version -1, container API version -1 (STDOUT, APP/TASK/deploy)#
#2026 05 08 03:52:35.783#Z#DEBUG#196a5c01-4a91-11f1-8594-eeee0a955217.Loja-db-deployer#flowable-async-job-executor-thread-835#
[PollExecuteTaskStatusExecution] 540913b5-ee82-43db-a33d-eb5577322406 [2026-05-08T03:52:27.200333] Deployment started at 2026-05-08 03:52:27 (STDOUT, APP/TASK/deploy)#
#2026 05 08 03:52:35.783#Z#DEBUG#196a5c01-4a91-11f1-8594-eeee0a955217.Loja-db-deployer#flowable-async-job-executor-thread-835#
[PollExecuteTaskStatusExecution] 540913b5-ee82-43db-a33d-eb5577322406 [2026-05-08T03:52:27.200583] Using hdb@2.27.1 for connection (STDOUT, APP/TASK/deploy)#
#2026 05 08 03:52:35.783#Z#DEBUG#196a5c01-4a91-11f1-8594-eeee0a955217.Loja-db-deployer#flowable-async-job-executor-thread-835#
[PollExecuteTaskStatusExecution] 540913b5-ee82-43db-a33d-eb5577322406 [2026-05-08T03:52:27.200604] Detection of server version failed; root cause: Could not connect to any host: [ eaff8753-1771-4da6-a1a7-1f979574194f.hna1.prod-us10.hanacloud.ondemand.com:443 -  ] (STDOUT, APP/TASK/deploy)#
#2026 05 08 03:52:35.783#Z#DEBUG#196a5c01-4a91-11f1-8594-eeee0a955217.Loja-db-deployer#flowable-async-job-executor-thread-835#
[PollExecuteTaskStatusExecution] 540913b5-ee82-43db-a33d-eb5577322406 [2026-05-08T03:52:27.200610] Detection of cloud version failed; root cause: Could not connect to any host: [ eaff8753-1771-4da6-a1a7-1f979574194f.hna1.prod-us10.hanacloud.ondemand.com:443 -  ] (STDOUT, APP/TASK/deploy)#
#2026 05 08 03:52:35.783#Z#DEBUG#196a5c01-4a91-11f1-8594-eeee0a955217.Loja-db-deployer#flowable-async-job-executor-thread-835#
[PollExecuteTaskStatusExecution] 540913b5-ee82-43db-a33d-eb5577322406 [2026-05-08T03:52:27.200613] Detection of container API version failed; root cause: Could not connect to any host: [ eaff8753-1771-4da6-a1a7-1f979574194f.hna1.prod-us10.hanacloud.ondemand.com:443 -  ] (STDOUT, APP/TASK/deploy)#
#2026 05 08 03:52:35.783#Z#DEBUG#196a5c01-4a91-11f1-8594-eeee0a955217.Loja-db-deployer#flowable-async-job-executor-thread-835#
[PollExecuteTaskStatusExecution] 540913b5-ee82-43db-a33d-eb5577322406 [2026-05-08T03:52:27.200615] Detection of HDI version failed; root cause: Could not connect to any host: [ eaff8753-1771-4da6-a1a7-1f979574194f.hna1.prod-us10.hanacloud.ondemand.com:443 -  ] (STDOUT, APP/TASK/deploy)#
#2026 05 08 03:52:35.783#Z#DEBUG#196a5c01-4a91-11f1-8594-eeee0a955217.Loja-db-deployer#flowable-async-job-executor-thread-835#
[PollExecuteTaskStatusExecution] 540913b5-ee82-43db-a33d-eb5577322406 [2026-05-08T03:52:27.200821] Deployment ended at 2026-05-08 03:52:27 (STDOUT, APP/TASK/deploy)#
#2026 05 08 03:52:35.783#Z#DEBUG#196a5c01-4a91-11f1-8594-eeee0a955217.Loja-db-deployer#flowable-async-job-executor-thread-835#
[PollExecuteTaskStatusExecution] 540913b5-ee82-43db-a33d-eb5577322406 [2026-05-08T03:52:27.200950] Error: Option parameter is not supported by the server; based on detected server version unknown (STDERR, APP/TASK/deploy)#
#2026 05 08 03:52:35.783#Z#DEBUG#196a5c01-4a91-11f1-8594-eeee0a955217.Loja-db-deployer#flowable-async-job-executor-thread-835#
[PollExecuteTaskStatusExecution] 540913b5-ee82-43db-a33d-eb5577322406 [2026-05-08T03:52:27.201278] (6s 173ms) (STDOUT, APP/TASK/deploy)#
#2026 05 08 03:52:35.783#Z#DEBUG#196a5c01-4a91-11f1-8594-eeee0a955217.Loja-db-deployer#flowable-async-job-executor-thread-835#
[PollExecuteTaskStatusExecution] 540913b5-ee82-43db-a33d-eb5577322406 [2026-05-08T03:52:27.265103] Exit status 1 (STDOUT, APP/TASK/deploy)#
#2026 05 08 03:52:35.783#Z#DEBUG#196a5c01-4a91-11f1-8594-eeee0a955217.Loja-db-deployer#flowable-async-job-executor-thread-835#
[PollExecuteTaskStatusExecution] 540913b5-ee82-43db-a33d-eb5577322406 [2026-05-08T03:52:28.059012] Cell 77283d80-dfa7-40ba-ba4e-265aef112085 stopping instance 2f452b45-110f-4d4a-96d5-5059f06a366a (STDOUT, CELL)#
#2026 05 08 03:52:35.783#Z#DEBUG#196a5c01-4a91-11f1-8594-eeee0a955217.Loja-db-deployer#flowable-async-job-executor-thread-835#
[PollExecuteTaskStatusExecution] 540913b5-ee82-43db-a33d-eb5577322406 [2026-05-08T03:52:28.059063] Cell 77283d80-dfa7-40ba-ba4e-265aef112085 destroying container for instance 2f452b45-110f-4d4a-96d5-5059f06a366a (STDOUT, CELL)#
#2026 05 08 03:52:35.783#Z#DEBUG#196a5c01-4a91-11f1-8594-eeee0a955217.Loja-db-deployer#flowable-async-job-executor-thread-835#
[PollExecuteTaskStatusExecution] 540913b5-ee82-43db-a33d-eb5577322406 [2026-05-08T03:52:29.156434] Cell 77283d80-dfa7-40ba-ba4e-265aef112085 successfully destroyed container for instance 2f452b45-110f-4d4a-96d5-5059f06a366a (STDOUT, CELL)#
#2026 05 08 03:52:45.816#Z#DEBUG#196a5c01-4a91-11f1-8594-eeee0a955217.Loja-db-deployer#flowable-async-job-executor-thread-15838#
[PollExecuteTaskStatusExecution] 540913b5-ee82-43db-a33d-eb5577322406 [2026-05-08T03:52:27.200202] @sap/hdi-deploy, version 5.6.1 (mode default), server version unknown (0.0.0.0), cloud version , node version 24.13.0, HDI version -1, container API version -1 (STDOUT, APP/TASK/deploy)#
#2026 05 08 03:52:45.816#Z#DEBUG#196a5c01-4a91-11f1-8594-eeee0a955217.Loja-db-deployer#flowable-async-job-executor-thread-15838#
[PollExecuteTaskStatusExecution] 540913b5-ee82-43db-a33d-eb5577322406 [2026-05-08T03:52:27.200333] Deployment started at 2026-05-08 03:52:27 (STDOUT, APP/TASK/deploy)#
#2026 05 08 03:52:45.816#Z#DEBUG#196a5c01-4a91-11f1-8594-eeee0a955217.Loja-db-deployer#flowable-async-job-executor-thread-15838#
[PollExecuteTaskStatusExecution] 540913b5-ee82-43db-a33d-eb5577322406 [2026-05-08T03:52:27.200583] Using hdb@2.27.1 for connection (STDOUT, APP/TASK/deploy)#
#2026 05 08 03:52:45.816#Z#DEBUG#196a5c01-4a91-11f1-8594-eeee0a955217.Loja-db-deployer#flowable-async-job-executor-thread-15838#
[PollExecuteTaskStatusExecution] 540913b5-ee82-43db-a33d-eb5577322406 [2026-05-08T03:52:27.200604] Detection of server version failed; root cause: Could not connect to any host: [ eaff8753-1771-4da6-a1a7-1f979574194f.hna1.prod-us10.hanacloud.ondemand.com:443 -  ] (STDOUT, APP/TASK/deploy)#
#2026 05 08 03:52:45.816#Z#DEBUG#196a5c01-4a91-11f1-8594-eeee0a955217.Loja-db-deployer#flowable-async-job-executor-thread-15838#
[PollExecuteTaskStatusExecution] 540913b5-ee82-43db-a33d-eb5577322406 [2026-05-08T03:52:27.200610] Detection of cloud version failed; root cause: Could not connect to any host: [ eaff8753-1771-4da6-a1a7-1f979574194f.hna1.prod-us10.hanacloud.ondemand.com:443 -  ] (STDOUT, APP/TASK/deploy)#
#2026 05 08 03:52:45.816#Z#DEBUG#196a5c01-4a91-11f1-8594-eeee0a955217.Loja-db-deployer#flowable-async-job-executor-thread-15838#
[PollExecuteTaskStatusExecution] 540913b5-ee82-43db-a33d-eb5577322406 [2026-05-08T03:52:27.200613] Detection of container API version failed; root cause: Could not connect to any host: [ eaff8753-1771-4da6-a1a7-1f979574194f.hna1.prod-us10.hanacloud.ondemand.com:443 -  ] (STDOUT, APP/TASK/deploy)#
#2026 05 08 03:52:45.816#Z#DEBUG#196a5c01-4a91-11f1-8594-eeee0a955217.Loja-db-deployer#flowable-async-job-executor-thread-15838#
[PollExecuteTaskStatusExecution] 540913b5-ee82-43db-a33d-eb5577322406 [2026-05-08T03:52:27.200615] Detection of HDI version failed; root cause: Could not connect to any host: [ eaff8753-1771-4da6-a1a7-1f979574194f.hna1.prod-us10.hanacloud.ondemand.com:443 -  ] (STDOUT, APP/TASK/deploy)#
#2026 05 08 03:52:45.816#Z#DEBUG#196a5c01-4a91-11f1-8594-eeee0a955217.Loja-db-deployer#flowable-async-job-executor-thread-15838#
[PollExecuteTaskStatusExecution] 540913b5-ee82-43db-a33d-eb5577322406 [2026-05-08T03:52:27.200821] Deployment ended at 2026-05-08 03:52:27 (STDOUT, APP/TASK/deploy)#
#2026 05 08 03:52:45.816#Z#DEBUG#196a5c01-4a91-11f1-8594-eeee0a955217.Loja-db-deployer#flowable-async-job-executor-thread-15838#
[PollExecuteTaskStatusExecution] 540913b5-ee82-43db-a33d-eb5577322406 [2026-05-08T03:52:27.200950] Error: Option parameter is not supported by the server; based on detected server version unknown (STDERR, APP/TASK/deploy)#
#2026 05 08 03:52:45.816#Z#DEBUG#196a5c01-4a91-11f1-8594-eeee0a955217.Loja-db-deployer#flowable-async-job-executor-thread-15838#
[PollExecuteTaskStatusExecution] 540913b5-ee82-43db-a33d-eb5577322406 [2026-05-08T03:52:27.201278] (6s 173ms) (STDOUT, APP/TASK/deploy)#
#2026 05 08 03:52:45.816#Z#DEBUG#196a5c01-4a91-11f1-8594-eeee0a955217.Loja-db-deployer#flowable-async-job-executor-thread-15838#
[PollExecuteTaskStatusExecution] 540913b5-ee82-43db-a33d-eb5577322406 [2026-05-08T03:52:27.265103] Exit status 1 (STDOUT, APP/TASK/deploy)#
#2026 05 08 03:52:45.816#Z#DEBUG#196a5c01-4a91-11f1-8594-eeee0a955217.Loja-db-deployer#flowable-async-job-executor-thread-15838#
[PollExecuteTaskStatusExecution] 540913b5-ee82-43db-a33d-eb5577322406 [2026-05-08T03:52:28.059012] Cell 77283d80-dfa7-40ba-ba4e-265aef112085 stopping instance 2f452b45-110f-4d4a-96d5-5059f06a366a (STDOUT, CELL)#
#2026 05 08 03:52:45.816#Z#DEBUG#196a5c01-4a91-11f1-8594-eeee0a955217.Loja-db-deployer#flowable-async-job-executor-thread-15838#
[PollExecuteTaskStatusExecution] 540913b5-ee82-43db-a33d-eb5577322406 [2026-05-08T03:52:28.059063] Cell 77283d80-dfa7-40ba-ba4e-265aef112085 destroying container for instance 2f452b45-110f-4d4a-96d5-5059f06a366a (STDOUT, CELL)#
#2026 05 08 03:52:45.816#Z#DEBUG#196a5c01-4a91-11f1-8594-eeee0a955217.Loja-db-deployer#flowable-async-job-executor-thread-15838#
[PollExecuteTaskStatusExecution] 540913b5-ee82-43db-a33d-eb5577322406 [2026-05-08T03:52:29.156434] Cell 77283d80-dfa7-40ba-ba4e-265aef112085 successfully destroyed container for instance 2f452b45-110f-4d4a-96d5-5059f06a366a (STDOUT, CELL)#
#2026 05 08 03:52:45.816#Z#DEBUG#196a5c01-4a91-11f1-8594-eeee0a955217.Loja-db-deployer#flowable-async-job-executor-thread-15838#
[PollExecuteTaskStatusExecution] 540913b5-ee82-43db-a33d-eb5577322406 [2026-05-08T03:52:37.834884] Cell 77283d80-dfa7-40ba-ba4e-265aef112085 creating container for instance b5c18d5c-ecbf-4d02-8c46-5915927a512e (STDOUT, CELL)#
#2026 05 08 03:52:45.816#Z#DEBUG#196a5c01-4a91-11f1-8594-eeee0a955217.Loja-db-deployer#flowable-async-job-executor-thread-15838#
[PollExecuteTaskStatusExecution] 540913b5-ee82-43db-a33d-eb5577322406 [2026-05-08T03:52:38.150054] Security group rules were updated (STDOUT, CELL)#
#2026 05 08 03:52:45.816#Z#DEBUG#196a5c01-4a91-11f1-8594-eeee0a955217.Loja-db-deployer#flowable-async-job-executor-thread-15838#
[PollExecuteTaskStatusExecution] 540913b5-ee82-43db-a33d-eb5577322406 [2026-05-08T03:52:38.209571] Cell 77283d80-dfa7-40ba-ba4e-265aef112085 successfully created container for instance b5c18d5c-ecbf-4d02-8c46-5915927a512e (STDOUT, CELL)#
#2026 05 08 03:52:45.816#Z#DEBUG#196a5c01-4a91-11f1-8594-eeee0a955217.Loja-db-deployer#flowable-async-job-executor-thread-15838#
[PollExecuteTaskStatusExecution] 540913b5-ee82-43db-a33d-eb5577322406 [2026-05-08T03:52:41.152308] Invoking pre-start scripts. (STDOUT, APP/TASK/deploy)#
#2026 05 08 03:52:45.816#Z#DEBUG#196a5c01-4a91-11f1-8594-eeee0a955217.Loja-db-deployer#flowable-async-job-executor-thread-15838#
[PollExecuteTaskStatusExecution] 540913b5-ee82-43db-a33d-eb5577322406 [2026-05-08T03:52:41.292251] Invoking start command. (STDOUT, APP/TASK/deploy)#
#2026 05 08 03:52:45.816#Z#DEBUG#196a5c01-4a91-11f1-8594-eeee0a955217.Loja-db-deployer#flowable-async-job-executor-thread-15838#
[PollExecuteTaskStatusExecution] 540913b5-ee82-43db-a33d-eb5577322406 [2026-05-08T03:52:41.594827] > start (STDOUT, APP/TASK/deploy)#
#2026 05 08 03:52:45.816#Z#DEBUG#196a5c01-4a91-11f1-8594-eeee0a955217.Loja-db-deployer#flowable-async-job-executor-thread-15838#
[PollExecuteTaskStatusExecution] 540913b5-ee82-43db-a33d-eb5577322406 [2026-05-08T03:52:41.594851] > node node_modules/@sap/hdi-deploy/deploy.js --use-hdb --parameter com.sap.hana.di.table/try_fast_table_migration=true (STDOUT, APP/TASK/deploy)#
#2026 05 08 03:52:45.816#Z#DEBUG#196a5c01-4a91-11f1-8594-eeee0a955217.Loja-db-deployer#flowable-async-job-executor-thread-15838#
[PollExecuteTaskStatusExecution] 540913b5-ee82-43db-a33d-eb5577322406 [2026-05-08T03:52:41.698696] VCAP_SERVICES: (STDOUT, APP/TASK/deploy)#
#2026 05 08 03:52:45.816#Z#DEBUG#196a5c01-4a91-11f1-8594-eeee0a955217.Loja-db-deployer#flowable-async-job-executor-thread-15838#
[PollExecuteTaskStatusExecution] 540913b5-ee82-43db-a33d-eb5577322406 [2026-05-08T03:52:41.698850] { (STDOUT, APP/TASK/deploy)#
#2026 05 08 03:52:45.816#Z#DEBUG#196a5c01-4a91-11f1-8594-eeee0a955217.Loja-db-deployer#flowable-async-job-executor-thread-15838#
[PollExecuteTaskStatusExecution] 540913b5-ee82-43db-a33d-eb5577322406 [2026-05-08T03:52:41.698861] "hana": [ (STDOUT, APP/TASK/deploy)#
#2026 05 08 03:52:45.816#Z#DEBUG#196a5c01-4a91-11f1-8594-eeee0a955217.Loja-db-deployer#flowable-async-job-executor-thread-15838#
[PollExecuteTaskStatusExecution] 540913b5-ee82-43db-a33d-eb5577322406 [2026-05-08T03:52:41.698864] { (STDOUT, APP/TASK/deploy)#
#2026 05 08 03:52:45.816#Z#DEBUG#196a5c01-4a91-11f1-8594-eeee0a955217.Loja-db-deployer#flowable-async-job-executor-thread-15838#
[PollExecuteTaskStatusExecution] 540913b5-ee82-43db-a33d-eb5577322406 [2026-05-08T03:52:41.698866] "name": "Loja-db", (STDOUT, APP/TASK/deploy)#
#2026 05 08 03:52:45.816#Z#DEBUG#196a5c01-4a91-11f1-8594-eeee0a955217.Loja-db-deployer#flowable-async-job-executor-thread-15838#
[PollExecuteTaskStatusExecution] 540913b5-ee82-43db-a33d-eb5577322406 [2026-05-08T03:52:41.698868] "label": "hana", (STDOUT, APP/TASK/deploy)#
#2026 05 08 03:52:45.816#Z#DEBUG#196a5c01-4a91-11f1-8594-eeee0a955217.Loja-db-deployer#flowable-async-job-executor-thread-15838#
[PollExecuteTaskStatusExecution] 540913b5-ee82-43db-a33d-eb5577322406 [2026-05-08T03:52:41.698870] "plan": "hdi-shared", (STDOUT, APP/TASK/deploy)#
#2026 05 08 03:52:45.816#Z#DEBUG#196a5c01-4a91-11f1-8594-eeee0a955217.Loja-db-deployer#flowable-async-job-executor-thread-15838#
[PollExecuteTaskStatusExecution] 540913b5-ee82-43db-a33d-eb5577322406 [2026-05-08T03:52:41.698871] "credentials": { (STDOUT, APP/TASK/deploy)#
#2026 05 08 03:52:45.816#Z#DEBUG#196a5c01-4a91-11f1-8594-eeee0a955217.Loja-db-deployer#flowable-async-job-executor-thread-15838#
[PollExecuteTaskStatusExecution] 540913b5-ee82-43db-a33d-eb5577322406 [2026-05-08T03:52:41.698873] "schema": "0BDA3929606647C1BC458C01854A3A3F", (STDOUT, APP/TASK/deploy)#
#2026 05 08 03:52:45.816#Z#DEBUG#196a5c01-4a91-11f1-8594-eeee0a955217.Loja-db-deployer#flowable-async-job-executor-thread-15838#
[PollExecuteTaskStatusExecution] 540913b5-ee82-43db-a33d-eb5577322406 [2026-05-08T03:52:41.698874] "database_id": "eaff8753-1771-4da6-a1a7-1f979574194f", (STDOUT, APP/TASK/deploy)#
#2026 05 08 03:52:45.816#Z#DEBUG#196a5c01-4a91-11f1-8594-eeee0a955217.Loja-db-deployer#flowable-async-job-executor-thread-15838#
[PollExecuteTaskStatusExecution] 540913b5-ee82-43db-a33d-eb5577322406 [2026-05-08T03:52:41.698879] "user": "0BDA3929606647C1BC458C01854A3A3F_6AQN1HUN77CIGLZYWTAQVCC3Z_RT", (STDOUT, APP/TASK/deploy)#
#2026 05 08 03:52:45.816#Z#DEBUG#196a5c01-4a91-11f1-8594-eeee0a955217.Loja-db-deployer#flowable-async-job-executor-thread-15838#
[PollExecuteTaskStatusExecution] 540913b5-ee82-43db-a33d-eb5577322406 [2026-05-08T03:52:41.698881] "hdi_user": "0BDA3929606647C1BC458C01854A3A3F_6AQN1HUN77CIGLZYWTAQVCC3Z_DT" (STDOUT, APP/TASK/deploy)#
#2026 05 08 03:52:45.816#Z#DEBUG#196a5c01-4a91-11f1-8594-eeee0a955217.Loja-db-deployer#flowable-async-job-executor-thread-15838#
[PollExecuteTaskStatusExecution] 540913b5-ee82-43db-a33d-eb5577322406 [2026-05-08T03:52:41.698883] }, (STDOUT, APP/TASK/deploy)#
#2026 05 08 03:52:45.816#Z#DEBUG#196a5c01-4a91-11f1-8594-eeee0a955217.Loja-db-deployer#flowable-async-job-executor-thread-15838#
[PollExecuteTaskStatusExecution] 540913b5-ee82-43db-a33d-eb5577322406 [2026-05-08T03:52:41.698884] "tags": [ (STDOUT, APP/TASK/deploy)#
#2026 05 08 03:52:45.816#Z#DEBUG#196a5c01-4a91-11f1-8594-eeee0a955217.Loja-db-deployer#flowable-async-job-executor-thread-15838#
[PollExecuteTaskStatusExecution] 540913b5-ee82-43db-a33d-eb5577322406 [2026-05-08T03:52:41.698885] "hana", (STDOUT, APP/TASK/deploy)#
#2026 05 08 03:52:45.816#Z#DEBUG#196a5c01-4a91-11f1-8594-eeee0a955217.Loja-db-deployer#flowable-async-job-executor-thread-15838#
[PollExecuteTaskStatusExecution] 540913b5-ee82-43db-a33d-eb5577322406 [2026-05-08T03:52:41.698887] "database", (STDOUT, APP/TASK/deploy)#
#2026 05 08 03:52:45.816#Z#DEBUG#196a5c01-4a91-11f1-8594-eeee0a955217.Loja-db-deployer#flowable-async-job-executor-thread-15838#
[PollExecuteTaskStatusExecution] 540913b5-ee82-43db-a33d-eb5577322406 [2026-05-08T03:52:41.698889] "relational" (STDOUT, APP/TASK/deploy)#
#2026 05 08 03:52:45.816#Z#DEBUG#196a5c01-4a91-11f1-8594-eeee0a955217.Loja-db-deployer#flowable-async-job-executor-thread-15838#
[PollExecuteTaskStatusExecution] 540913b5-ee82-43db-a33d-eb5577322406 [2026-05-08T03:52:41.698890] ] (STDOUT, APP/TASK/deploy)#
#2026 05 08 03:52:45.816#Z#DEBUG#196a5c01-4a91-11f1-8594-eeee0a955217.Loja-db-deployer#flowable-async-job-executor-thread-15838#
[PollExecuteTaskStatusExecution] 540913b5-ee82-43db-a33d-eb5577322406 [2026-05-08T03:52:41.698891] } (STDOUT, APP/TASK/deploy)#
#2026 05 08 03:52:45.816#Z#DEBUG#196a5c01-4a91-11f1-8594-eeee0a955217.Loja-db-deployer#flowable-async-job-executor-thread-15838#
[PollExecuteTaskStatusExecution] 540913b5-ee82-43db-a33d-eb5577322406 [2026-05-08T03:52:41.698893] ] (STDOUT, APP/TASK/deploy)#
#2026 05 08 03:52:45.816#Z#DEBUG#196a5c01-4a91-11f1-8594-eeee0a955217.Loja-db-deployer#flowable-async-job-executor-thread-15838#
[PollExecuteTaskStatusExecution] 540913b5-ee82-43db-a33d-eb5577322406 [2026-05-08T03:52:41.698894] } (STDOUT, APP/TASK/deploy)#
#2026 05 08 03:52:55.960#Z#DEBUG#196a5c01-4a91-11f1-8594-eeee0a955217.Loja-db-deployer#flowable-async-job-executor-thread-15845#
[PollExecuteTaskStatusExecution] 540913b5-ee82-43db-a33d-eb5577322406 [2026-05-08T03:52:47.807366] @sap/hdi-deploy, version 5.6.1 (mode default), server version unknown (0.0.0.0), cloud version , node version 24.13.0, HDI version -1, container API version -1 (STDOUT, APP/TASK/deploy)#
#2026 05 08 03:52:55.960#Z#DEBUG#196a5c01-4a91-11f1-8594-eeee0a955217.Loja-db-deployer#flowable-async-job-executor-thread-15845#
[PollExecuteTaskStatusExecution] 540913b5-ee82-43db-a33d-eb5577322406 [2026-05-08T03:52:47.807485] Deployment started at 2026-05-08 03:52:47 (STDOUT, APP/TASK/deploy)#
#2026 05 08 03:52:55.960#Z#DEBUG#196a5c01-4a91-11f1-8594-eeee0a955217.Loja-db-deployer#flowable-async-job-executor-thread-15845#
[PollExecuteTaskStatusExecution] 540913b5-ee82-43db-a33d-eb5577322406 [2026-05-08T03:52:47.807664] Using hdb@2.27.1 for connection (STDOUT, APP/TASK/deploy)#
#2026 05 08 03:52:55.960#Z#DEBUG#196a5c01-4a91-11f1-8594-eeee0a955217.Loja-db-deployer#flowable-async-job-executor-thread-15845#
[PollExecuteTaskStatusExecution] 540913b5-ee82-43db-a33d-eb5577322406 [2026-05-08T03:52:47.807693] Detection of server version failed; root cause: Could not connect to any host: [ eaff8753-1771-4da6-a1a7-1f979574194f.hna1.prod-us10.hanacloud.ondemand.com:443 -  ] (STDOUT, APP/TASK/deploy)#
#2026 05 08 03:52:55.960#Z#DEBUG#196a5c01-4a91-11f1-8594-eeee0a955217.Loja-db-deployer#flowable-async-job-executor-thread-15845#
[PollExecuteTaskStatusExecution] 540913b5-ee82-43db-a33d-eb5577322406 [2026-05-08T03:52:47.807705] Detection of cloud version failed; root cause: Could not connect to any host: [ eaff8753-1771-4da6-a1a7-1f979574194f.hna1.prod-us10.hanacloud.ondemand.com:443 -  ] (STDOUT, APP/TASK/deploy)#
#2026 05 08 03:52:55.960#Z#DEBUG#196a5c01-4a91-11f1-8594-eeee0a955217.Loja-db-deployer#flowable-async-job-executor-thread-15845#
[PollExecuteTaskStatusExecution] 540913b5-ee82-43db-a33d-eb5577322406 [2026-05-08T03:52:47.807709] Detection of container API version failed; root cause: Could not connect to any host: [ eaff8753-1771-4da6-a1a7-1f979574194f.hna1.prod-us10.hanacloud.ondemand.com:443 -  ] (STDOUT, APP/TASK/deploy)#
#2026 05 08 03:52:55.960#Z#DEBUG#196a5c01-4a91-11f1-8594-eeee0a955217.Loja-db-deployer#flowable-async-job-executor-thread-15845#
[PollExecuteTaskStatusExecution] 540913b5-ee82-43db-a33d-eb5577322406 [2026-05-08T03:52:47.807714] Detection of HDI version failed; root cause: Could not connect to any host: [ eaff8753-1771-4da6-a1a7-1f979574194f.hna1.prod-us10.hanacloud.ondemand.com:443 -  ] (STDOUT, APP/TASK/deploy)#
#2026 05 08 03:52:55.960#Z#DEBUG#196a5c01-4a91-11f1-8594-eeee0a955217.Loja-db-deployer#flowable-async-job-executor-thread-15845#
[PollExecuteTaskStatusExecution] 540913b5-ee82-43db-a33d-eb5577322406 [2026-05-08T03:52:47.808065] Deployment ended at 2026-05-08 03:52:47 (STDOUT, APP/TASK/deploy)#
#2026 05 08 03:52:55.960#Z#DEBUG#196a5c01-4a91-11f1-8594-eeee0a955217.Loja-db-deployer#flowable-async-job-executor-thread-15845#
[PollExecuteTaskStatusExecution] 540913b5-ee82-43db-a33d-eb5577322406 [2026-05-08T03:52:47.808149] Error: Option parameter is not supported by the server; based on detected server version unknown (STDERR, APP/TASK/deploy)#
#2026 05 08 03:52:55.960#Z#DEBUG#196a5c01-4a91-11f1-8594-eeee0a955217.Loja-db-deployer#flowable-async-job-executor-thread-15845#
[PollExecuteTaskStatusExecution] 540913b5-ee82-43db-a33d-eb5577322406 [2026-05-08T03:52:47.808451] (6s 183ms) (STDOUT, APP/TASK/deploy)#
#2026 05 08 03:52:55.960#Z#DEBUG#196a5c01-4a91-11f1-8594-eeee0a955217.Loja-db-deployer#flowable-async-job-executor-thread-15845#
[PollExecuteTaskStatusExecution] 540913b5-ee82-43db-a33d-eb5577322406 [2026-05-08T03:52:47.875624] Exit status 1 (STDOUT, APP/TASK/deploy)#
#2026 05 08 03:52:55.960#Z#DEBUG#196a5c01-4a91-11f1-8594-eeee0a955217.Loja-db-deployer#flowable-async-job-executor-thread-15845#
[PollExecuteTaskStatusExecution] 540913b5-ee82-43db-a33d-eb5577322406 [2026-05-08T03:52:48.253373] Cell 77283d80-dfa7-40ba-ba4e-265aef112085 stopping instance b5c18d5c-ecbf-4d02-8c46-5915927a512e (STDOUT, CELL)#
#2026 05 08 03:52:55.960#Z#DEBUG#196a5c01-4a91-11f1-8594-eeee0a955217.Loja-db-deployer#flowable-async-job-executor-thread-15845#
[PollExecuteTaskStatusExecution] 540913b5-ee82-43db-a33d-eb5577322406 [2026-05-08T03:52:48.253411] Cell 77283d80-dfa7-40ba-ba4e-265aef112085 destroying container for instance b5c18d5c-ecbf-4d02-8c46-5915927a512e (STDOUT, CELL)#
#2026 05 08 03:52:55.960#Z#DEBUG#196a5c01-4a91-11f1-8594-eeee0a955217.Loja-db-deployer#flowable-async-job-executor-thread-15845#
[PollExecuteTaskStatusExecution] 540913b5-ee82-43db-a33d-eb5577322406 [2026-05-08T03:52:49.439919] Cell 77283d80-dfa7-40ba-ba4e-265aef112085 successfully destroyed container for instance b5c18d5c-ecbf-4d02-8c46-5915927a512e (STDOUT, CELL)#
#2026 05 08 03:53:06.044#Z#DEBUG#196a5c01-4a91-11f1-8594-eeee0a955217.Loja-db-deployer#flowable-async-job-executor-thread-15842#
[PollExecuteTaskStatusExecution] 540913b5-ee82-43db-a33d-eb5577322406 [2026-05-08T03:52:47.807366] @sap/hdi-deploy, version 5.6.1 (mode default), server version unknown (0.0.0.0), cloud version , node version 24.13.0, HDI version -1, container API version -1 (STDOUT, APP/TASK/deploy)#
#2026 05 08 03:53:06.044#Z#DEBUG#196a5c01-4a91-11f1-8594-eeee0a955217.Loja-db-deployer#flowable-async-job-executor-thread-15842#
[PollExecuteTaskStatusExecution] 540913b5-ee82-43db-a33d-eb5577322406 [2026-05-08T03:52:47.807485] Deployment started at 2026-05-08 03:52:47 (STDOUT, APP/TASK/deploy)#
#2026 05 08 03:53:06.044#Z#DEBUG#196a5c01-4a91-11f1-8594-eeee0a955217.Loja-db-deployer#flowable-async-job-executor-thread-15842#
[PollExecuteTaskStatusExecution] 540913b5-ee82-43db-a33d-eb5577322406 [2026-05-08T03:52:47.807664] Using hdb@2.27.1 for connection (STDOUT, APP/TASK/deploy)#
#2026 05 08 03:53:06.044#Z#DEBUG#196a5c01-4a91-11f1-8594-eeee0a955217.Loja-db-deployer#flowable-async-job-executor-thread-15842#
[PollExecuteTaskStatusExecution] 540913b5-ee82-43db-a33d-eb5577322406 [2026-05-08T03:52:47.807693] Detection of server version failed; root cause: Could not connect to any host: [ eaff8753-1771-4da6-a1a7-1f979574194f.hna1.prod-us10.hanacloud.ondemand.com:443 -  ] (STDOUT, APP/TASK/deploy)#
#2026 05 08 03:53:06.044#Z#DEBUG#196a5c01-4a91-11f1-8594-eeee0a955217.Loja-db-deployer#flowable-async-job-executor-thread-15842#
[PollExecuteTaskStatusExecution] 540913b5-ee82-43db-a33d-eb5577322406 [2026-05-08T03:52:47.807705] Detection of cloud version failed; root cause: Could not connect to any host: [ eaff8753-1771-4da6-a1a7-1f979574194f.hna1.prod-us10.hanacloud.ondemand.com:443 -  ] (STDOUT, APP/TASK/deploy)#
#2026 05 08 03:53:06.044#Z#DEBUG#196a5c01-4a91-11f1-8594-eeee0a955217.Loja-db-deployer#flowable-async-job-executor-thread-15842#
[PollExecuteTaskStatusExecution] 540913b5-ee82-43db-a33d-eb5577322406 [2026-05-08T03:52:47.807709] Detection of container API version failed; root cause: Could not connect to any host: [ eaff8753-1771-4da6-a1a7-1f979574194f.hna1.prod-us10.hanacloud.ondemand.com:443 -  ] (STDOUT, APP/TASK/deploy)#
#2026 05 08 03:53:06.044#Z#DEBUG#196a5c01-4a91-11f1-8594-eeee0a955217.Loja-db-deployer#flowable-async-job-executor-thread-15842#
[PollExecuteTaskStatusExecution] 540913b5-ee82-43db-a33d-eb5577322406 [2026-05-08T03:52:47.807714] Detection of HDI version failed; root cause: Could not connect to any host: [ eaff8753-1771-4da6-a1a7-1f979574194f.hna1.prod-us10.hanacloud.ondemand.com:443 -  ] (STDOUT, APP/TASK/deploy)#
#2026 05 08 03:53:06.044#Z#DEBUG#196a5c01-4a91-11f1-8594-eeee0a955217.Loja-db-deployer#flowable-async-job-executor-thread-15842#
[PollExecuteTaskStatusExecution] 540913b5-ee82-43db-a33d-eb5577322406 [2026-05-08T03:52:47.808065] Deployment ended at 2026-05-08 03:52:47 (STDOUT, APP/TASK/deploy)#
#2026 05 08 03:53:06.044#Z#DEBUG#196a5c01-4a91-11f1-8594-eeee0a955217.Loja-db-deployer#flowable-async-job-executor-thread-15842#
[PollExecuteTaskStatusExecution] 540913b5-ee82-43db-a33d-eb5577322406 [2026-05-08T03:52:47.808149] Error: Option parameter is not supported by the server; based on detected server version unknown (STDERR, APP/TASK/deploy)#
#2026 05 08 03:53:06.044#Z#DEBUG#196a5c01-4a91-11f1-8594-eeee0a955217.Loja-db-deployer#flowable-async-job-executor-thread-15842#
[PollExecuteTaskStatusExecution] 540913b5-ee82-43db-a33d-eb5577322406 [2026-05-08T03:52:47.808451] (6s 183ms) (STDOUT, APP/TASK/deploy)#
#2026 05 08 03:53:06.044#Z#DEBUG#196a5c01-4a91-11f1-8594-eeee0a955217.Loja-db-deployer#flowable-async-job-executor-thread-15842#
[PollExecuteTaskStatusExecution] 540913b5-ee82-43db-a33d-eb5577322406 [2026-05-08T03:52:47.875624] Exit status 1 (STDOUT, APP/TASK/deploy)#
#2026 05 08 03:53:06.044#Z#DEBUG#196a5c01-4a91-11f1-8594-eeee0a955217.Loja-db-deployer#flowable-async-job-executor-thread-15842#
[PollExecuteTaskStatusExecution] 540913b5-ee82-43db-a33d-eb5577322406 [2026-05-08T03:52:48.253373] Cell 77283d80-dfa7-40ba-ba4e-265aef112085 stopping instance b5c18d5c-ecbf-4d02-8c46-5915927a512e (STDOUT, CELL)#
#2026 05 08 03:53:06.044#Z#DEBUG#196a5c01-4a91-11f1-8594-eeee0a955217.Loja-db-deployer#flowable-async-job-executor-thread-15842#
[PollExecuteTaskStatusExecution] 540913b5-ee82-43db-a33d-eb5577322406 [2026-05-08T03:52:48.253411] Cell 77283d80-dfa7-40ba-ba4e-265aef112085 destroying container for instance b5c18d5c-ecbf-4d02-8c46-5915927a512e (STDOUT, CELL)#
#2026 05 08 03:53:06.044#Z#DEBUG#196a5c01-4a91-11f1-8594-eeee0a955217.Loja-db-deployer#flowable-async-job-executor-thread-15842#
[PollExecuteTaskStatusExecution] 540913b5-ee82-43db-a33d-eb5577322406 [2026-05-08T03:52:49.439919] Cell 77283d80-dfa7-40ba-ba4e-265aef112085 successfully destroyed container for instance b5c18d5c-ecbf-4d02-8c46-5915927a512e (STDOUT, CELL)#
#2026 05 08 03:53:06.044#Z#DEBUG#196a5c01-4a91-11f1-8594-eeee0a955217.Loja-db-deployer#flowable-async-job-executor-thread-15842#
[PollExecuteTaskStatusExecution] 540913b5-ee82-43db-a33d-eb5577322406 [2026-05-08T03:52:59.269916] Cell d1cc041a-d5a1-41d6-b9f6-6cda736ce3f0 creating container for instance ce7c8295-be4b-4b61-af41-5d9cf9c1b012 (STDOUT, CELL)#
#2026 05 08 03:53:06.044#Z#DEBUG#196a5c01-4a91-11f1-8594-eeee0a955217.Loja-db-deployer#flowable-async-job-executor-thread-15842#
[PollExecuteTaskStatusExecution] 540913b5-ee82-43db-a33d-eb5577322406 [2026-05-08T03:52:59.657057] Security group rules were updated (STDOUT, CELL)#
#2026 05 08 03:53:06.044#Z#DEBUG#196a5c01-4a91-11f1-8594-eeee0a955217.Loja-db-deployer#flowable-async-job-executor-thread-15842#
[PollExecuteTaskStatusExecution] 540913b5-ee82-43db-a33d-eb5577322406 [2026-05-08T03:52:59.723351] Cell d1cc041a-d5a1-41d6-b9f6-6cda736ce3f0 successfully created container for instance ce7c8295-be4b-4b61-af41-5d9cf9c1b012 (STDOUT, CELL)#
#2026 05 08 03:53:06.044#Z#DEBUG#196a5c01-4a91-11f1-8594-eeee0a955217.Loja-db-deployer#flowable-async-job-executor-thread-15842#
[PollExecuteTaskStatusExecution] 540913b5-ee82-43db-a33d-eb5577322406 [2026-05-08T03:53:03.034238] Invoking pre-start scripts. (STDOUT, APP/TASK/deploy)#
#2026 05 08 03:53:06.044#Z#DEBUG#196a5c01-4a91-11f1-8594-eeee0a955217.Loja-db-deployer#flowable-async-job-executor-thread-15842#
[PollExecuteTaskStatusExecution] 540913b5-ee82-43db-a33d-eb5577322406 [2026-05-08T03:53:03.173143] Invoking start command. (STDOUT, APP/TASK/deploy)#
#2026 05 08 03:53:06.044#Z#DEBUG#196a5c01-4a91-11f1-8594-eeee0a955217.Loja-db-deployer#flowable-async-job-executor-thread-15842#
[PollExecuteTaskStatusExecution] 540913b5-ee82-43db-a33d-eb5577322406 [2026-05-08T03:53:03.486817] > start (STDOUT, APP/TASK/deploy)#
#2026 05 08 03:53:06.044#Z#DEBUG#196a5c01-4a91-11f1-8594-eeee0a955217.Loja-db-deployer#flowable-async-job-executor-thread-15842#
[PollExecuteTaskStatusExecution] 540913b5-ee82-43db-a33d-eb5577322406 [2026-05-08T03:53:03.486844] > node node_modules/@sap/hdi-deploy/deploy.js --use-hdb --parameter com.sap.hana.di.table/try_fast_table_migration=true (STDOUT, APP/TASK/deploy)#
#2026 05 08 03:53:06.044#Z#DEBUG#196a5c01-4a91-11f1-8594-eeee0a955217.Loja-db-deployer#flowable-async-job-executor-thread-15842#
[PollExecuteTaskStatusExecution] 540913b5-ee82-43db-a33d-eb5577322406 [2026-05-08T03:53:03.595416] VCAP_SERVICES: (STDOUT, APP/TASK/deploy)#
#2026 05 08 03:53:06.044#Z#DEBUG#196a5c01-4a91-11f1-8594-eeee0a955217.Loja-db-deployer#flowable-async-job-executor-thread-15842#
[PollExecuteTaskStatusExecution] 540913b5-ee82-43db-a33d-eb5577322406 [2026-05-08T03:53:03.595563] { (STDOUT, APP/TASK/deploy)#
#2026 05 08 03:53:06.044#Z#DEBUG#196a5c01-4a91-11f1-8594-eeee0a955217.Loja-db-deployer#flowable-async-job-executor-thread-15842#
[PollExecuteTaskStatusExecution] 540913b5-ee82-43db-a33d-eb5577322406 [2026-05-08T03:53:03.595582] "hana": [ (STDOUT, APP/TASK/deploy)#
#2026 05 08 03:53:06.044#Z#DEBUG#196a5c01-4a91-11f1-8594-eeee0a955217.Loja-db-deployer#flowable-async-job-executor-thread-15842#
[PollExecuteTaskStatusExecution] 540913b5-ee82-43db-a33d-eb5577322406 [2026-05-08T03:53:03.595584] { (STDOUT, APP/TASK/deploy)#
#2026 05 08 03:53:06.044#Z#DEBUG#196a5c01-4a91-11f1-8594-eeee0a955217.Loja-db-deployer#flowable-async-job-executor-thread-15842#
[PollExecuteTaskStatusExecution] 540913b5-ee82-43db-a33d-eb5577322406 [2026-05-08T03:53:03.595588] "name": "Loja-db", (STDOUT, APP/TASK/deploy)#
#2026 05 08 03:53:06.044#Z#DEBUG#196a5c01-4a91-11f1-8594-eeee0a955217.Loja-db-deployer#flowable-async-job-executor-thread-15842#
[PollExecuteTaskStatusExecution] 540913b5-ee82-43db-a33d-eb5577322406 [2026-05-08T03:53:03.595590] "label": "hana", (STDOUT, APP/TASK/deploy)#
#2026 05 08 03:53:06.044#Z#DEBUG#196a5c01-4a91-11f1-8594-eeee0a955217.Loja-db-deployer#flowable-async-job-executor-thread-15842#
[PollExecuteTaskStatusExecution] 540913b5-ee82-43db-a33d-eb5577322406 [2026-05-08T03:53:03.595598] "plan": "hdi-shared", (STDOUT, APP/TASK/deploy)#
#2026 05 08 03:53:06.044#Z#DEBUG#196a5c01-4a91-11f1-8594-eeee0a955217.Loja-db-deployer#flowable-async-job-executor-thread-15842#
[PollExecuteTaskStatusExecution] 540913b5-ee82-43db-a33d-eb5577322406 [2026-05-08T03:53:03.595600] "credentials": { (STDOUT, APP/TASK/deploy)#
#2026 05 08 03:53:06.044#Z#DEBUG#196a5c01-4a91-11f1-8594-eeee0a955217.Loja-db-deployer#flowable-async-job-executor-thread-15842#
[PollExecuteTaskStatusExecution] 540913b5-ee82-43db-a33d-eb5577322406 [2026-05-08T03:53:03.595603] "schema": "0BDA3929606647C1BC458C01854A3A3F", (STDOUT, APP/TASK/deploy)#
#2026 05 08 03:53:06.044#Z#DEBUG#196a5c01-4a91-11f1-8594-eeee0a955217.Loja-db-deployer#flowable-async-job-executor-thread-15842#
[PollExecuteTaskStatusExecution] 540913b5-ee82-43db-a33d-eb5577322406 [2026-05-08T03:53:03.595605] "database_id": "eaff8753-1771-4da6-a1a7-1f979574194f", (STDOUT, APP/TASK/deploy)#
#2026 05 08 03:53:06.044#Z#DEBUG#196a5c01-4a91-11f1-8594-eeee0a955217.Loja-db-deployer#flowable-async-job-executor-thread-15842#
[PollExecuteTaskStatusExecution] 540913b5-ee82-43db-a33d-eb5577322406 [2026-05-08T03:53:03.595610] "user": "0BDA3929606647C1BC458C01854A3A3F_6AQN1HUN77CIGLZYWTAQVCC3Z_RT", (STDOUT, APP/TASK/deploy)#
#2026 05 08 03:53:06.044#Z#DEBUG#196a5c01-4a91-11f1-8594-eeee0a955217.Loja-db-deployer#flowable-async-job-executor-thread-15842#
[PollExecuteTaskStatusExecution] 540913b5-ee82-43db-a33d-eb5577322406 [2026-05-08T03:53:03.595612] "hdi_user": "0BDA3929606647C1BC458C01854A3A3F_6AQN1HUN77CIGLZYWTAQVCC3Z_DT" (STDOUT, APP/TASK/deploy)#
#2026 05 08 03:53:06.044#Z#DEBUG#196a5c01-4a91-11f1-8594-eeee0a955217.Loja-db-deployer#flowable-async-job-executor-thread-15842#
[PollExecuteTaskStatusExecution] 540913b5-ee82-43db-a33d-eb5577322406 [2026-05-08T03:53:03.595614] }, (STDOUT, APP/TASK/deploy)#
#2026 05 08 03:53:06.044#Z#DEBUG#196a5c01-4a91-11f1-8594-eeee0a955217.Loja-db-deployer#flowable-async-job-executor-thread-15842#
[PollExecuteTaskStatusExecution] 540913b5-ee82-43db-a33d-eb5577322406 [2026-05-08T03:53:03.595616] "tags": [ (STDOUT, APP/TASK/deploy)#
#2026 05 08 03:53:06.044#Z#DEBUG#196a5c01-4a91-11f1-8594-eeee0a955217.Loja-db-deployer#flowable-async-job-executor-thread-15842#
[PollExecuteTaskStatusExecution] 540913b5-ee82-43db-a33d-eb5577322406 [2026-05-08T03:53:03.595618] "hana", (STDOUT, APP/TASK/deploy)#
#2026 05 08 03:53:06.044#Z#DEBUG#196a5c01-4a91-11f1-8594-eeee0a955217.Loja-db-deployer#flowable-async-job-executor-thread-15842#
[PollExecuteTaskStatusExecution] 540913b5-ee82-43db-a33d-eb5577322406 [2026-05-08T03:53:03.595619] "database", (STDOUT, APP/TASK/deploy)#
#2026 05 08 03:53:06.044#Z#DEBUG#196a5c01-4a91-11f1-8594-eeee0a955217.Loja-db-deployer#flowable-async-job-executor-thread-15842#
[PollExecuteTaskStatusExecution] 540913b5-ee82-43db-a33d-eb5577322406 [2026-05-08T03:53:03.595621] "relational" (STDOUT, APP/TASK/deploy)#
#2026 05 08 03:53:06.044#Z#DEBUG#196a5c01-4a91-11f1-8594-eeee0a955217.Loja-db-deployer#flowable-async-job-executor-thread-15842#
[PollExecuteTaskStatusExecution] 540913b5-ee82-43db-a33d-eb5577322406 [2026-05-08T03:53:03.595623] ] (STDOUT, APP/TASK/deploy)#
#2026 05 08 03:53:06.044#Z#DEBUG#196a5c01-4a91-11f1-8594-eeee0a955217.Loja-db-deployer#flowable-async-job-executor-thread-15842#
[PollExecuteTaskStatusExecution] 540913b5-ee82-43db-a33d-eb5577322406 [2026-05-08T03:53:03.595624] } (STDOUT, APP/TASK/deploy)#
#2026 05 08 03:53:06.044#Z#DEBUG#196a5c01-4a91-11f1-8594-eeee0a955217.Loja-db-deployer#flowable-async-job-executor-thread-15842#
[PollExecuteTaskStatusExecution] 540913b5-ee82-43db-a33d-eb5577322406 [2026-05-08T03:53:03.595627] ] (STDOUT, APP/TASK/deploy)#
#2026 05 08 03:53:06.044#Z#DEBUG#196a5c01-4a91-11f1-8594-eeee0a955217.Loja-db-deployer#flowable-async-job-executor-thread-15842#
[PollExecuteTaskStatusExecution] 540913b5-ee82-43db-a33d-eb5577322406 [2026-05-08T03:53:03.595632] } (STDOUT, APP/TASK/deploy)#
#2026 05 08 03:53:16.296#Z#DEBUG#196a5c01-4a91-11f1-8594-eeee0a955217.Loja-db-deployer#flowable-async-job-executor-thread-861#
[PollExecuteTaskStatusExecution] 540913b5-ee82-43db-a33d-eb5577322406 [2026-05-08T03:53:09.698057] @sap/hdi-deploy, version 5.6.1 (mode default), server version unknown (0.0.0.0), cloud version , node version 24.13.0, HDI version -1, container API version -1 (STDOUT, APP/TASK/deploy)#
#2026 05 08 03:53:16.296#Z#DEBUG#196a5c01-4a91-11f1-8594-eeee0a955217.Loja-db-deployer#flowable-async-job-executor-thread-861#
[PollExecuteTaskStatusExecution] 540913b5-ee82-43db-a33d-eb5577322406 [2026-05-08T03:53:09.698335] Deployment started at 2026-05-08 03:53:09 (STDOUT, APP/TASK/deploy)#
#2026 05 08 03:53:16.296#Z#DEBUG#196a5c01-4a91-11f1-8594-eeee0a955217.Loja-db-deployer#flowable-async-job-executor-thread-861#
[PollExecuteTaskStatusExecution] 540913b5-ee82-43db-a33d-eb5577322406 [2026-05-08T03:53:09.698545] Using hdb@2.27.1 for connection (STDOUT, APP/TASK/deploy)#
#2026 05 08 03:53:16.296#Z#DEBUG#196a5c01-4a91-11f1-8594-eeee0a955217.Loja-db-deployer#flowable-async-job-executor-thread-861#
[PollExecuteTaskStatusExecution] 540913b5-ee82-43db-a33d-eb5577322406 [2026-05-08T03:53:09.698566] Detection of server version failed; root cause: Could not connect to any host: [ eaff8753-1771-4da6-a1a7-1f979574194f.hna1.prod-us10.hanacloud.ondemand.com:443 -  ] (STDOUT, APP/TASK/deploy)#
#2026 05 08 03:53:16.296#Z#DEBUG#196a5c01-4a91-11f1-8594-eeee0a955217.Loja-db-deployer#flowable-async-job-executor-thread-861#
[PollExecuteTaskStatusExecution] 540913b5-ee82-43db-a33d-eb5577322406 [2026-05-08T03:53:09.698570] Detection of cloud version failed; root cause: Could not connect to any host: [ eaff8753-1771-4da6-a1a7-1f979574194f.hna1.prod-us10.hanacloud.ondemand.com:443 -  ] (STDOUT, APP/TASK/deploy)#
#2026 05 08 03:53:16.296#Z#DEBUG#196a5c01-4a91-11f1-8594-eeee0a955217.Loja-db-deployer#flowable-async-job-executor-thread-861#
[PollExecuteTaskStatusExecution] 540913b5-ee82-43db-a33d-eb5577322406 [2026-05-08T03:53:09.698576] Detection of container API version failed; root cause: Could not connect to any host: [ eaff8753-1771-4da6-a1a7-1f979574194f.hna1.prod-us10.hanacloud.ondemand.com:443 -  ] (STDOUT, APP/TASK/deploy)#
#2026 05 08 03:53:16.296#Z#DEBUG#196a5c01-4a91-11f1-8594-eeee0a955217.Loja-db-deployer#flowable-async-job-executor-thread-861#
[PollExecuteTaskStatusExecution] 540913b5-ee82-43db-a33d-eb5577322406 [2026-05-08T03:53:09.698582] Detection of HDI version failed; root cause: Could not connect to any host: [ eaff8753-1771-4da6-a1a7-1f979574194f.hna1.prod-us10.hanacloud.ondemand.com:443 -  ] (STDOUT, APP/TASK/deploy)#
#2026 05 08 03:53:16.296#Z#DEBUG#196a5c01-4a91-11f1-8594-eeee0a955217.Loja-db-deployer#flowable-async-job-executor-thread-861#
[PollExecuteTaskStatusExecution] 540913b5-ee82-43db-a33d-eb5577322406 [2026-05-08T03:53:09.698812] Deployment ended at 2026-05-08 03:53:09 (STDOUT, APP/TASK/deploy)#
#2026 05 08 03:53:16.296#Z#DEBUG#196a5c01-4a91-11f1-8594-eeee0a955217.Loja-db-deployer#flowable-async-job-executor-thread-861#
[PollExecuteTaskStatusExecution] 540913b5-ee82-43db-a33d-eb5577322406 [2026-05-08T03:53:09.698969] Error: Option parameter is not supported by the server; based on detected server version unknown (STDERR, APP/TASK/deploy)#
#2026 05 08 03:53:16.296#Z#DEBUG#196a5c01-4a91-11f1-8594-eeee0a955217.Loja-db-deployer#flowable-async-job-executor-thread-861#
[PollExecuteTaskStatusExecution] 540913b5-ee82-43db-a33d-eb5577322406 [2026-05-08T03:53:09.699253] (6s 183ms) (STDOUT, APP/TASK/deploy)#
#2026 05 08 03:53:16.296#Z#DEBUG#196a5c01-4a91-11f1-8594-eeee0a955217.Loja-db-deployer#flowable-async-job-executor-thread-861#
[PollExecuteTaskStatusExecution] 540913b5-ee82-43db-a33d-eb5577322406 [2026-05-08T03:53:09.767194] Exit status 1 (STDOUT, APP/TASK/deploy)#
#2026 05 08 03:53:16.296#Z#DEBUG#196a5c01-4a91-11f1-8594-eeee0a955217.Loja-db-deployer#flowable-async-job-executor-thread-861#
[PollExecuteTaskStatusExecution] 540913b5-ee82-43db-a33d-eb5577322406 [2026-05-08T03:53:10.492283] Cell d1cc041a-d5a1-41d6-b9f6-6cda736ce3f0 stopping instance ce7c8295-be4b-4b61-af41-5d9cf9c1b012 (STDOUT, CELL)#
#2026 05 08 03:53:16.296#Z#DEBUG#196a5c01-4a91-11f1-8594-eeee0a955217.Loja-db-deployer#flowable-async-job-executor-thread-861#
[PollExecuteTaskStatusExecution] 540913b5-ee82-43db-a33d-eb5577322406 [2026-05-08T03:53:10.492316] Cell d1cc041a-d5a1-41d6-b9f6-6cda736ce3f0 destroying container for instance ce7c8295-be4b-4b61-af41-5d9cf9c1b012 (STDOUT, CELL)#
#2026 05 08 03:53:16.296#Z#DEBUG#196a5c01-4a91-11f1-8594-eeee0a955217.Loja-db-deployer#flowable-async-job-executor-thread-861#
[PollExecuteTaskStatusExecution] 540913b5-ee82-43db-a33d-eb5577322406 [2026-05-08T03:53:12.706649] Cell d1cc041a-d5a1-41d6-b9f6-6cda736ce3f0 successfully destroyed container for instance ce7c8295-be4b-4b61-af41-5d9cf9c1b012 (STDOUT, CELL)#
