#2026 05 08 03:50:48.231#Z#INFO#196a5c01-4a91-11f1-8594-eeee0a955217.OPERATION#http-nio-0.0.0.0-8080-exec-1#
[XS2StartProcessListener] Operation ID: 196a5c01-4a91-11f1-8594-eeee0a955217#
#2026 05 08 03:50:48.253#Z#DEBUG#196a5c01-4a91-11f1-8594-eeee0a955217.OPERATION#http-nio-0.0.0.0-8080-exec-1#
[XS2StartProcessListener] Process environment: {
  "SKIP_SSL_VALIDATION" : "false",
  "FLOWABLE_JOB_EXECUTOR_MAX_THREADS" : "32",
  "VERSION" : "2.44.3",
  "BASIC_AUTH_ENABLED" : "true",
  "FLOWABLE_JOB_EXECUTOR_QUEUE_CAPACITY" : "16",
  "FLOWABLE_JOB_EXECUTOR_CORE_THREADS" : "8"
}#
#2026 05 08 03:50:48.253#Z#DEBUG#196a5c01-4a91-11f1-8594-eeee0a955217.OPERATION#http-nio-0.0.0.0-8080-exec-1#
[XS2StartProcessListener] Current user: rodrigo.g.guedes@accenture.com#
#2026 05 08 03:50:48.253#Z#DEBUG#196a5c01-4a91-11f1-8594-eeee0a955217.OPERATION#http-nio-0.0.0.0-8080-exec-1#
[XS2StartProcessListener] Client space: dev#
#2026 05 08 03:50:48.253#Z#DEBUG#196a5c01-4a91-11f1-8594-eeee0a955217.OPERATION#http-nio-0.0.0.0-8080-exec-1#
[XS2StartProcessListener] Client organization: 03462a2ftrial#
#2026 05 08 03:50:48.253#Z#INFO#196a5c01-4a91-11f1-8594-eeee0a955217.OPERATION#http-nio-0.0.0.0-8080-exec-1#
[XS2StartProcessListener] Process variables: {
  "keepFiles" : false,
  "skipAppDigestCalculation" : false,
  "abortOnError" : false,
  "mtaId" : "Loja",
  "noFailOnMissingPermissions" : false,
  "isSecurityEnabled" : false,
  "apiRequestPath" : "https://deploy-service.cf.us10-001.hana.ondemand.com/api/v1/spaces/3ae7c67b-9057-463c-933e-5dffbfe90d90/operations",
  "deleteServiceBrokers" : false,
  "appArchiveId" : "34d4e223-9aa9-456e-9505-2d0ff2a3441c",
  "isDisposableUserProvidedServiceEnabled" : false,
  "deleteServiceKeys" : false,
  "noRestartSubscribedApps" : false,
  "noStart" : false,
  "deleteServices" : false
}#
#2026 05 08 03:50:48.310#Z#DEBUG#196a5c01-4a91-11f1-8594-eeee0a955217.OPERATION#flowable-async-job-executor-thread-15742#
[ValidateDeployParametersStep] Executing task "validateParametersTask" of process "196a5c27-4a91-11f1-8594-eeee0a955217"...#
#2026 05 08 03:50:48.311#Z#DEBUG#196a5c01-4a91-11f1-8594-eeee0a955217.OPERATION#flowable-async-job-executor-thread-15742#
[ValidateDeployParametersStep] Validating parameters...#
#2026 05 08 03:50:48.314#Z#INFO#196a5c01-4a91-11f1-8594-eeee0a955217.OPERATION#flowable-async-job-executor-thread-15742#
[ValidateDeployParametersStep] Size of mtars is 12,364,927 and size of extension descriptors is 0#
#2026 05 08 03:50:48.344#Z#INFO#196a5c01-4a91-11f1-8594-eeee0a955217.OPERATION#flowable-async-job-executor-thread-15742#
[ValidateDeployParametersStep] Archive was not split! Total size in bytes: 12,364,927#
#2026 05 08 03:50:48.344#Z#INFO#196a5c01-4a91-11f1-8594-eeee0a955217.OPERATION#flowable-async-job-executor-thread-15742#
[ValidateDeployParametersStep] Deploying in org "03462a2ftrial" and space "dev"#
#2026 05 08 03:50:48.350#Z#DEBUG#196a5c01-4a91-11f1-8594-eeee0a955217.OPERATION#flowable-async-job-executor-thread-15742#
[ValidateDeployParametersStep] Parameters validated#
#2026 05 08 03:50:48.350#Z#DEBUG#196a5c01-4a91-11f1-8594-eeee0a955217.OPERATION#flowable-async-job-executor-thread-15742#
Step "Validate Parameters" finished#
#2026 05 08 03:50:48.385#Z#DEBUG#196a5c01-4a91-11f1-8594-eeee0a955217.OPERATION#flowable-async-job-executor-thread-15743#
[DeleteRemainingFileParts] Executing task "deleteRemainingFileParts" of process "196a5c27-4a91-11f1-8594-eeee0a955217"...#
#2026 05 08 03:50:48.386#Z#DEBUG#196a5c01-4a91-11f1-8594-eeee0a955217.OPERATION#flowable-async-job-executor-thread-15743#
Step "Delete Remaining File Parts" finished#
#2026 05 08 03:50:48.418#Z#DEBUG#196a5c01-4a91-11f1-8594-eeee0a955217.OPERATION#flowable-async-job-executor-thread-15744#
[XS2ProcessMtaArchiveStep] Executing task "processArchiveTask" of process "196a5c27-4a91-11f1-8594-eeee0a955217"...#
#2026 05 08 03:50:48.419#Z#DEBUG#196a5c01-4a91-11f1-8594-eeee0a955217.OPERATION#flowable-async-job-executor-thread-15744#
[XS2ProcessMtaArchiveStep] Processing MTA archive...#
#2026 05 08 03:50:48.419#Z#DEBUG#196a5c01-4a91-11f1-8594-eeee0a955217.OPERATION#flowable-async-job-executor-thread-15744#
[XS2ProcessMtaArchiveStep] MTA Archive ID: 34d4e223-9aa9-456e-9505-2d0ff2a3441c#
#2026 05 08 03:50:48.710#Z#DEBUG#196a5c01-4a91-11f1-8594-eeee0a955217.OPERATION#flowable-async-job-executor-thread-15744#
[XS2ProcessMtaArchiveStep] MTA Descriptor length: 1,592#
#2026 05 08 03:50:48.711#Z#DEBUG#196a5c01-4a91-11f1-8594-eeee0a955217.OPERATION#flowable-async-job-executor-thread-15744#
[XS2ProcessMtaArchiveStep] MTA Archive Modules: [Loja-db-deployer, Loja, Loja-srv]#
#2026 05 08 03:50:48.711#Z#DEBUG#196a5c01-4a91-11f1-8594-eeee0a955217.OPERATION#flowable-async-job-executor-thread-15744#
[XS2ProcessMtaArchiveStep] MTA Archive Requires: []#
#2026 05 08 03:50:48.711#Z#DEBUG#196a5c01-4a91-11f1-8594-eeee0a955217.OPERATION#flowable-async-job-executor-thread-15744#
[XS2ProcessMtaArchiveStep] MTA Archive Resources: [Loja-auth]#
#2026 05 08 03:50:48.721#Z#DEBUG#196a5c01-4a91-11f1-8594-eeee0a955217.OPERATION#flowable-async-job-executor-thread-15744#
[XS2ProcessMtaArchiveStep] MTA archive processed#
#2026 05 08 03:50:48.721#Z#DEBUG#196a5c01-4a91-11f1-8594-eeee0a955217.OPERATION#flowable-async-job-executor-thread-15744#
Step "Process Archive" finished#
#2026 05 08 03:50:48.766#Z#DEBUG#196a5c01-4a91-11f1-8594-eeee0a955217.OPERATION#flowable-async-job-executor-thread-15745#
[ProcessMtaExtensionDescriptorsStep] Executing task "processExtensionDescriptorsTask" of process "196a5c27-4a91-11f1-8594-eeee0a955217"...#
#2026 05 08 03:50:48.767#Z#DEBUG#196a5c01-4a91-11f1-8594-eeee0a955217.OPERATION#flowable-async-job-executor-thread-15745#
[ProcessMtaExtensionDescriptorsStep] Processing MTA extension descriptors...#
#2026 05 08 03:50:48.767#Z#DEBUG#196a5c01-4a91-11f1-8594-eeee0a955217.OPERATION#flowable-async-job-executor-thread-15745#
[ProcessMtaExtensionDescriptorsStep] Provided extension descriptors: [ ]#
#2026 05 08 03:50:48.767#Z#DEBUG#196a5c01-4a91-11f1-8594-eeee0a955217.OPERATION#flowable-async-job-executor-thread-15745#
[ProcessMtaExtensionDescriptorsStep] No extension descriptors in use#
#2026 05 08 03:50:48.767#Z#DEBUG#196a5c01-4a91-11f1-8594-eeee0a955217.OPERATION#flowable-async-job-executor-thread-15745#
[ProcessMtaExtensionDescriptorsStep] MTA extension descriptors processed#
#2026 05 08 03:50:48.767#Z#DEBUG#196a5c01-4a91-11f1-8594-eeee0a955217.OPERATION#flowable-async-job-executor-thread-15745#
Step "Process Extension Descriptors" finished#
#2026 05 08 03:50:48.806#Z#DEBUG#196a5c01-4a91-11f1-8594-eeee0a955217.OPERATION#flowable-async-job-executor-thread-15746#
[XS2DetectMtaSchemaVersionStep] Executing task "detectSchemaVersionTask" of process "196a5c27-4a91-11f1-8594-eeee0a955217"...#
#2026 05 08 03:50:48.807#Z#DEBUG#196a5c01-4a91-11f1-8594-eeee0a955217.OPERATION#flowable-async-job-executor-thread-15746#
[XS2DetectMtaSchemaVersionStep] Detecting MTA major schema version...#
#2026 05 08 03:50:48.809#Z#INFO#196a5c01-4a91-11f1-8594-eeee0a955217.OPERATION#flowable-async-job-executor-thread-15746#
[XS2DetectMtaSchemaVersionStep] Detected MTA schema version: "3"#
#2026 05 08 03:50:48.814#Z#DEBUG#196a5c01-4a91-11f1-8594-eeee0a955217.OPERATION#flowable-async-job-executor-thread-15746#
Step "Detect Schema Version" finished#
#2026 05 08 03:50:48.850#Z#DEBUG#196a5c01-4a91-11f1-8594-eeee0a955217.OPERATION#flowable-async-job-executor-thread-15747#
[MergeDescriptorsStep] Executing task "mergeDescriptorsTask" of process "196a5c27-4a91-11f1-8594-eeee0a955217"...#
#2026 05 08 03:50:48.851#Z#DEBUG#196a5c01-4a91-11f1-8594-eeee0a955217.OPERATION#flowable-async-job-executor-thread-15747#
[MergeDescriptorsStep] Validating and merging descriptors...#
#2026 05 08 03:50:48.854#Z#DEBUG#196a5c01-4a91-11f1-8594-eeee0a955217.OPERATION#flowable-async-job-executor-thread-15747#
[MergeDescriptorsStep] Merged deployment descriptor: {
  "majorSchemaVersion" : 3,
  "schemaVersion" : "3.3.0",
  "id" : "Loja",
  "version" : "1.0.0",
  "modules" : [ {
    "majorSchemaVersion" : 3,
    "name" : "Loja-srv",
    "type" : "javascript.nodejs",
    "path" : "Loja-srv",
    "properties" : { },
    "parameters" : {
      "buildpack" : "nodejs_buildpack",
      "instances" : 1
    },
    "requiredDependencies" : [ {
      "majorSchemaVersion" : 3,
      "name" : "********",
      "properties" : { },
      "parameters" : { },
      "propertiesMetadata" : {
        "metadata" : { }
      },
      "parametersMetadata" : {
        "metadata" : { }
      }
    }, {
      "majorSchemaVersion" : 3,
      "name" : "Loja-db",
      "properties" : { },
      "parameters" : { },
      "propertiesMetadata" : {
        "metadata" : { }
      },
      "parametersMetadata" : {
        "metadata" : { }
      }
    } ],
    "providedDependencies" : [ {
      "majorSchemaVersion" : 3,
      "name" : "srv-api",
      "isPublic" : false,
      "properties" : {
        "srv-url" : "${default-url}"
      },
      "parameters" : { },
      "propertiesMetadata" : {
        "metadata" : { }
      },
      "parametersMetadata" : {
        "metadata" : { }
      }
    }, {
      "majorSchemaVersion" : 3,
      "name" : "Loja-srv",
      "isPublic" : false,
      "properties" : { },
      "parameters" : { },
      "propertiesMetadata" : {
        "metadata" : { }
      },
      "parametersMetadata" : {
        "metadata" : { }
      }
    } ],
    "propertiesMetadata" : {
      "metadata" : { }
    },
    "parametersMetadata" : {
      "metadata" : { }
    },
    "hooks" : [ ]
  }, {
    "majorSchemaVersion" : 3,
    "name" : "Loja-db-deployer",
    "type" : "com.sap.xs.hdi",
    "path" : "Loja-db-deployer",
    "properties" : {
      "EXIT" : 1
    },
    "parameters" : {
      "memory" : "256M",
      "buildpack" : "nodejs_buildpack",
      "no-route" : true,
      "dependency-type" : "hard",
      "tasks" : [ {
        "name" : "deploy",
        "memory" : "256M",
        "command" : "npm start"
      } ],
      "no-start" : true
    },
    "requiredDependencies" : [ {
      "majorSchemaVersion" : 3,
      "name" : "Loja-db",
      "properties" : { },
      "parameters" : { },
      "propertiesMetadata" : {
        "metadata" : { }
      },
      "parametersMetadata" : {
        "metadata" : { }
      }
    } ],
    "providedDependencies" : [ {
      "majorSchemaVersion" : 3,
      "name" : "Loja-db-deployer",
      "isPublic" : false,
      "properties" : { },
      "parameters" : { },
      "propertiesMetadata" : {
        "metadata" : { }
      },
      "parametersMetadata" : {
        "metadata" : { }
      }
    } ],
    "propertiesMetadata" : {
      "metadata" : { }
    },
    "parametersMetadata" : {
      "metadata" : { }
    },
    "hooks" : [ ]
  }, {
    "majorSchemaVersion" : 3,
    "name" : "Loja",
    "type" : "javascript.nodejs",
    "path" : "Loja",
    "properties" : { },
    "parameters" : {
      "disk-quota" : "256M",
      "keep-existing-routes" : true,
      "memory" : "256M"
    },
    "requiredDependencies" : [ {
      "majorSchemaVersion" : 3,
      "name" : "srv-api",
      "group" : "destinations",
      "properties" : {
        "name" : "srv-api",
        "forwardAuthToken" : "********",
        "url" : "~{srv-url}"
      },
      "parameters" : { },
      "propertiesMetadata" : {
        "metadata" : { }
      },
      "parametersMetadata" : {
        "metadata" : { }
      }
    }, {
      "majorSchemaVersion" : 3,
      "name" : "********",
      "properties" : { },
      "parameters" : { },
      "propertiesMetadata" : {
        "metadata" : { }
      },
      "parametersMetadata" : {
        "metadata" : { }
      }
    } ],
    "providedDependencies" : [ {
      "majorSchemaVersion" : 3,
      "name" : "app-api",
      "isPublic" : false,
      "properties" : {
        "app-protocol" : "${protocol}",
        "app-uri" : "${default-uri}"
      },
      "parameters" : { },
      "propertiesMetadata" : {
        "metadata" : { }
      },
      "parametersMetadata" : {
        "metadata" : { }
      }
    }, {
      "majorSchemaVersion" : 3,
      "name" : "Loja",
      "isPublic" : false,
      "properties" : { },
      "parameters" : { },
      "propertiesMetadata" : {
        "metadata" : { }
      },
      "parametersMetadata" : {
        "metadata" : { }
      }
    } ],
    "propertiesMetadata" : {
      "metadata" : { }
    },
    "parametersMetadata" : {
      "metadata" : { }
    },
    "hooks" : [ ]
  } ],
  "resources" : [ {
    "majorSchemaVersion" : 3,
    "name" : "********",
    "type" : "org.cloudfoundry.managed-service",
    "properties" : { },
    "parameters" : {
      "path" : "./xs-security.json",
      "service-plan" : "application",
      "type" : "managed-service",
      "config" : {
        "oauth2-configuration" : "********",
        "tenant-mode" : "dedicated",
        "xsappname" : "Loja-${org}-${space}"
      },
      "service" : "xsuaa"
    },
    "isActive" : true,
    "isOptional" : false,
    "propertiesMetadata" : {
      "metadata" : { }
    },
    "parametersMetadata" : {
      "metadata" : { }
    },
    "requiredDependencies" : [ {
      "majorSchemaVersion" : 3,
      "name" : "app-api",
      "properties" : { },
      "parameters" : { },
      "propertiesMetadata" : {
        "metadata" : { }
      },
      "parametersMetadata" : {
        "metadata" : { }
      }
    } ],
    "processedAfter" : [ ]
  }, {
    "majorSchemaVersion" : 3,
    "name" : "Loja-db",
    "type" : "com.sap.xs.hdi-container",
    "properties" : { },
    "parameters" : {
      "type" : "managed-service",
      "service" : "hana",
      "service-plan" : "hdi-shared"
    },
    "isActive" : true,
    "isOptional" : false,
    "propertiesMetadata" : {
      "metadata" : { }
    },
    "parametersMetadata" : {
      "metadata" : { }
    },
    "requiredDependencies" : [ ],
    "processedAfter" : [ ]
  } ],
  "parameters" : {
    "enable-parallel-deployments" : true
  },
  "parametersMetadata" : {
    "metadata" : { }
  }
}#
#2026 05 08 03:50:48.855#Z#DEBUG#196a5c01-4a91-11f1-8594-eeee0a955217.OPERATION#flowable-async-job-executor-thread-15747#
[MergeDescriptorsStep] Descriptors validated and merged#
#2026 05 08 03:50:48.855#Z#DEBUG#196a5c01-4a91-11f1-8594-eeee0a955217.OPERATION#flowable-async-job-executor-thread-15747#
Step "Merge Descriptors" finished#
#2026 05 08 03:50:48.895#Z#DEBUG#196a5c01-4a91-11f1-8594-eeee0a955217.OPERATION#flowable-async-job-executor-thread-15748#
[DetectDeployedMtaStep] Executing task "detectDeployedMtaTask" of process "196a5c27-4a91-11f1-8594-eeee0a955217"...#
#2026 05 08 03:50:48.896#Z#DEBUG#196a5c01-4a91-11f1-8594-eeee0a955217.OPERATION#flowable-async-job-executor-thread-15748#
[DetectDeployedMtaStep] Detecting deployed MTA...#
#2026 05 08 03:50:48.955#Z#DEBUG#196a5c01-4a91-11f1-8594-eeee0a955217.OPERATION#flowable-async-job-executor-thread-15748#
[DetectDeployedMtaStep] Detecting MTA by id Loja and namespace null#
#2026 05 08 03:50:48.955#Z#DEBUG#196a5c01-4a91-11f1-8594-eeee0a955217.OPERATION#flowable-async-job-executor-thread-15748#
[DetectDeployedMtaStep] Getting applications by metadata label selector "mta_id=c66da0175bd3249e12742501e804bc39,!mta_namespace"...#
#2026 05 08 03:50:49.017#Z#DEBUG#196a5c01-4a91-11f1-8594-eeee0a955217.OPERATION#flowable-async-job-executor-thread-15748#
[DetectDeployedMtaStep] Getting service instances by metadata label selector "mta_id=c66da0175bd3249e12742501e804bc39,!mta_namespace"...#
#2026 05 08 03:50:49.121#Z#DEBUG#196a5c01-4a91-11f1-8594-eeee0a955217.OPERATION#flowable-async-job-executor-thread-15748#
[DetectDeployedMtaStep] Deployed MTA: {
  "metadata" : {
    "id" : "Loja",
    "version" : "1.0.0"
  },
  "applications" : [ {
    "name" : "Loja-srv",
    "metadata" : {
      "guid" : "ed9d4a9f-430f-4465-b7b8-1aeb69fb45fe",
      "createdAt" : [ 2026, 5, 7, 21, 36, 14 ],
      "updatedAt" : [ 2026, 5, 8, 3, 46, 44 ]
    },
    "v3Metadata" : {
      "annotations" : {
        "mta_id" : "Loja",
        "mta_version" : "1.0.0",
        "mta_module" : "{\"name\":\"Loja-srv\"}",
        "mta_module_provided_dependencies" : "[]",
        "mta_bound_services" : "********"
      },
      "labels" : {
        "mta_id" : "c66da0175bd3249e12742501e804bc39"
      }
    },
    "state" : "STARTED",
    "lifecycle" : {
      "type" : "BUILDPACK",
      "data" : {
        "stack" : "cflinuxfs4",
        "buildpacks" : [ "nodejs_buildpack" ]
      }
    },
    "space" : {
      "name" : "dev",
      "metadata" : {
        "guid" : "3ae7c67b-9057-463c-933e-5dffbfe90d90",
        "createdAt" : [ 2026, 5, 6, 13, 11, 28 ],
        "updatedAt" : [ 2026, 5, 6, 13, 11, 28 ]
      },
      "organization" : {
        "name" : "03462a2ftrial",
        "metadata" : {
          "guid" : "04493104-1ac5-4d04-8e0e-f1ae4b500c3a",
          "createdAt" : [ 2026, 5, 6, 13, 11, 27 ],
          "updatedAt" : [ 2026, 5, 6, 13, 11, 28 ]
        }
      }
    },
    "moduleName" : "Loja-srv",
    "boundMtaServices" : [ "********", "Loja-db" ],
    "providedDependencyNames" : [ ],
    "productizationState" : "LIVE"
  }, {
    "name" : "Loja-db-deployer",
    "metadata" : {
      "guid" : "540913b5-ee82-43db-a33d-eb5577322406",
      "createdAt" : [ 2026, 5, 7, 21, 36, 14 ],
      "updatedAt" : [ 2026, 5, 8, 3, 47, 15 ]
    },
    "v3Metadata" : {
      "annotations" : {
        "mta_id" : "Loja",
        "mta_version" : "1.0.0",
        "mta_module" : "{\"name\":\"Loja-db-deployer\"}",
        "mta_module_provided_dependencies" : "[]",
        "mta_bound_services" : "[\"Loja-db\"]"
      },
      "labels" : {
        "mta_id" : "c66da0175bd3249e12742501e804bc39"
      }
    },
    "state" : "STOPPED",
    "lifecycle" : {
      "type" : "BUILDPACK",
      "data" : {
        "stack" : "cflinuxfs4",
        "buildpacks" : [ "nodejs_buildpack" ]
      }
    },
    "space" : {
      "name" : "dev",
      "metadata" : {
        "guid" : "3ae7c67b-9057-463c-933e-5dffbfe90d90",
        "createdAt" : [ 2026, 5, 6, 13, 11, 28 ],
        "updatedAt" : [ 2026, 5, 6, 13, 11, 28 ]
      },
      "organization" : {
        "name" : "03462a2ftrial",
        "metadata" : {
          "guid" : "04493104-1ac5-4d04-8e0e-f1ae4b500c3a",
          "createdAt" : [ 2026, 5, 6, 13, 11, 27 ],
          "updatedAt" : [ 2026, 5, 6, 13, 11, 28 ]
        }
      }
    },
    "moduleName" : "Loja-db-deployer",
    "boundMtaServices" : [ "Loja-db" ],
    "providedDependencyNames" : [ ],
    "productizationState" : "LIVE"
  }, {
    "name" : "Loja",
    "metadata" : {
      "guid" : "873ff1b8-4d50-4112-a2cb-c2c99fe18e99",
      "createdAt" : [ 2026, 5, 7, 21, 36, 17 ],
      "updatedAt" : [ 2026, 5, 8, 3, 46, 34 ]
    },
    "v3Metadata" : {
      "annotations" : {
        "mta_id" : "Loja",
        "mta_version" : "1.0.0",
        "mta_module" : "{\"name\":\"Loja\"}",
        "mta_module_provided_dependencies" : "[]",
        "mta_bound_services" : "********"
      },
      "labels" : {
        "mta_id" : "c66da0175bd3249e12742501e804bc39"
      }
    },
    "state" : "STARTED",
    "lifecycle" : {
      "type" : "BUILDPACK",
      "data" : {
        "stack" : "cflinuxfs4",
        "buildpacks" : [ ]
      }
    },
    "space" : {
      "name" : "dev",
      "metadata" : {
        "guid" : "3ae7c67b-9057-463c-933e-5dffbfe90d90",
        "createdAt" : [ 2026, 5, 6, 13, 11, 28 ],
        "updatedAt" : [ 2026, 5, 6, 13, 11, 28 ]
      },
      "organization" : {
        "name" : "03462a2ftrial",
        "metadata" : {
          "guid" : "04493104-1ac5-4d04-8e0e-f1ae4b500c3a",
          "createdAt" : [ 2026, 5, 6, 13, 11, 27 ],
          "updatedAt" : [ 2026, 5, 6, 13, 11, 28 ]
        }
      }
    },
    "moduleName" : "Loja",
    "boundMtaServices" : [ "********" ],
    "providedDependencyNames" : [ ],
    "productizationState" : "LIVE"
  } ],
  "services" : [ {
    "name" : "Loja-db",
    "metadata" : {
      "guid" : "a23bff1b-91e8-488d-bcac-9e3d26ae9223",
      "createdAt" : [ 2026, 5, 7, 21, 35, 58 ],
      "updatedAt" : [ 2026, 5, 7, 21, 36 ]
    },
    "v3Metadata" : {
      "annotations" : {
        "mta_id" : "Loja",
        "mta_version" : "1.0.0",
        "mta_resource" : "{\"name\":\"Loja-db\"}"
      },
      "labels" : {
        "mta_id" : "c66da0175bd3249e12742501e804bc39"
      }
    },
    "label" : "hana",
    "plan" : "hdi-shared",
    "credentials" : "********",
    "tags" : [ ],
    "type" : "managed",
    "lastOperation" : {
      "type" : "CREATE",
      "state" : "SUCCEEDED"
    },
    "resourceName" : "Loja-db"
  }, {
    "name" : "********",
    "metadata" : {
      "guid" : "3e58e042-919f-4b73-923a-17fab92a9330",
      "createdAt" : [ 2026, 5, 7, 21, 35, 59 ],
      "updatedAt" : [ 2026, 5, 7, 21, 36 ]
    },
    "v3Metadata" : {
      "annotations" : {
        "mta_id" : "Loja",
        "mta_version" : "1.0.0",
        "mta_resource" : "********"
      },
      "labels" : {
        "mta_id" : "c66da0175bd3249e12742501e804bc39"
      }
    },
    "label" : "xsuaa",
    "plan" : "application",
    "credentials" : "********",
    "tags" : [ ],
    "type" : "managed",
    "lastOperation" : {
      "type" : "UPDATE",
      "description" : "",
      "state" : "SUCCEEDED"
    },
    "resourceName" : "********"
  } ]
}#
#2026 05 08 03:50:49.121#Z#INFO#196a5c01-4a91-11f1-8594-eeee0a955217.OPERATION#flowable-async-job-executor-thread-15748#
[DetectDeployedMtaStep] Detected deployed MTA with ID "Loja" and version "1.0.0"#
#2026 05 08 03:50:49.132#Z#DEBUG#196a5c01-4a91-11f1-8594-eeee0a955217.OPERATION#flowable-async-job-executor-thread-15748#
[DetectDeployedMtaStep] Detecting backup mta by id "Loja" and namespace "null"#
#2026 05 08 03:50:49.132#Z#DEBUG#196a5c01-4a91-11f1-8594-eeee0a955217.OPERATION#flowable-async-job-executor-thread-15748#
[DetectDeployedMtaStep] Getting applications by metadata label selector "mta_id=c66da0175bd3249e12742501e804bc39,mta_namespace=b698114a0995e936895b9598a6c19a2c"...#
#2026 05 08 03:50:49.173#Z#DEBUG#196a5c01-4a91-11f1-8594-eeee0a955217.OPERATION#flowable-async-job-executor-thread-15748#
[DetectDeployedMtaStep] Getting service instances by metadata label selector "mta_id=c66da0175bd3249e12742501e804bc39,mta_namespace=b698114a0995e936895b9598a6c19a2c"...#
#2026 05 08 03:50:49.231#Z#DEBUG#196a5c01-4a91-11f1-8594-eeee0a955217.OPERATION#flowable-async-job-executor-thread-15748#
[DetectDeployedMtaStep] Deployed MTA service keys: [ ]#
#2026 05 08 03:50:49.231#Z#DEBUG#196a5c01-4a91-11f1-8594-eeee0a955217.OPERATION#flowable-async-job-executor-thread-15748#
Step "Detect Deployed MTA" finished#
#2026 05 08 03:50:49.275#Z#DEBUG#196a5c01-4a91-11f1-8594-eeee0a955217.OPERATION#flowable-async-job-executor-thread-15749#
[XS2CollectSystemParametersStep] Executing task "collectSystemParametersTask" of process "196a5c27-4a91-11f1-8594-eeee0a955217"...#
#2026 05 08 03:50:49.276#Z#DEBUG#196a5c01-4a91-11f1-8594-eeee0a955217.OPERATION#flowable-async-job-executor-thread-15749#
[XS2CollectSystemParametersStep] Collecting system parameters...#
#2026 05 08 03:50:49.277#Z#DEBUG#196a5c01-4a91-11f1-8594-eeee0a955217.OPERATION#flowable-async-job-executor-thread-15749#
[XS2CollectSystemParametersStep] Getting default domain...#
#2026 05 08 03:50:49.305#Z#DEBUG#196a5c01-4a91-11f1-8594-eeee0a955217.OPERATION#flowable-async-job-executor-thread-15749#
[XS2CollectSystemParametersStep] Default domain: cfapps.us10-001.hana.ondemand.com#
#2026 05 08 03:50:49.306#Z#DEBUG#196a5c01-4a91-11f1-8594-eeee0a955217.OPERATION#flowable-async-job-executor-thread-15749#
[XS2CollectSystemParametersStep] Checking for overwriting read-only parameters for mta with id: "Loja"#
#2026 05 08 03:50:49.306#Z#DEBUG#196a5c01-4a91-11f1-8594-eeee0a955217.OPERATION#flowable-async-job-executor-thread-15749#
[XS2CollectSystemParametersStep] No read-only parameters are overwritten#
#2026 05 08 03:50:49.321#Z#DEBUG#196a5c01-4a91-11f1-8594-eeee0a955217.OPERATION#flowable-async-job-executor-thread-15749#
[XS2CollectSystemParametersStep] Descriptor with system parameters: {
  "majorSchemaVersion" : 3,
  "schemaVersion" : "3.3.0",
  "id" : "Loja",
  "version" : "1.0.0",
  "modules" : [ {
    "majorSchemaVersion" : 3,
    "name" : "Loja-srv",
    "type" : "javascript.nodejs",
    "path" : "Loja-srv",
    "properties" : { },
    "parameters" : {
      "default-url" : "${protocol}://${default-uri}",
      "default-app-name" : "Loja-srv",
      "generated-password" : "********",
      "default-live-url" : "${protocol}://${default-live-uri}",
      "default-uri" : "${host}.${domain}",
      "default-instances" : 1,
      "default-live-host" : "03462a2ftrial-dev-loja-srv",
      "instances" : 1,
      "buildpack" : "nodejs_buildpack",
      "default-host" : "03462a2ftrial-dev-loja-srv",
      "app-name" : "${default-app-name}",
      "default-live-uri" : "03462a2ftrial-dev-loja-srv.${domain}",
      "protocol" : "https",
      "default-live-app-name" : "Loja-srv",
      "default-live-domain" : "cfapps.us10-001.hana.ondemand.com",
      "domain" : "${default-domain}",
      "host" : "${default-host}",
      "generated-user" : "********"
    },
    "requiredDependencies" : [ {
      "majorSchemaVersion" : 3,
      "name" : "********",
      "properties" : { },
      "parameters" : { },
      "propertiesMetadata" : {
        "metadata" : { }
      },
      "parametersMetadata" : {
        "metadata" : { }
      }
    }, {
      "majorSchemaVersion" : 3,
      "name" : "Loja-db",
      "properties" : { },
      "parameters" : { },
      "propertiesMetadata" : {
        "metadata" : { }
      },
      "parametersMetadata" : {
        "metadata" : { }
      }
    } ],
    "providedDependencies" : [ {
      "majorSchemaVersion" : 3,
      "name" : "srv-api",
      "isPublic" : false,
      "properties" : {
        "srv-url" : "${default-url}"
      },
      "parameters" : { },
      "propertiesMetadata" : {
        "metadata" : { }
      },
      "parametersMetadata" : {
        "metadata" : { }
      }
    }, {
      "majorSchemaVersion" : 3,
      "name" : "Loja-srv",
      "isPublic" : false,
      "properties" : { },
      "parameters" : { },
      "propertiesMetadata" : {
        "metadata" : { }
      },
      "parametersMetadata" : {
        "metadata" : { }
      }
    } ],
    "propertiesMetadata" : {
      "metadata" : { }
    },
    "parametersMetadata" : {
      "metadata" : { }
    },
    "hooks" : [ ]
  }, {
    "majorSchemaVersion" : 3,
    "name" : "Loja-db-deployer",
    "type" : "com.sap.xs.hdi",
    "path" : "Loja-db-deployer",
    "properties" : {
      "EXIT" : 1
    },
    "parameters" : {
      "default-url" : "${protocol}://${default-uri}",
      "default-app-name" : "Loja-db-deployer",
      "generated-password" : "********",
      "default-live-url" : "${protocol}://${default-live-uri}",
      "default-uri" : "${host}.${domain}",
      "memory" : "256M",
      "default-instances" : 1,
      "no-route" : true,
      "default-live-host" : "03462a2ftrial-dev-loja-db-deployer",
      "instances" : "${default-instances}",
      "buildpack" : "nodejs_buildpack",
      "default-host" : "03462a2ftrial-dev-loja-db-deployer",
      "app-name" : "${default-app-name}",
      "default-live-uri" : "03462a2ftrial-dev-loja-db-deployer.${domain}",
      "protocol" : "https",
      "default-live-app-name" : "Loja-db-deployer",
      "default-live-domain" : "cfapps.us10-001.hana.ondemand.com",
      "dependency-type" : "hard",
      "domain" : "${default-domain}",
      "host" : "${default-host}",
      "generated-user" : "********",
      "tasks" : [ {
        "name" : "deploy",
        "memory" : "256M",
        "command" : "npm start"
      } ],
      "no-start" : true
    },
    "requiredDependencies" : [ {
      "majorSchemaVersion" : 3,
      "name" : "Loja-db",
      "properties" : { },
      "parameters" : { },
      "propertiesMetadata" : {
        "metadata" : { }
      },
      "parametersMetadata" : {
        "metadata" : { }
      }
    } ],
    "providedDependencies" : [ {
      "majorSchemaVersion" : 3,
      "name" : "Loja-db-deployer",
      "isPublic" : false,
      "properties" : { },
      "parameters" : { },
      "propertiesMetadata" : {
        "metadata" : { }
      },
      "parametersMetadata" : {
        "metadata" : { }
      }
    } ],
    "propertiesMetadata" : {
      "metadata" : { }
    },
    "parametersMetadata" : {
      "metadata" : { }
    },
    "hooks" : [ ]
  }, {
    "majorSchemaVersion" : 3,
    "name" : "Loja",
    "type" : "javascript.nodejs",
    "path" : "Loja",
    "properties" : { },
    "parameters" : {
      "default-url" : "${protocol}://${default-uri}",
      "default-app-name" : "Loja",
      "generated-password" : "********",
      "default-live-url" : "${protocol}://${default-live-uri}",
      "default-uri" : "${host}.${domain}",
      "memory" : "256M",
      "default-instances" : 1,
      "default-live-host" : "03462a2ftrial-dev-loja",
      "instances" : "${default-instances}",
      "default-host" : "03462a2ftrial-dev-loja",
      "keep-existing-routes" : true,
      "app-name" : "${default-app-name}",
      "default-live-uri" : "03462a2ftrial-dev-loja.${domain}",
      "protocol" : "https",
      "default-live-app-name" : "Loja",
      "default-live-domain" : "cfapps.us10-001.hana.ondemand.com",
      "disk-quota" : "256M",
      "domain" : "${default-domain}",
      "host" : "${default-host}",
      "generated-user" : "********"
    },
    "requiredDependencies" : [ {
      "majorSchemaVersion" : 3,
      "name" : "srv-api",
      "group" : "destinations",
      "properties" : {
        "name" : "srv-api",
        "forwardAuthToken" : "********",
        "url" : "~{srv-url}"
      },
      "parameters" : { },
      "propertiesMetadata" : {
        "metadata" : { }
      },
      "parametersMetadata" : {
        "metadata" : { }
      }
    }, {
      "majorSchemaVersion" : 3,
      "name" : "********",
      "properties" : { },
      "parameters" : { },
      "propertiesMetadata" : {
        "metadata" : { }
      },
      "parametersMetadata" : {
        "metadata" : { }
      }
    } ],
    "providedDependencies" : [ {
      "majorSchemaVersion" : 3,
      "name" : "app-api",
      "isPublic" : false,
      "properties" : {
        "app-protocol" : "${protocol}",
        "app-uri" : "${default-uri}"
      },
      "parameters" : { },
      "propertiesMetadata" : {
        "metadata" : { }
      },
      "parametersMetadata" : {
        "metadata" : { }
      }
    }, {
      "majorSchemaVersion" : 3,
      "name" : "Loja",
      "isPublic" : false,
      "properties" : { },
      "parameters" : { },
      "propertiesMetadata" : {
        "metadata" : { }
      },
      "parametersMetadata" : {
        "metadata" : { }
      }
    } ],
    "propertiesMetadata" : {
      "metadata" : { }
    },
    "parametersMetadata" : {
      "metadata" : { }
    },
    "hooks" : [ ]
  } ],
  "resources" : [ {
    "majorSchemaVersion" : 3,
    "name" : "********",
    "type" : "org.cloudfoundry.managed-service",
    "properties" : { },
    "parameters" : {
      "generated-password" : "********",
      "path" : "./xs-security.json",
      "service-name" : "${default-service-name}",
      "service-plan" : "application",
      "service" : "xsuaa",
      "generated-user" : "********",
      "default-xsappname" : "********",
      "type" : "managed-service",
      "config" : {
        "oauth2-configuration" : "********",
        "tenant-mode" : "dedicated",
        "xsappname" : "Loja-${org}-${space}"
      },
      "default-service-name" : "********",
      "default-container-name" : "********"
    },
    "isActive" : true,
    "isOptional" : false,
    "propertiesMetadata" : {
      "metadata" : { }
    },
    "parametersMetadata" : {
      "metadata" : { }
    },
    "requiredDependencies" : [ {
      "majorSchemaVersion" : 3,
      "name" : "app-api",
      "properties" : { },
      "parameters" : { },
      "propertiesMetadata" : {
        "metadata" : { }
      },
      "parametersMetadata" : {
        "metadata" : { }
      }
    } ],
    "processedAfter" : [ ]
  }, {
    "majorSchemaVersion" : 3,
    "name" : "Loja-db",
    "type" : "com.sap.xs.hdi-container",
    "properties" : { },
    "parameters" : {
      "generated-password" : "********",
      "service-name" : "${default-service-name}",
      "service-plan" : "hdi-shared",
      "service" : "hana",
      "generated-user" : "********",
      "default-xsappname" : "Loja-db",
      "type" : "managed-service",
      "default-service-name" : "Loja-db",
      "default-container-name" : "03462A2FTRIAL_DEV_LOJA_DB"
    },
    "isActive" : true,
    "isOptional" : false,
    "propertiesMetadata" : {
      "metadata" : { }
    },
    "parametersMetadata" : {
      "metadata" : { }
    },
    "requiredDependencies" : [ ],
    "processedAfter" : [ ]
  } ],
  "parameters" : {
    "mta-id" : "Loja",
    "authorization-url" : "********",
    "org-guid" : "04493104-1ac5-4d04-8e0e-f1ae4b500c3a",
    "org" : "03462a2ftrial",
    "deploy-target" : "03462a2ftrial dev",
    "enable-parallel-deployments" : true,
    "space" : "dev",
    "xs-api-url" : "https://api.cf.us10-001.hana.ondemand.com",
    "deploy-url" : "deploy-service.cfapps.us10-001.hana.ondemand.com",
    "xs-type" : "CF",
    "default-domain" : "cfapps.us10-001.hana.ondemand.com",
    "mta-version" : "1.0.0",
    "xs-auth-url" : "********",
    "space-guid" : "3ae7c67b-9057-463c-933e-5dffbfe90d90",
    "user" : "********",
    "controller-url" : "https://api.cf.us10-001.hana.ondemand.com",
    "timestamp" : "20260508035048"
  },
  "parametersMetadata" : {
    "metadata" : { }
  }
}#
#2026 05 08 03:50:49.323#Z#DEBUG#196a5c01-4a91-11f1-8594-eeee0a955217.OPERATION#flowable-async-job-executor-thread-15749#
[XS2CollectSystemParametersStep] Version rule: SAME_HIGHER#
#2026 05 08 03:50:49.323#Z#INFO#196a5c01-4a91-11f1-8594-eeee0a955217.OPERATION#flowable-async-job-executor-thread-15749#
[XS2CollectSystemParametersStep] Detected new MTA version: "1.0.0"#
#2026 05 08 03:50:49.328#Z#INFO#196a5c01-4a91-11f1-8594-eeee0a955217.OPERATION#flowable-async-job-executor-thread-15749#
[XS2CollectSystemParametersStep] Deployed MTA version: "1.0.0"#
#2026 05 08 03:50:49.333#Z#DEBUG#196a5c01-4a91-11f1-8594-eeee0a955217.OPERATION#flowable-async-job-executor-thread-15749#
[XS2CollectSystemParametersStep] MTA accepted for deployment#
#2026 05 08 03:50:49.333#Z#DEBUG#196a5c01-4a91-11f1-8594-eeee0a955217.OPERATION#flowable-async-job-executor-thread-15749#
[XS2CollectSystemParametersStep] System parameters collected#
#2026 05 08 03:50:49.334#Z#DEBUG#196a5c01-4a91-11f1-8594-eeee0a955217.OPERATION#flowable-async-job-executor-thread-15749#
Step "Collect System Parameters" finished#
#2026 05 08 03:50:49.376#Z#DEBUG#196a5c01-4a91-11f1-8594-eeee0a955217.OPERATION#flowable-async-job-executor-thread-15742#
[ProcessDescriptorStep] Executing task "processDescriptorTask" of process "196a5c27-4a91-11f1-8594-eeee0a955217"...#
#2026 05 08 03:50:49.377#Z#DEBUG#196a5c01-4a91-11f1-8594-eeee0a955217.OPERATION#flowable-async-job-executor-thread-15742#
[ProcessDescriptorStep] Resolving properties and parameters in merged descriptor...#
#2026 05 08 03:50:49.382#Z#DEBUG#196a5c01-4a91-11f1-8594-eeee0a955217.OPERATION#flowable-async-job-executor-thread-15742#
[ProcessDescriptorStep] Subscriptions: [ ]#
#2026 05 08 03:50:49.382#Z#DEBUG#196a5c01-4a91-11f1-8594-eeee0a955217.OPERATION#flowable-async-job-executor-thread-15742#
[ProcessDescriptorStep] MTA modules: [Loja-db-deployer, Loja, Loja-srv]#
#2026 05 08 03:50:49.382#Z#DEBUG#196a5c01-4a91-11f1-8594-eeee0a955217.OPERATION#flowable-async-job-executor-thread-15742#
[ProcessDescriptorStep] Resolved deployment descriptor: {
  "majorSchemaVersion" : 3,
  "schemaVersion" : "3.3.0",
  "id" : "Loja",
  "version" : "1.0.0",
  "modules" : [ {
    "majorSchemaVersion" : 3,
    "name" : "Loja-srv",
    "type" : "javascript.nodejs",
    "path" : "Loja-srv",
    "properties" : { },
    "parameters" : {
      "default-url" : "https://03462a2ftrial-dev-loja-srv.cfapps.us10-001.hana.ondemand.com",
      "default-app-name" : "Loja-srv",
      "generated-password" : "********",
      "default-live-url" : "https://03462a2ftrial-dev-loja-srv.cfapps.us10-001.hana.ondemand.com",
      "default-uri" : "03462a2ftrial-dev-loja-srv.cfapps.us10-001.hana.ondemand.com",
      "default-instances" : 1,
      "default-live-host" : "03462a2ftrial-dev-loja-srv",
      "instances" : 1,
      "buildpack" : "nodejs_buildpack",
      "default-host" : "03462a2ftrial-dev-loja-srv",
      "app-name" : "Loja-srv",
      "default-live-uri" : "03462a2ftrial-dev-loja-srv.cfapps.us10-001.hana.ondemand.com",
      "protocol" : "https",
      "default-live-app-name" : "Loja-srv",
      "default-live-domain" : "cfapps.us10-001.hana.ondemand.com",
      "domain" : "cfapps.us10-001.hana.ondemand.com",
      "host" : "03462a2ftrial-dev-loja-srv",
      "generated-user" : "********"
    },
    "requiredDependencies" : [ {
      "majorSchemaVersion" : 3,
      "name" : "********",
      "properties" : { },
      "parameters" : { },
      "propertiesMetadata" : {
        "metadata" : { }
      },
      "parametersMetadata" : {
        "metadata" : { }
      }
    }, {
      "majorSchemaVersion" : 3,
      "name" : "Loja-db",
      "properties" : { },
      "parameters" : { },
      "propertiesMetadata" : {
        "metadata" : { }
      },
      "parametersMetadata" : {
        "metadata" : { }
      }
    } ],
    "providedDependencies" : [ {
      "majorSchemaVersion" : 3,
      "name" : "srv-api",
      "isPublic" : false,
      "properties" : {
        "srv-url" : "https://03462a2ftrial-dev-loja-srv.cfapps.us10-001.hana.ondemand.com"
      },
      "parameters" : { },
      "propertiesMetadata" : {
        "metadata" : { }
      },
      "parametersMetadata" : {
        "metadata" : { }
      }
    }, {
      "majorSchemaVersion" : 3,
      "name" : "Loja-srv",
      "isPublic" : false,
      "properties" : { },
      "parameters" : { },
      "propertiesMetadata" : {
        "metadata" : { }
      },
      "parametersMetadata" : {
        "metadata" : { }
      }
    } ],
    "propertiesMetadata" : {
      "metadata" : { }
    },
    "parametersMetadata" : {
      "metadata" : { }
    },
    "hooks" : [ ]
  }, {
    "majorSchemaVersion" : 3,
    "name" : "Loja-db-deployer",
    "type" : "com.sap.xs.hdi",
    "path" : "Loja-db-deployer",
    "properties" : {
      "EXIT" : 1
    },
    "parameters" : {
      "default-url" : "https://03462a2ftrial-dev-loja-db-deployer.cfapps.us10-001.hana.ondemand.com",
      "default-app-name" : "Loja-db-deployer",
      "generated-password" : "********",
      "default-live-url" : "https://03462a2ftrial-dev-loja-db-deployer.cfapps.us10-001.hana.ondemand.com",
      "default-uri" : "03462a2ftrial-dev-loja-db-deployer.cfapps.us10-001.hana.ondemand.com",
      "memory" : "256M",
      "default-instances" : 1,
      "no-route" : true,
      "default-live-host" : "03462a2ftrial-dev-loja-db-deployer",
      "instances" : 1,
      "buildpack" : "nodejs_buildpack",
      "default-host" : "03462a2ftrial-dev-loja-db-deployer",
      "app-name" : "Loja-db-deployer",
      "default-live-uri" : "03462a2ftrial-dev-loja-db-deployer.cfapps.us10-001.hana.ondemand.com",
      "protocol" : "https",
      "default-live-app-name" : "Loja-db-deployer",
      "default-live-domain" : "cfapps.us10-001.hana.ondemand.com",
      "dependency-type" : "hard",
      "domain" : "cfapps.us10-001.hana.ondemand.com",
      "host" : "03462a2ftrial-dev-loja-db-deployer",
      "generated-user" : "********",
      "tasks" : [ {
        "command" : "npm start",
        "memory" : "256M",
        "name" : "deploy"
      } ],
      "no-start" : true
    },
    "requiredDependencies" : [ {
      "majorSchemaVersion" : 3,
      "name" : "Loja-db",
      "properties" : { },
      "parameters" : { },
      "propertiesMetadata" : {
        "metadata" : { }
      },
      "parametersMetadata" : {
        "metadata" : { }
      }
    } ],
    "providedDependencies" : [ {
      "majorSchemaVersion" : 3,
      "name" : "Loja-db-deployer",
      "isPublic" : false,
      "properties" : { },
      "parameters" : { },
      "propertiesMetadata" : {
        "metadata" : { }
      },
      "parametersMetadata" : {
        "metadata" : { }
      }
    } ],
    "propertiesMetadata" : {
      "metadata" : { }
    },
    "parametersMetadata" : {
      "metadata" : { }
    },
    "hooks" : [ ]
  }, {
    "majorSchemaVersion" : 3,
    "name" : "Loja",
    "type" : "javascript.nodejs",
    "path" : "Loja",
    "properties" : { },
    "parameters" : {
      "default-url" : "https://03462a2ftrial-dev-loja.cfapps.us10-001.hana.ondemand.com",
      "default-app-name" : "Loja",
      "generated-password" : "********",
      "default-live-url" : "https://03462a2ftrial-dev-loja.cfapps.us10-001.hana.ondemand.com",
      "default-uri" : "03462a2ftrial-dev-loja.cfapps.us10-001.hana.ondemand.com",
      "memory" : "256M",
      "default-instances" : 1,
      "default-live-host" : "03462a2ftrial-dev-loja",
      "instances" : 1,
      "default-host" : "03462a2ftrial-dev-loja",
      "keep-existing-routes" : true,
      "app-name" : "Loja",
      "default-live-uri" : "03462a2ftrial-dev-loja.cfapps.us10-001.hana.ondemand.com",
      "protocol" : "https",
      "default-live-app-name" : "Loja",
      "default-live-domain" : "cfapps.us10-001.hana.ondemand.com",
      "disk-quota" : "256M",
      "domain" : "cfapps.us10-001.hana.ondemand.com",
      "host" : "03462a2ftrial-dev-loja",
      "generated-user" : "********"
    },
    "requiredDependencies" : [ {
      "majorSchemaVersion" : 3,
      "name" : "srv-api",
      "group" : "destinations",
      "properties" : {
        "name" : "srv-api",
        "forwardAuthToken" : "********",
        "url" : "https://03462a2ftrial-dev-loja-srv.cfapps.us10-001.hana.ondemand.com"
      },
      "parameters" : { },
      "propertiesMetadata" : {
        "metadata" : { }
      },
      "parametersMetadata" : {
        "metadata" : { }
      }
    }, {
      "majorSchemaVersion" : 3,
      "name" : "********",
      "properties" : { },
      "parameters" : { },
      "propertiesMetadata" : {
        "metadata" : { }
      },
      "parametersMetadata" : {
        "metadata" : { }
      }
    } ],
    "providedDependencies" : [ {
      "majorSchemaVersion" : 3,
      "name" : "app-api",
      "isPublic" : false,
      "properties" : {
        "app-protocol" : "https",
        "app-uri" : "03462a2ftrial-dev-loja.cfapps.us10-001.hana.ondemand.com"
      },
      "parameters" : { },
      "propertiesMetadata" : {
        "metadata" : { }
      },
      "parametersMetadata" : {
        "metadata" : { }
      }
    }, {
      "majorSchemaVersion" : 3,
      "name" : "Loja",
      "isPublic" : false,
      "properties" : { },
      "parameters" : { },
      "propertiesMetadata" : {
        "metadata" : { }
      },
      "parametersMetadata" : {
        "metadata" : { }
      }
    } ],
    "propertiesMetadata" : {
      "metadata" : { }
    },
    "parametersMetadata" : {
      "metadata" : { }
    },
    "hooks" : [ ]
  } ],
  "resources" : [ {
    "majorSchemaVersion" : 3,
    "name" : "********",
    "type" : "org.cloudfoundry.managed-service",
    "properties" : { },
    "parameters" : {
      "generated-password" : "********",
      "path" : "./xs-security.json",
      "service-name" : "********",
      "service-plan" : "application",
      "service" : "xsuaa",
      "generated-user" : "********",
      "default-xsappname" : "********",
      "type" : "managed-service",
      "config" : {
        "oauth2-configuration" : "********",
        "tenant-mode" : "dedicated",
        "xsappname" : "Loja-03462a2ftrial-dev"
      },
      "default-service-name" : "********",
      "default-container-name" : "********"
    },
    "isActive" : true,
    "isOptional" : false,
    "propertiesMetadata" : {
      "metadata" : { }
    },
    "parametersMetadata" : {
      "metadata" : { }
    },
    "requiredDependencies" : [ {
      "majorSchemaVersion" : 3,
      "name" : "app-api",
      "properties" : { },
      "parameters" : { },
      "propertiesMetadata" : {
        "metadata" : { }
      },
      "parametersMetadata" : {
        "metadata" : { }
      }
    } ],
    "processedAfter" : [ ]
  }, {
    "majorSchemaVersion" : 3,
    "name" : "Loja-db",
    "type" : "com.sap.xs.hdi-container",
    "properties" : { },
    "parameters" : {
      "generated-password" : "********",
      "service-name" : "Loja-db",
      "service-plan" : "hdi-shared",
      "service" : "hana",
      "generated-user" : "********",
      "default-xsappname" : "Loja-db",
      "type" : "managed-service",
      "default-service-name" : "Loja-db",
      "default-container-name" : "03462A2FTRIAL_DEV_LOJA_DB"
    },
    "isActive" : true,
    "isOptional" : false,
    "propertiesMetadata" : {
      "metadata" : { }
    },
    "parametersMetadata" : {
      "metadata" : { }
    },
    "requiredDependencies" : [ ],
    "processedAfter" : [ ]
  } ],
  "parameters" : {
    "mta-id" : "Loja",
    "authorization-url" : "********",
    "org-guid" : "04493104-1ac5-4d04-8e0e-f1ae4b500c3a",
    "org" : "03462a2ftrial",
    "deploy-target" : "03462a2ftrial dev",
    "enable-parallel-deployments" : true,
    "region-primary-domain" : "us10.hana.ondemand.com",
    "space" : "dev",
    "region-domain" : "us10-001.hana.ondemand.com",
    "xs-api-url" : "https://api.cf.us10-001.hana.ondemand.com",
    "deploy-url" : "deploy-service.cfapps.us10-001.hana.ondemand.com",
    "xs-type" : "CF",
    "default-domain" : "cfapps.us10-001.hana.ondemand.com",
    "mta-version" : "1.0.0",
    "xs-auth-url" : "********",
    "space-guid" : "3ae7c67b-9057-463c-933e-5dffbfe90d90",
    "user" : "********",
    "controller-url" : "https://api.cf.us10-001.hana.ondemand.com",
    "timestamp" : "20260508035048"
  },
  "parametersMetadata" : {
    "metadata" : { }
  }
}#
#2026 05 08 03:50:49.382#Z#DEBUG#196a5c01-4a91-11f1-8594-eeee0a955217.OPERATION#flowable-async-job-executor-thread-15742#
[ProcessDescriptorStep] Merged descriptor properties and parameters resolved#
#2026 05 08 03:50:49.382#Z#DEBUG#196a5c01-4a91-11f1-8594-eeee0a955217.OPERATION#flowable-async-job-executor-thread-15742#
Step "Process Descriptor Step" finished#
#2026 05 08 03:50:49.420#Z#DEBUG#196a5c01-4a91-11f1-8594-eeee0a955217.OPERATION#flowable-async-job-executor-thread-15743#
[XS2BuildCloudDeployModelStep] Executing task "buildDeployModelTask" of process "196a5c27-4a91-11f1-8594-eeee0a955217"...#
#2026 05 08 03:50:49.423#Z#DEBUG#196a5c01-4a91-11f1-8594-eeee0a955217.OPERATION#flowable-async-job-executor-thread-15743#
[XS2BuildCloudDeployModelStep] Service keys defined for content deployment grouped by service name: { }#
#2026 05 08 03:50:49.423#Z#DEBUG#196a5c01-4a91-11f1-8594-eeee0a955217.OPERATION#flowable-async-job-executor-thread-15743#
[XS2BuildCloudDeployModelStep] Building cloud deployment model...#
#2026 05 08 03:50:49.425#Z#DEBUG#196a5c01-4a91-11f1-8594-eeee0a955217.OPERATION#flowable-async-job-executor-thread-15743#
[XS2BuildCloudDeployModelStep] MTA archive modules: [Loja-db-deployer, Loja, Loja-srv]#
#2026 05 08 03:50:49.425#Z#DEBUG#196a5c01-4a91-11f1-8594-eeee0a955217.OPERATION#flowable-async-job-executor-thread-15743#
[XS2BuildCloudDeployModelStep] Deployed modules: [Loja, Loja-db-deployer, Loja-srv]#
#2026 05 08 03:50:49.426#Z#DEBUG#196a5c01-4a91-11f1-8594-eeee0a955217.OPERATION#flowable-async-job-executor-thread-15743#
[XS2BuildCloudDeployModelStep] MTA modules: [Loja-db-deployer, Loja, Loja-srv]#
#2026 05 08 03:50:49.426#Z#DEBUG#196a5c01-4a91-11f1-8594-eeee0a955217.OPERATION#flowable-async-job-executor-thread-15743#
[XS2BuildCloudDeployModelStep] Service keys to create: {
  "Loja-db" : [ ],
  "Loja-auth" : "********"
}#
#2026 05 08 03:50:49.427#Z#DEBUG#196a5c01-4a91-11f1-8594-eeee0a955217.OPERATION#flowable-async-job-executor-thread-15743#
[XS2BuildCloudDeployModelStep] Modules to deploy: [{
  "majorSchemaVersion" : 3,
  "name" : "Loja-srv",
  "type" : "javascript.nodejs",
  "path" : "Loja-srv",
  "properties" : { },
  "parameters" : {
    "default-url" : "https://03462a2ftrial-dev-loja-srv.cfapps.us10-001.hana.ondemand.com",
    "default-app-name" : "Loja-srv",
    "generated-password" : "********",
    "default-live-url" : "https://03462a2ftrial-dev-loja-srv.cfapps.us10-001.hana.ondemand.com",
    "default-uri" : "03462a2ftrial-dev-loja-srv.cfapps.us10-001.hana.ondemand.com",
    "default-instances" : 1,
    "default-live-host" : "03462a2ftrial-dev-loja-srv",
    "instances" : 1,
    "buildpack" : "nodejs_buildpack",
    "default-host" : "03462a2ftrial-dev-loja-srv",
    "app-name" : "Loja-srv",
    "default-live-uri" : "03462a2ftrial-dev-loja-srv.cfapps.us10-001.hana.ondemand.com",
    "protocol" : "https",
    "default-live-app-name" : "Loja-srv",
    "default-live-domain" : "cfapps.us10-001.hana.ondemand.com",
    "dependency-type" : "soft",
    "domain" : "cfapps.us10-001.hana.ondemand.com",
    "host" : "03462a2ftrial-dev-loja-srv",
    "generated-user" : "********"
  },
  "requiredDependencies" : [ {
    "majorSchemaVersion" : 3,
    "name" : "********",
    "properties" : { },
    "parameters" : { },
    "propertiesMetadata" : {
      "metadata" : { }
    },
    "parametersMetadata" : {
      "metadata" : { }
    }
  }, {
    "majorSchemaVersion" : 3,
    "name" : "Loja-db",
    "properties" : { },
    "parameters" : { },
    "propertiesMetadata" : {
      "metadata" : { }
    },
    "parametersMetadata" : {
      "metadata" : { }
    }
  } ],
  "providedDependencies" : [ {
    "majorSchemaVersion" : 3,
    "name" : "srv-api",
    "isPublic" : false,
    "properties" : {
      "srv-url" : "https://03462a2ftrial-dev-loja-srv.cfapps.us10-001.hana.ondemand.com"
    },
    "parameters" : { },
    "propertiesMetadata" : {
      "metadata" : { }
    },
    "parametersMetadata" : {
      "metadata" : { }
    }
  }, {
    "majorSchemaVersion" : 3,
    "name" : "Loja-srv",
    "isPublic" : false,
    "properties" : { },
    "parameters" : { },
    "propertiesMetadata" : {
      "metadata" : { }
    },
    "parametersMetadata" : {
      "metadata" : { }
    }
  } ],
  "propertiesMetadata" : {
    "metadata" : { }
  },
  "parametersMetadata" : {
    "metadata" : { }
  },
  "deployedAfter" : [ ],
  "hooks" : [ ]
}, {
  "majorSchemaVersion" : 3,
  "name" : "Loja-db-deployer",
  "type" : "com.sap.xs.hdi",
  "path" : "Loja-db-deployer",
  "properties" : {
    "EXIT" : 1
  },
  "parameters" : {
    "default-url" : "https://03462a2ftrial-dev-loja-db-deployer.cfapps.us10-001.hana.ondemand.com",
    "default-app-name" : "Loja-db-deployer",
    "generated-password" : "********",
    "default-live-url" : "https://03462a2ftrial-dev-loja-db-deployer.cfapps.us10-001.hana.ondemand.com",
    "default-uri" : "03462a2ftrial-dev-loja-db-deployer.cfapps.us10-001.hana.ondemand.com",
    "memory" : "256M",
    "default-instances" : 1,
    "no-route" : true,
    "default-live-host" : "03462a2ftrial-dev-loja-db-deployer",
    "instances" : 1,
    "buildpack" : "nodejs_buildpack",
    "default-host" : "03462a2ftrial-dev-loja-db-deployer",
    "app-name" : "Loja-db-deployer",
    "default-live-uri" : "03462a2ftrial-dev-loja-db-deployer.cfapps.us10-001.hana.ondemand.com",
    "protocol" : "https",
    "default-live-app-name" : "Loja-db-deployer",
    "default-live-domain" : "cfapps.us10-001.hana.ondemand.com",
    "dependency-type" : "hard",
    "domain" : "cfapps.us10-001.hana.ondemand.com",
    "host" : "03462a2ftrial-dev-loja-db-deployer",
    "generated-user" : "********",
    "tasks" : [ {
      "command" : "npm start",
      "memory" : "256M",
      "name" : "deploy"
    } ],
    "no-start" : true
  },
  "requiredDependencies" : [ {
    "majorSchemaVersion" : 3,
    "name" : "Loja-db",
    "properties" : { },
    "parameters" : { },
    "propertiesMetadata" : {
      "metadata" : { }
    },
    "parametersMetadata" : {
      "metadata" : { }
    }
  } ],
  "providedDependencies" : [ {
    "majorSchemaVersion" : 3,
    "name" : "Loja-db-deployer",
    "isPublic" : false,
    "properties" : { },
    "parameters" : { },
    "propertiesMetadata" : {
      "metadata" : { }
    },
    "parametersMetadata" : {
      "metadata" : { }
    }
  } ],
  "propertiesMetadata" : {
    "metadata" : { }
  },
  "parametersMetadata" : {
    "metadata" : { }
  },
  "deployedAfter" : [ ],
  "hooks" : [ ]
}, {
  "majorSchemaVersion" : 3,
  "name" : "Loja",
  "type" : "javascript.nodejs",
  "path" : "Loja",
  "properties" : { },
  "parameters" : {
    "default-url" : "https://03462a2ftrial-dev-loja.cfapps.us10-001.hana.ondemand.com",
    "default-app-name" : "Loja",
    "generated-password" : "********",
    "default-live-url" : "https://03462a2ftrial-dev-loja.cfapps.us10-001.hana.ondemand.com",
    "default-uri" : "03462a2ftrial-dev-loja.cfapps.us10-001.hana.ondemand.com",
    "memory" : "256M",
    "default-instances" : 1,
    "default-live-host" : "03462a2ftrial-dev-loja",
    "instances" : 1,
    "default-host" : "03462a2ftrial-dev-loja",
    "keep-existing-routes" : true,
    "app-name" : "Loja",
    "default-live-uri" : "03462a2ftrial-dev-loja.cfapps.us10-001.hana.ondemand.com",
    "protocol" : "https",
    "default-live-app-name" : "Loja",
    "default-live-domain" : "cfapps.us10-001.hana.ondemand.com",
    "disk-quota" : "256M",
    "dependency-type" : "soft",
    "domain" : "cfapps.us10-001.hana.ondemand.com",
    "host" : "03462a2ftrial-dev-loja",
    "generated-user" : "********"
  },
  "requiredDependencies" : [ {
    "majorSchemaVersion" : 3,
    "name" : "srv-api",
    "group" : "destinations",
    "properties" : {
      "name" : "srv-api",
      "forwardAuthToken" : "********",
      "url" : "https://03462a2ftrial-dev-loja-srv.cfapps.us10-001.hana.ondemand.com"
    },
    "parameters" : { },
    "propertiesMetadata" : {
      "metadata" : { }
    },
    "parametersMetadata" : {
      "metadata" : { }
    }
  }, {
    "majorSchemaVersion" : 3,
    "name" : "********",
    "properties" : { },
    "parameters" : { },
    "propertiesMetadata" : {
      "metadata" : { }
    },
    "parametersMetadata" : {
      "metadata" : { }
    }
  } ],
  "providedDependencies" : [ {
    "majorSchemaVersion" : 3,
    "name" : "app-api",
    "isPublic" : false,
    "properties" : {
      "app-protocol" : "https",
      "app-uri" : "03462a2ftrial-dev-loja.cfapps.us10-001.hana.ondemand.com"
    },
    "parameters" : { },
    "propertiesMetadata" : {
      "metadata" : { }
    },
    "parametersMetadata" : {
      "metadata" : { }
    }
  }, {
    "majorSchemaVersion" : 3,
    "name" : "Loja",
    "isPublic" : false,
    "properties" : { },
    "parameters" : { },
    "propertiesMetadata" : {
      "metadata" : { }
    },
    "parametersMetadata" : {
      "metadata" : { }
    }
  } ],
  "propertiesMetadata" : {
    "metadata" : { }
  },
  "parametersMetadata" : {
    "metadata" : { }
  },
  "deployedAfter" : [ ],
  "hooks" : [ ]
}]#
#2026 05 08 03:50:49.427#Z#DEBUG#196a5c01-4a91-11f1-8594-eeee0a955217.OPERATION#flowable-async-job-executor-thread-15743#
[XS2BuildCloudDeployModelStep] Custom domains: []#
#2026 05 08 03:50:49.430#Z#DEBUG#196a5c01-4a91-11f1-8594-eeee0a955217.OPERATION#flowable-async-job-executor-thread-15743#
[XS2BuildCloudDeployModelStep] Calculating resource batches...#
#2026 05 08 03:50:49.430#Z#DEBUG#196a5c01-4a91-11f1-8594-eeee0a955217.OPERATION#flowable-async-job-executor-thread-15743#
[XS2BuildCloudDeployModelStep] Calculating resource batches completed.#
#2026 05 08 03:50:49.430#Z#DEBUG#196a5c01-4a91-11f1-8594-eeee0a955217.OPERATION#flowable-async-job-executor-thread-15743#
[XS2BuildCloudDeployModelStep] Cloud deployment model built#
#2026 05 08 03:50:49.430#Z#DEBUG#196a5c01-4a91-11f1-8594-eeee0a955217.OPERATION#flowable-async-job-executor-thread-15743#
Step "Build Deploy Model" finished#
#2026 05 08 03:50:49.476#Z#DEBUG#196a5c01-4a91-11f1-8594-eeee0a955217.OPERATION#flowable-async-job-executor-thread-15743#
[BuildCloudUndeployModelStep] Executing task "buildUndeployModelTask" of process "196a5c27-4a91-11f1-8594-eeee0a955217"...#
#2026 05 08 03:50:49.477#Z#DEBUG#196a5c01-4a91-11f1-8594-eeee0a955217.OPERATION#flowable-async-job-executor-thread-15743#
[BuildCloudUndeployModelStep] Building cloud undeployment model...#
#2026 05 08 03:50:49.479#Z#DEBUG#196a5c01-4a91-11f1-8594-eeee0a955217.OPERATION#flowable-async-job-executor-thread-15743#
[BuildCloudUndeployModelStep] Detecting service keys to delete.#
#2026 05 08 03:50:49.480#Z#DEBUG#196a5c01-4a91-11f1-8594-eeee0a955217.OPERATION#flowable-async-job-executor-thread-15743#
[BuildCloudUndeployModelStep] No deployed service keys detected!#
#2026 05 08 03:50:49.480#Z#DEBUG#196a5c01-4a91-11f1-8594-eeee0a955217.OPERATION#flowable-async-job-executor-thread-15743#
[BuildCloudUndeployModelStep] Detected service keys to delete "[]"#
#2026 05 08 03:50:49.485#Z#DEBUG#196a5c01-4a91-11f1-8594-eeee0a955217.OPERATION#flowable-async-job-executor-thread-15743#
[BuildCloudUndeployModelStep] MTA modules: [Loja-db-deployer, Loja, Loja-srv]#
#2026 05 08 03:50:49.485#Z#DEBUG#196a5c01-4a91-11f1-8594-eeee0a955217.OPERATION#flowable-async-job-executor-thread-15743#
[BuildCloudUndeployModelStep] Modules to undeploy: [ ]#
#2026 05 08 03:50:49.485#Z#DEBUG#196a5c01-4a91-11f1-8594-eeee0a955217.OPERATION#flowable-async-job-executor-thread-15743#
[BuildCloudUndeployModelStep] Modules that won't be changed: [ ]#
#2026 05 08 03:50:49.486#Z#DEBUG#196a5c01-4a91-11f1-8594-eeee0a955217.OPERATION#flowable-async-job-executor-thread-15743#
[BuildCloudUndeployModelStep] Subscriptions to delete: [ ]#
#2026 05 08 03:50:49.488#Z#DEBUG#196a5c01-4a91-11f1-8594-eeee0a955217.OPERATION#flowable-async-job-executor-thread-15743#
[BuildCloudUndeployModelStep] Cloud services to delete: []#
#2026 05 08 03:50:49.488#Z#DEBUG#196a5c01-4a91-11f1-8594-eeee0a955217.OPERATION#flowable-async-job-executor-thread-15743#
[BuildCloudUndeployModelStep] Cloud applications to undeploy: [ ]#
#2026 05 08 03:50:49.491#Z#DEBUG#196a5c01-4a91-11f1-8594-eeee0a955217.OPERATION#flowable-async-job-executor-thread-15743#
[BuildCloudUndeployModelStep] Cloud undeployment model built#
#2026 05 08 03:50:49.491#Z#DEBUG#196a5c01-4a91-11f1-8594-eeee0a955217.OPERATION#flowable-async-job-executor-thread-15743#
Step "Build Undeploy Model" finished#
#2026 05 08 03:50:49.531#Z#DEBUG#196a5c01-4a91-11f1-8594-eeee0a955217.OPERATION#flowable-async-job-executor-thread-15743#
[AddDomainsStep] Executing task "addDomainsTask" of process "196a5c27-4a91-11f1-8594-eeee0a955217"...#
#2026 05 08 03:50:49.534#Z#DEBUG#196a5c01-4a91-11f1-8594-eeee0a955217.OPERATION#flowable-async-job-executor-thread-15743#
[AddDomainsStep] Custom domains: []#
#2026 05 08 03:50:49.534#Z#DEBUG#196a5c01-4a91-11f1-8594-eeee0a955217.OPERATION#flowable-async-job-executor-thread-15743#
Step "Add Domains" finished#
#2026 05 08 03:50:49.677#Z#DEBUG#196a5c01-4a91-11f1-8594-eeee0a955217.OPERATION#flowable-async-job-executor-thread-15746#
[ExtractBatchedServicesWithResolvedDynamicParametersStep] Executing task "prepareModulesDeploymentTask" of process "1a3d3c97-4a91-11f1-8594-eeee0a955217"...#
#2026 05 08 03:50:49.679#Z#DEBUG#196a5c01-4a91-11f1-8594-eeee0a955217.OPERATION#flowable-async-job-executor-thread-15746#
[ExtractBatchedServicesWithResolvedDynamicParametersStep] Extracting services and resolving dynamic parameters from batch#
#2026 05 08 03:50:49.680#Z#DEBUG#196a5c01-4a91-11f1-8594-eeee0a955217.OPERATION#flowable-async-job-executor-thread-15746#
[ExtractBatchedServicesWithResolvedDynamicParametersStep] Services to create: [ {
  "isOptional" : false,
  "isManaged" : true,
  "name" : "********",
  "v3Metadata" : {
    "annotations" : {
      "mta_id" : "Loja",
      "mta_version" : "1.0.0",
      "mta_resource" : "********"
    },
    "labels" : {
      "mta_id" : "c66da0175bd3249e12742501e804bc39"
    }
  },
  "label" : "xsuaa",
  "plan" : "application",
  "credentials" : "********",
  "tags" : [ ],
  "type" : "managed",
  "resourceName" : "********",
  "shouldSkipParametersUpdate" : false,
  "shouldSkipPlanUpdate" : false,
  "shouldSkipTagsUpdate" : false,
  "shouldSkipSyslogUrlUpdate" : false
}, {
  "isOptional" : false,
  "isManaged" : true,
  "name" : "Loja-db",
  "v3Metadata" : {
    "annotations" : {
      "mta_id" : "Loja",
      "mta_version" : "1.0.0",
      "mta_resource" : "{\"name\":\"Loja-db\"}"
    },
    "labels" : {
      "mta_id" : "c66da0175bd3249e12742501e804bc39"
    }
  },
  "label" : "hana",
  "plan" : "hdi-shared",
  "credentials" : "********",
  "tags" : [ ],
  "type" : "managed",
  "resourceName" : "Loja-db",
  "shouldSkipParametersUpdate" : false,
  "shouldSkipPlanUpdate" : false,
  "shouldSkipTagsUpdate" : false,
  "shouldSkipSyslogUrlUpdate" : false
} ]#
#2026 05 08 03:50:49.681#Z#DEBUG#196a5c01-4a91-11f1-8594-eeee0a955217.OPERATION#flowable-async-job-executor-thread-15746#
Step "Extract Services with Resolved Dynamic parameters from batch" finished#
#2026 05 08 03:50:49.787#Z#DEBUG#196a5c01-4a91-11f1-8594-eeee0a955217.OPERATION#flowable-async-job-executor-thread-15748#
[CheckServiceOperationStateStep] Executing task "CheckServiceOperationStateTask" of process "1a502895-4a91-11f1-8594-eeee0a955217"...#
#2026 05 08 03:50:49.788#Z#DEBUG#196a5c01-4a91-11f1-8594-eeee0a955217.OPERATION#flowable-async-job-executor-thread-15748#
[CheckServiceOperationStateStep] Getting service instance "Loja-auth"...#
#2026 05 08 03:50:49.890#Z#DEBUG#196a5c01-4a91-11f1-8594-eeee0a955217.OPERATION#flowable-async-job-executor-thread-15748#
Step "Check for service operations in Progress" finished#
#2026 05 08 03:50:49.925#Z#DEBUG#196a5c01-4a91-11f1-8594-eeee0a955217.OPERATION#flowable-async-job-executor-thread-15748#
[DetermineServiceCreateUpdateServiceActionsStep] Executing task "DetermineServiceCreateUpdateActionsTask" of process "1a502895-4a91-11f1-8594-eeee0a955217"...#
#2026 05 08 03:50:49.927#Z#INFO#196a5c01-4a91-11f1-8594-eeee0a955217.OPERATION#flowable-async-job-executor-thread-15748#
[DetermineServiceCreateUpdateServiceActionsStep] Processing service "Loja-auth"...#
#2026 05 08 03:50:49.932#Z#DEBUG#196a5c01-4a91-11f1-8594-eeee0a955217.OPERATION#flowable-async-job-executor-thread-15748#
[DetermineServiceCreateUpdateServiceActionsStep] Getting service instance "Loja-auth"...#
#2026 05 08 03:50:50.041#Z#INFO#196a5c01-4a91-11f1-8594-eeee0a955217.OPERATION#flowable-async-job-executor-thread-15748#
[DetermineServiceCreateUpdateServiceActionsStep] Setting service "Loja-auth" parameters from "xs-security.json"#
#2026 05 08 03:50:50.078#Z#DEBUG#196a5c01-4a91-11f1-8594-eeee0a955217.OPERATION#flowable-async-job-executor-thread-15748#
[DetermineServiceCreateUpdateServiceActionsStep] Existing service: {
  "name" : "********",
  "metadata" : {
    "guid" : "3e58e042-919f-4b73-923a-17fab92a9330",
    "createdAt" : [ 2026, 5, 7, 21, 35, 59 ],
    "updatedAt" : [ 2026, 5, 7, 21, 36 ]
  },
  "v3Metadata" : {
    "annotations" : {
      "mta_id" : "Loja",
      "mta_version" : "1.0.0",
      "mta_resource" : "********"
    },
    "labels" : {
      "mta_id" : "c66da0175bd3249e12742501e804bc39"
    }
  },
  "label" : "xsuaa",
  "plan" : "application",
  "credentials" : "********",
  "tags" : [ ],
  "type" : "managed",
  "lastOperation" : {
    "type" : "UPDATE",
    "description" : "",
    "state" : "SUCCEEDED"
  }
}#
#2026 05 08 03:50:50.078#Z#DEBUG#196a5c01-4a91-11f1-8594-eeee0a955217.OPERATION#flowable-async-job-executor-thread-15748#
[DetermineServiceCreateUpdateServiceActionsStep] Service parameters will be updated#
#2026 05 08 03:50:50.078#Z#DEBUG#196a5c01-4a91-11f1-8594-eeee0a955217.OPERATION#flowable-async-job-executor-thread-15748#
[DetermineServiceCreateUpdateServiceActionsStep] New parameters: {
  "attributes" : [ ],
  "authorities-inheritance" : "********",
  "oauth2-configuration" : "********",
  "role-templates" : [ ],
  "scopes" : [ ],
  "tenant-mode" : "dedicated",
  "xsappname" : "Loja-03462a2ftrial-dev"
}#
#2026 05 08 03:50:50.078#Z#DEBUG#196a5c01-4a91-11f1-8594-eeee0a955217.OPERATION#flowable-async-job-executor-thread-15748#
Step "Determine update actions" finished#
#2026 05 08 03:50:50.133#Z#DEBUG#196a5c01-4a91-11f1-8594-eeee0a955217.OPERATION#flowable-async-job-executor-thread-15745#
[CheckForServiceBindingOrKeyOperationStep] Executing task "CheckForServiceBindingOrKeyCreation" of process "1a502895-4a91-11f1-8594-eeee0a955217"...#
#2026 05 08 03:50:50.135#Z#DEBUG#196a5c01-4a91-11f1-8594-eeee0a955217.OPERATION#flowable-async-job-executor-thread-15745#
Step "Check for service binding or key creation" finished#
#2026 05 08 03:50:50.067#Z#DEBUG#196a5c01-4a91-11f1-8594-eeee0a955217.OPERATION#flowable-async-job-executor-thread-796#
[CheckServiceOperationStateStep] Executing task "CheckServiceOperationStateTask" of process "1a79f76e-4a91-11f1-aab3-eeee0a96db72"...#
#2026 05 08 03:50:50.138#Z#DEBUG#196a5c01-4a91-11f1-8594-eeee0a955217.OPERATION#flowable-async-job-executor-thread-796#
[CheckServiceOperationStateStep] Getting service instance "Loja-db"...#
#2026 05 08 03:50:50.255#Z#DEBUG#196a5c01-4a91-11f1-8594-eeee0a955217.OPERATION#flowable-async-job-executor-thread-796#
Step "Check for service operations in Progress" finished#
#2026 05 08 03:50:50.179#Z#DEBUG#196a5c01-4a91-11f1-8594-eeee0a955217.OPERATION#flowable-async-job-executor-thread-15743#
[UpdateServiceParametersStep] Executing task "UpdateServiceParametersTask" of process "1a502895-4a91-11f1-8594-eeee0a955217"...#
#2026 05 08 03:50:50.182#Z#INFO#196a5c01-4a91-11f1-8594-eeee0a955217.OPERATION#flowable-async-job-executor-thread-15743#
[UpdateServiceParametersStep] Updating service "Loja-auth"...#
#2026 05 08 03:50:50.187#Z#DEBUG#196a5c01-4a91-11f1-8594-eeee0a955217.OPERATION#flowable-async-job-executor-thread-15743#
[UpdateServiceParametersStep] Updating service parameters for service "Loja-auth"...#
#2026 05 08 03:50:50.275#Z#DEBUG#196a5c01-4a91-11f1-8594-eeee0a955217.OPERATION#flowable-async-job-executor-thread-15743#
[UpdateServiceParametersStep] Service "Loja-auth" updated#
#2026 05 08 03:50:50.275#Z#DEBUG#196a5c01-4a91-11f1-8594-eeee0a955217.OPERATION#flowable-async-job-executor-thread-15743#
[UpdateServiceParametersStep] Triggered service operations: {
  "Loja-auth" : "UPDATE"
}#
#2026 05 08 03:50:50.277#Z#DEBUG#196a5c01-4a91-11f1-8594-eeee0a955217.OPERATION#flowable-async-job-executor-thread-15743#
Step "Update parameters" finished#
#2026 05 08 03:50:50.301#Z#DEBUG#196a5c01-4a91-11f1-8594-eeee0a955217.OPERATION#flowable-async-job-executor-thread-797#
[DetermineServiceCreateUpdateServiceActionsStep] Executing task "DetermineServiceCreateUpdateActionsTask" of process "1a79f76e-4a91-11f1-aab3-eeee0a96db72"...#
#2026 05 08 03:50:50.305#Z#INFO#196a5c01-4a91-11f1-8594-eeee0a955217.OPERATION#flowable-async-job-executor-thread-797#
[DetermineServiceCreateUpdateServiceActionsStep] Processing service "Loja-db"...#
#2026 05 08 03:50:50.311#Z#DEBUG#196a5c01-4a91-11f1-8594-eeee0a955217.OPERATION#flowable-async-job-executor-thread-797#
[DetermineServiceCreateUpdateServiceActionsStep] Getting service instance "Loja-db"...#
#2026 05 08 03:50:50.422#Z#DEBUG#196a5c01-4a91-11f1-8594-eeee0a955217.OPERATION#flowable-async-job-executor-thread-797#
[DetermineServiceCreateUpdateServiceActionsStep] Existing service: {
  "name" : "Loja-db",
  "metadata" : {
    "guid" : "a23bff1b-91e8-488d-bcac-9e3d26ae9223",
    "createdAt" : [ 2026, 5, 7, 21, 35, 58 ],
    "updatedAt" : [ 2026, 5, 7, 21, 36 ]
  },
  "v3Metadata" : {
    "annotations" : {
      "mta_id" : "Loja",
      "mta_version" : "1.0.0",
      "mta_resource" : "{\"name\":\"Loja-db\"}"
    },
    "labels" : {
      "mta_id" : "c66da0175bd3249e12742501e804bc39"
    }
  },
  "label" : "hana",
  "plan" : "hdi-shared",
  "credentials" : "********",
  "tags" : [ ],
  "type" : "managed",
  "lastOperation" : {
    "type" : "CREATE",
    "state" : "SUCCEEDED"
  }
}#
#2026 05 08 03:50:50.422#Z#WARN#196a5c01-4a91-11f1-8594-eeee0a955217.OPERATION#flowable-async-job-executor-thread-797#
[DetermineServiceCreateUpdateServiceActionsStep] Service parameters for service "Loja-db" will not be updated, as the parameters are not defined or empty.#
#2026 05 08 03:50:50.423#Z#DEBUG#196a5c01-4a91-11f1-8594-eeee0a955217.OPERATION#flowable-async-job-executor-thread-797#
Step "Determine update actions" finished#
#2026 05 08 03:50:50.484#Z#DEBUG#196a5c01-4a91-11f1-8594-eeee0a955217.OPERATION#flowable-async-job-executor-thread-798#
[CheckForServiceBindingOrKeyOperationStep] Executing task "CheckForServiceBindingOrKeyCreation" of process "1a79f76e-4a91-11f1-aab3-eeee0a96db72"...#
#2026 05 08 03:50:50.487#Z#DEBUG#196a5c01-4a91-11f1-8594-eeee0a955217.OPERATION#flowable-async-job-executor-thread-798#
Step "Check for service binding or key creation" finished#
#2026 05 08 03:51:04.891#Z#DEBUG#196a5c01-4a91-11f1-8594-eeee0a955217.OPERATION#flowable-async-job-executor-thread-15763#
[UpdateServiceParametersStep] Executing task "UpdateServiceParametersTask" of process "1a502895-4a91-11f1-8594-eeee0a955217"...#
#2026 05 08 03:51:04.893#Z#DEBUG#196a5c01-4a91-11f1-8594-eeee0a955217.OPERATION#flowable-async-job-executor-thread-15763#
[UpdateServiceParametersStep] Polling service operations...#
#2026 05 08 03:51:04.897#Z#DEBUG#196a5c01-4a91-11f1-8594-eeee0a955217.OPERATION#flowable-async-job-executor-thread-15763#
[UpdateServiceParametersStep] Getting service instance "Loja-auth"...#
#2026 05 08 03:51:04.994#Z#DEBUG#196a5c01-4a91-11f1-8594-eeee0a955217.OPERATION#flowable-async-job-executor-thread-15763#
[UpdateServiceParametersStep] Last operation for service "Loja-auth": {
  "type" : "UPDATE",
  "description" : "",
  "state" : "SUCCEEDED"
}#
#2026 05 08 03:51:04.994#Z#DEBUG#196a5c01-4a91-11f1-8594-eeee0a955217.OPERATION#flowable-async-job-executor-thread-15763#
[UpdateServiceParametersStep] Service "Loja-auth" updated#
#2026 05 08 03:51:04.994#Z#INFO#196a5c01-4a91-11f1-8594-eeee0a955217.OPERATION#flowable-async-job-executor-thread-15763#
[UpdateServiceParametersStep] 1 of 1 done#
#2026 05 08 03:51:05.001#Z#DEBUG#196a5c01-4a91-11f1-8594-eeee0a955217.OPERATION#flowable-async-job-executor-thread-15763#
[UpdateServiceParametersStep] Remaining services to poll: [ ]#
#2026 05 08 03:51:05.003#Z#DEBUG#196a5c01-4a91-11f1-8594-eeee0a955217.OPERATION#flowable-async-job-executor-thread-15763#
Step "Update parameters" finished#
#2026 05 08 03:51:05.299#Z#DEBUG#196a5c01-4a91-11f1-8594-eeee0a955217.OPERATION#flowable-async-job-executor-thread-15763#
[PrepareModulesDeploymentStep] Executing task "prepareModulesDeploymentTask" of process "238aad1d-4a91-11f1-8594-eeee0a955217"...#
#2026 05 08 03:51:05.300#Z#DEBUG#196a5c01-4a91-11f1-8594-eeee0a955217.OPERATION#flowable-async-job-executor-thread-15763#
[PrepareModulesDeploymentStep] Preparing modules deployment...#
#2026 05 08 03:51:05.306#Z#DEBUG#196a5c01-4a91-11f1-8594-eeee0a955217.OPERATION#flowable-async-job-executor-thread-15763#
Step "Prepare Modules Deployment" finished#
#2026 05 08 03:51:05.347#Z#DEBUG#196a5c01-4a91-11f1-8594-eeee0a955217.OPERATION#flowable-async-job-executor-thread-15763#
[ComputeNextModulesStep] Executing task "computeNextModulesToDeployInParallel" of process "238aad1d-4a91-11f1-8594-eeee0a955217"...#
#2026 05 08 03:51:05.348#Z#DEBUG#196a5c01-4a91-11f1-8594-eeee0a955217.OPERATION#flowable-async-job-executor-thread-15763#
[ComputeNextModulesStep] Computing modules for next parallel iteration...#
#2026 05 08 03:51:05.351#Z#DEBUG#196a5c01-4a91-11f1-8594-eeee0a955217.OPERATION#flowable-async-job-executor-thread-15763#
[ComputeNextModulesStep] Completed modules detected: []#
#2026 05 08 03:51:05.351#Z#DEBUG#196a5c01-4a91-11f1-8594-eeee0a955217.OPERATION#flowable-async-job-executor-thread-15763#
[ComputeNextModulesStep] All modules for deploy detected: [Loja-db-deployer, Loja, Loja-srv]#
#2026 05 08 03:51:05.351#Z#DEBUG#196a5c01-4a91-11f1-8594-eeee0a955217.OPERATION#flowable-async-job-executor-thread-15763#
[ComputeNextModulesStep] Modules not for deploy detected: []#
#2026 05 08 03:51:05.352#Z#DEBUG#196a5c01-4a91-11f1-8594-eeee0a955217.OPERATION#flowable-async-job-executor-thread-15763#
[ComputeNextModulesStep] Computed modules for next parallel iteration: [ {
  "majorSchemaVersion" : 3,
  "name" : "Loja-srv",
  "type" : "javascript.nodejs",
  "path" : "Loja-srv",
  "properties" : { },
  "parameters" : {
    "app-name" : "Loja-srv",
    "buildpack" : "nodejs_buildpack",
    "default-app-name" : "Loja-srv",
    "default-host" : "03462a2ftrial-dev-loja-srv",
    "default-instances" : 1,
    "default-live-app-name" : "Loja-srv",
    "default-live-domain" : "cfapps.us10-001.hana.ondemand.com",
    "default-live-host" : "03462a2ftrial-dev-loja-srv",
    "default-live-uri" : "03462a2ftrial-dev-loja-srv.cfapps.us10-001.hana.ondemand.com",
    "default-live-url" : "https://03462a2ftrial-dev-loja-srv.cfapps.us10-001.hana.ondemand.com",
    "default-uri" : "03462a2ftrial-dev-loja-srv.cfapps.us10-001.hana.ondemand.com",
    "default-url" : "https://03462a2ftrial-dev-loja-srv.cfapps.us10-001.hana.ondemand.com",
    "dependency-type" : "soft",
    "domain" : "cfapps.us10-001.hana.ondemand.com",
    "generated-password" : "********",
    "generated-user" : "********",
    "host" : "03462a2ftrial-dev-loja-srv",
    "instances" : 1,
    "protocol" : "https"
  },
  "requiredDependencies" : [ {
    "majorSchemaVersion" : 3,
    "name" : "********",
    "properties" : { },
    "parameters" : { },
    "propertiesMetadata" : {
      "metadata" : { }
    },
    "parametersMetadata" : {
      "metadata" : { }
    }
  }, {
    "majorSchemaVersion" : 3,
    "name" : "Loja-db",
    "properties" : { },
    "parameters" : { },
    "propertiesMetadata" : {
      "metadata" : { }
    },
    "parametersMetadata" : {
      "metadata" : { }
    }
  } ],
  "providedDependencies" : [ {
    "majorSchemaVersion" : 3,
    "name" : "srv-api",
    "isPublic" : false,
    "properties" : {
      "srv-url" : "https://03462a2ftrial-dev-loja-srv.cfapps.us10-001.hana.ondemand.com"
    },
    "parameters" : { },
    "propertiesMetadata" : {
      "metadata" : { }
    },
    "parametersMetadata" : {
      "metadata" : { }
    }
  }, {
    "majorSchemaVersion" : 3,
    "name" : "Loja-srv",
    "isPublic" : false,
    "properties" : { },
    "parameters" : { },
    "propertiesMetadata" : {
      "metadata" : { }
    },
    "parametersMetadata" : {
      "metadata" : { }
    }
  } ],
  "propertiesMetadata" : {
    "metadata" : { }
  },
  "parametersMetadata" : {
    "metadata" : { }
  },
  "deployedAfter" : [ ],
  "hooks" : [ ]
}, {
  "majorSchemaVersion" : 3,
  "name" : "Loja-db-deployer",
  "type" : "com.sap.xs.hdi",
  "path" : "Loja-db-deployer",
  "properties" : {
    "EXIT" : 1
  },
  "parameters" : {
    "app-name" : "Loja-db-deployer",
    "buildpack" : "nodejs_buildpack",
    "default-app-name" : "Loja-db-deployer",
    "default-host" : "03462a2ftrial-dev-loja-db-deployer",
    "default-instances" : 1,
    "default-live-app-name" : "Loja-db-deployer",
    "default-live-domain" : "cfapps.us10-001.hana.ondemand.com",
    "default-live-host" : "03462a2ftrial-dev-loja-db-deployer",
    "default-live-uri" : "03462a2ftrial-dev-loja-db-deployer.cfapps.us10-001.hana.ondemand.com",
    "default-live-url" : "https://03462a2ftrial-dev-loja-db-deployer.cfapps.us10-001.hana.ondemand.com",
    "default-uri" : "03462a2ftrial-dev-loja-db-deployer.cfapps.us10-001.hana.ondemand.com",
    "default-url" : "https://03462a2ftrial-dev-loja-db-deployer.cfapps.us10-001.hana.ondemand.com",
    "dependency-type" : "hard",
    "domain" : "cfapps.us10-001.hana.ondemand.com",
    "generated-password" : "********",
    "generated-user" : "********",
    "host" : "03462a2ftrial-dev-loja-db-deployer",
    "instances" : 1,
    "memory" : "256M",
    "no-route" : true,
    "no-start" : true,
    "protocol" : "https",
    "tasks" : [ {
      "command" : "npm start",
      "memory" : "256M",
      "name" : "deploy"
    } ]
  },
  "requiredDependencies" : [ {
    "majorSchemaVersion" : 3,
    "name" : "Loja-db",
    "properties" : { },
    "parameters" : { },
    "propertiesMetadata" : {
      "metadata" : { }
    },
    "parametersMetadata" : {
      "metadata" : { }
    }
  } ],
  "providedDependencies" : [ {
    "majorSchemaVersion" : 3,
    "name" : "Loja-db-deployer",
    "isPublic" : false,
    "properties" : { },
    "parameters" : { },
    "propertiesMetadata" : {
      "metadata" : { }
    },
    "parametersMetadata" : {
      "metadata" : { }
    }
  } ],
  "propertiesMetadata" : {
    "metadata" : { }
  },
  "parametersMetadata" : {
    "metadata" : { }
  },
  "deployedAfter" : [ ],
  "hooks" : [ ]
}, {
  "majorSchemaVersion" : 3,
  "name" : "Loja",
  "type" : "javascript.nodejs",
  "path" : "Loja",
  "properties" : { },
  "parameters" : {
    "app-name" : "Loja",
    "default-app-name" : "Loja",
    "default-host" : "03462a2ftrial-dev-loja",
    "default-instances" : 1,
    "default-live-app-name" : "Loja",
    "default-live-domain" : "cfapps.us10-001.hana.ondemand.com",
    "default-live-host" : "03462a2ftrial-dev-loja",
    "default-live-uri" : "03462a2ftrial-dev-loja.cfapps.us10-001.hana.ondemand.com",
    "default-live-url" : "https://03462a2ftrial-dev-loja.cfapps.us10-001.hana.ondemand.com",
    "default-uri" : "03462a2ftrial-dev-loja.cfapps.us10-001.hana.ondemand.com",
    "default-url" : "https://03462a2ftrial-dev-loja.cfapps.us10-001.hana.ondemand.com",
    "dependency-type" : "soft",
    "disk-quota" : "256M",
    "domain" : "cfapps.us10-001.hana.ondemand.com",
    "generated-password" : "********",
    "generated-user" : "********",
    "host" : "03462a2ftrial-dev-loja",
    "instances" : 1,
    "keep-existing-routes" : true,
    "memory" : "256M",
    "protocol" : "https"
  },
  "requiredDependencies" : [ {
    "majorSchemaVersion" : 3,
    "name" : "srv-api",
    "group" : "destinations",
    "properties" : {
      "forwardAuthToken" : "********",
      "name" : "srv-api",
      "url" : "https://03462a2ftrial-dev-loja-srv.cfapps.us10-001.hana.ondemand.com"
    },
    "parameters" : { },
    "propertiesMetadata" : {
      "metadata" : { }
    },
    "parametersMetadata" : {
      "metadata" : { }
    }
  }, {
    "majorSchemaVersion" : 3,
    "name" : "********",
    "properties" : { },
    "parameters" : { },
    "propertiesMetadata" : {
      "metadata" : { }
    },
    "parametersMetadata" : {
      "metadata" : { }
    }
  } ],
  "providedDependencies" : [ {
    "majorSchemaVersion" : 3,
    "name" : "app-api",
    "isPublic" : false,
    "properties" : {
      "app-protocol" : "https",
      "app-uri" : "03462a2ftrial-dev-loja.cfapps.us10-001.hana.ondemand.com"
    },
    "parameters" : { },
    "propertiesMetadata" : {
      "metadata" : { }
    },
    "parametersMetadata" : {
      "metadata" : { }
    }
  }, {
    "majorSchemaVersion" : 3,
    "name" : "Loja",
    "isPublic" : false,
    "properties" : { },
    "parameters" : { },
    "propertiesMetadata" : {
      "metadata" : { }
    },
    "parametersMetadata" : {
      "metadata" : { }
    }
  } ],
  "propertiesMetadata" : {
    "metadata" : { }
  },
  "parametersMetadata" : {
    "metadata" : { }
  },
  "deployedAfter" : [ ],
  "hooks" : [ ]
} ]#
#2026 05 08 03:51:05.352#Z#DEBUG#196a5c01-4a91-11f1-8594-eeee0a955217.OPERATION#flowable-async-job-executor-thread-15763#
Step "Compute Next Modules To Deploy" finished#
#2026 05 08 03:51:05.530#Z#DEBUG#196a5c01-4a91-11f1-8594-eeee0a955217.OPERATION#flowable-async-job-executor-thread-15757#
[ProcessDescriptorStep] Executing task "reprocessDescriptorTask" of process "23ad0207-4a91-11f1-8594-eeee0a955217"...#
#2026 05 08 03:51:05.531#Z#DEBUG#196a5c01-4a91-11f1-8594-eeee0a955217.OPERATION#flowable-async-job-executor-thread-15757#
[ProcessDescriptorStep] Resolving properties and parameters in merged descriptor...#
#2026 05 08 03:51:05.534#Z#DEBUG#196a5c01-4a91-11f1-8594-eeee0a955217.OPERATION#flowable-async-job-executor-thread-15757#
[ProcessDescriptorStep] Subscriptions: [ ]#
#2026 05 08 03:51:05.541#Z#DEBUG#196a5c01-4a91-11f1-8594-eeee0a955217.OPERATION#flowable-async-job-executor-thread-15757#
[ProcessDescriptorStep] MTA modules: [Loja-db-deployer, Loja, Loja-srv]#
#2026 05 08 03:51:05.544#Z#DEBUG#196a5c01-4a91-11f1-8594-eeee0a955217.OPERATION#flowable-async-job-executor-thread-15757#
[ProcessDescriptorStep] Resolved deployment descriptor: {
  "majorSchemaVersion" : 3,
  "schemaVersion" : "3.3.0",
  "id" : "Loja",
  "version" : "1.0.0",
  "modules" : [ {
    "majorSchemaVersion" : 3,
    "name" : "Loja-srv",
    "type" : "javascript.nodejs",
    "path" : "Loja-srv",
    "properties" : { },
    "parameters" : {
      "default-url" : "https://03462a2ftrial-dev-loja-srv.cfapps.us10-001.hana.ondemand.com",
      "default-app-name" : "Loja-srv",
      "generated-password" : "********",
      "default-live-url" : "https://03462a2ftrial-dev-loja-srv.cfapps.us10-001.hana.ondemand.com",
      "default-uri" : "03462a2ftrial-dev-loja-srv.cfapps.us10-001.hana.ondemand.com",
      "default-instances" : 1,
      "default-live-host" : "03462a2ftrial-dev-loja-srv",
      "instances" : 1,
      "buildpack" : "nodejs_buildpack",
      "default-host" : "03462a2ftrial-dev-loja-srv",
      "app-name" : "Loja-srv",
      "default-live-uri" : "03462a2ftrial-dev-loja-srv.cfapps.us10-001.hana.ondemand.com",
      "protocol" : "https",
      "default-live-app-name" : "Loja-srv",
      "default-live-domain" : "cfapps.us10-001.hana.ondemand.com",
      "domain" : "cfapps.us10-001.hana.ondemand.com",
      "host" : "03462a2ftrial-dev-loja-srv",
      "generated-user" : "********"
    },
    "requiredDependencies" : [ {
      "majorSchemaVersion" : 3,
      "name" : "********",
      "properties" : { },
      "parameters" : { },
      "propertiesMetadata" : {
        "metadata" : { }
      },
      "parametersMetadata" : {
        "metadata" : { }
      }
    }, {
      "majorSchemaVersion" : 3,
      "name" : "Loja-db",
      "properties" : { },
      "parameters" : { },
      "propertiesMetadata" : {
        "metadata" : { }
      },
      "parametersMetadata" : {
        "metadata" : { }
      }
    } ],
    "providedDependencies" : [ {
      "majorSchemaVersion" : 3,
      "name" : "srv-api",
      "isPublic" : false,
      "properties" : {
        "srv-url" : "https://03462a2ftrial-dev-loja-srv.cfapps.us10-001.hana.ondemand.com"
      },
      "parameters" : { },
      "propertiesMetadata" : {
        "metadata" : { }
      },
      "parametersMetadata" : {
        "metadata" : { }
      }
    }, {
      "majorSchemaVersion" : 3,
      "name" : "Loja-srv",
      "isPublic" : false,
      "properties" : { },
      "parameters" : { },
      "propertiesMetadata" : {
        "metadata" : { }
      },
      "parametersMetadata" : {
        "metadata" : { }
      }
    } ],
    "propertiesMetadata" : {
      "metadata" : { }
    },
    "parametersMetadata" : {
      "metadata" : { }
    },
    "hooks" : [ ]
  }, {
    "majorSchemaVersion" : 3,
    "name" : "Loja-db-deployer",
    "type" : "com.sap.xs.hdi",
    "path" : "Loja-db-deployer",
    "properties" : {
      "EXIT" : 1
    },
    "parameters" : {
      "default-url" : "https://03462a2ftrial-dev-loja-db-deployer.cfapps.us10-001.hana.ondemand.com",
      "default-app-name" : "Loja-db-deployer",
      "generated-password" : "********",
      "default-live-url" : "https://03462a2ftrial-dev-loja-db-deployer.cfapps.us10-001.hana.ondemand.com",
      "default-uri" : "03462a2ftrial-dev-loja-db-deployer.cfapps.us10-001.hana.ondemand.com",
      "memory" : "256M",
      "default-instances" : 1,
      "no-route" : true,
      "default-live-host" : "03462a2ftrial-dev-loja-db-deployer",
      "instances" : 1,
      "buildpack" : "nodejs_buildpack",
      "default-host" : "03462a2ftrial-dev-loja-db-deployer",
      "app-name" : "Loja-db-deployer",
      "default-live-uri" : "03462a2ftrial-dev-loja-db-deployer.cfapps.us10-001.hana.ondemand.com",
      "protocol" : "https",
      "default-live-app-name" : "Loja-db-deployer",
      "default-live-domain" : "cfapps.us10-001.hana.ondemand.com",
      "dependency-type" : "hard",
      "domain" : "cfapps.us10-001.hana.ondemand.com",
      "host" : "03462a2ftrial-dev-loja-db-deployer",
      "generated-user" : "********",
      "tasks" : [ {
        "command" : "npm start",
        "memory" : "256M",
        "name" : "deploy"
      } ],
      "no-start" : true
    },
    "requiredDependencies" : [ {
      "majorSchemaVersion" : 3,
      "name" : "Loja-db",
      "properties" : { },
      "parameters" : { },
      "propertiesMetadata" : {
        "metadata" : { }
      },
      "parametersMetadata" : {
        "metadata" : { }
      }
    } ],
    "providedDependencies" : [ {
      "majorSchemaVersion" : 3,
      "name" : "Loja-db-deployer",
      "isPublic" : false,
      "properties" : { },
      "parameters" : { },
      "propertiesMetadata" : {
        "metadata" : { }
      },
      "parametersMetadata" : {
        "metadata" : { }
      }
    } ],
    "propertiesMetadata" : {
      "metadata" : { }
    },
    "parametersMetadata" : {
      "metadata" : { }
    },
    "hooks" : [ ]
  }, {
    "majorSchemaVersion" : 3,
    "name" : "Loja",
    "type" : "javascript.nodejs",
    "path" : "Loja",
    "properties" : { },
    "parameters" : {
      "default-url" : "https://03462a2ftrial-dev-loja.cfapps.us10-001.hana.ondemand.com",
      "default-app-name" : "Loja",
      "generated-password" : "********",
      "default-live-url" : "https://03462a2ftrial-dev-loja.cfapps.us10-001.hana.ondemand.com",
      "default-uri" : "03462a2ftrial-dev-loja.cfapps.us10-001.hana.ondemand.com",
      "memory" : "256M",
      "default-instances" : 1,
      "default-live-host" : "03462a2ftrial-dev-loja",
      "instances" : 1,
      "default-host" : "03462a2ftrial-dev-loja",
      "keep-existing-routes" : true,
      "app-name" : "Loja",
      "default-live-uri" : "03462a2ftrial-dev-loja.cfapps.us10-001.hana.ondemand.com",
      "protocol" : "https",
      "default-live-app-name" : "Loja",
      "default-live-domain" : "cfapps.us10-001.hana.ondemand.com",
      "disk-quota" : "256M",
      "domain" : "cfapps.us10-001.hana.ondemand.com",
      "host" : "03462a2ftrial-dev-loja",
      "generated-user" : "********"
    },
    "requiredDependencies" : [ {
      "majorSchemaVersion" : 3,
      "name" : "srv-api",
      "group" : "destinations",
      "properties" : {
        "name" : "srv-api",
        "forwardAuthToken" : "********",
        "url" : "https://03462a2ftrial-dev-loja-srv.cfapps.us10-001.hana.ondemand.com"
      },
      "parameters" : { },
      "propertiesMetadata" : {
        "metadata" : { }
      },
      "parametersMetadata" : {
        "metadata" : { }
      }
    }, {
      "majorSchemaVersion" : 3,
      "name" : "********",
      "properties" : { },
      "parameters" : { },
      "propertiesMetadata" : {
        "metadata" : { }
      },
      "parametersMetadata" : {
        "metadata" : { }
      }
    } ],
    "providedDependencies" : [ {
      "majorSchemaVersion" : 3,
      "name" : "app-api",
      "isPublic" : false,
      "properties" : {
        "app-protocol" : "https",
        "app-uri" : "03462a2ftrial-dev-loja.cfapps.us10-001.hana.ondemand.com"
      },
      "parameters" : { },
      "propertiesMetadata" : {
        "metadata" : { }
      },
      "parametersMetadata" : {
        "metadata" : { }
      }
    }, {
      "majorSchemaVersion" : 3,
      "name" : "Loja",
      "isPublic" : false,
      "properties" : { },
      "parameters" : { },
      "propertiesMetadata" : {
        "metadata" : { }
      },
      "parametersMetadata" : {
        "metadata" : { }
      }
    } ],
    "propertiesMetadata" : {
      "metadata" : { }
    },
    "parametersMetadata" : {
      "metadata" : { }
    },
    "hooks" : [ ]
  } ],
  "resources" : [ {
    "majorSchemaVersion" : 3,
    "name" : "********",
    "type" : "org.cloudfoundry.managed-service",
    "properties" : { },
    "parameters" : {
      "generated-password" : "********",
      "path" : "./xs-security.json",
      "service-name" : "********",
      "service-plan" : "application",
      "service" : "xsuaa",
      "generated-user" : "********",
      "default-xsappname" : "********",
      "type" : "managed-service",
      "config" : {
        "oauth2-configuration" : "********",
        "tenant-mode" : "dedicated",
        "xsappname" : "Loja-03462a2ftrial-dev"
      },
      "default-service-name" : "********",
      "default-container-name" : "********"
    },
    "isActive" : true,
    "isOptional" : false,
    "propertiesMetadata" : {
      "metadata" : { }
    },
    "parametersMetadata" : {
      "metadata" : { }
    },
    "requiredDependencies" : [ {
      "majorSchemaVersion" : 3,
      "name" : "app-api",
      "properties" : { },
      "parameters" : { },
      "propertiesMetadata" : {
        "metadata" : { }
      },
      "parametersMetadata" : {
        "metadata" : { }
      }
    } ],
    "processedAfter" : [ ]
  }, {
    "majorSchemaVersion" : 3,
    "name" : "Loja-db",
    "type" : "com.sap.xs.hdi-container",
    "properties" : { },
    "parameters" : {
      "generated-password" : "********",
      "service-name" : "Loja-db",
      "service-plan" : "hdi-shared",
      "service" : "hana",
      "generated-user" : "********",
      "default-xsappname" : "Loja-db",
      "type" : "managed-service",
      "default-service-name" : "Loja-db",
      "default-container-name" : "03462A2FTRIAL_DEV_LOJA_DB"
    },
    "isActive" : true,
    "isOptional" : false,
    "propertiesMetadata" : {
      "metadata" : { }
    },
    "parametersMetadata" : {
      "metadata" : { }
    },
    "requiredDependencies" : [ ],
    "processedAfter" : [ ]
  } ],
  "parameters" : {
    "mta-id" : "Loja",
    "authorization-url" : "********",
    "org-guid" : "04493104-1ac5-4d04-8e0e-f1ae4b500c3a",
    "org" : "03462a2ftrial",
    "deploy-target" : "03462a2ftrial dev",
    "enable-parallel-deployments" : true,
    "region-primary-domain" : "us10.hana.ondemand.com",
    "space" : "dev",
    "region-domain" : "us10-001.hana.ondemand.com",
    "xs-api-url" : "https://api.cf.us10-001.hana.ondemand.com",
    "deploy-url" : "deploy-service.cfapps.us10-001.hana.ondemand.com",
    "xs-type" : "CF",
    "default-domain" : "cfapps.us10-001.hana.ondemand.com",
    "mta-version" : "1.0.0",
    "xs-auth-url" : "********",
    "space-guid" : "3ae7c67b-9057-463c-933e-5dffbfe90d90",
    "user" : "********",
    "controller-url" : "https://api.cf.us10-001.hana.ondemand.com",
    "timestamp" : "20260508035048"
  },
  "parametersMetadata" : {
    "metadata" : { }
  }
}#
#2026 05 08 03:51:05.544#Z#DEBUG#196a5c01-4a91-11f1-8594-eeee0a955217.OPERATION#flowable-async-job-executor-thread-15757#
[ProcessDescriptorStep] Merged descriptor properties and parameters resolved#
#2026 05 08 03:51:05.544#Z#DEBUG#196a5c01-4a91-11f1-8594-eeee0a955217.OPERATION#flowable-async-job-executor-thread-15757#
Step "Re-Process Descriptor Step" finished#
#2026 05 08 03:51:05.583#Z#DEBUG#196a5c01-4a91-11f1-8594-eeee0a955217.OPERATION#flowable-async-job-executor-thread-15757#
[BuildApplicationDeployModelStep] Executing task "buildApplicationDeployModelTask" of process "23ad0207-4a91-11f1-8594-eeee0a955217"...#
#2026 05 08 03:51:05.586#Z#DEBUG#196a5c01-4a91-11f1-8594-eeee0a955217.OPERATION#flowable-async-job-executor-thread-15757#
[BuildApplicationDeployModelStep] Building cloud deployment model for application "Loja-db-deployer"...#
#2026 05 08 03:51:05.593#Z#DEBUG#196a5c01-4a91-11f1-8594-eeee0a955217.OPERATION#flowable-async-job-executor-thread-15757#
[BuildApplicationDeployModelStep] No health-check-type is specified. Setting default type: port#
#2026 05 08 03:51:05.593#Z#INFO#196a5c01-4a91-11f1-8594-eeee0a955217.OPERATION#flowable-async-job-executor-thread-15757#
[BuildApplicationDeployModelStep] Building configuration entries for org 03462a2ftrial, space dev, spaceId 3ae7c67b-9057-463c-933e-5dffbfe90d90 and namespace null!#
#2026 05 08 03:51:05.594#Z#DEBUG#196a5c01-4a91-11f1-8594-eeee0a955217.OPERATION#flowable-async-job-executor-thread-15757#
[BuildApplicationDeployModelStep] Configuration entries to publish: [ ]#
#2026 05 08 03:51:05.594#Z#DEBUG#196a5c01-4a91-11f1-8594-eeee0a955217.OPERATION#flowable-async-job-executor-thread-15757#
[BuildApplicationDeployModelStep] Cloud deployment model for application built#
#2026 05 08 03:51:05.594#Z#DEBUG#196a5c01-4a91-11f1-8594-eeee0a955217.OPERATION#flowable-async-job-executor-thread-15757#
Step "Build Application Deploy Model" finished#
#2026 05 08 03:51:05.639#Z#DEBUG#196a5c01-4a91-11f1-8594-eeee0a955217.OPERATION#flowable-async-job-executor-thread-15757#
[CreateOrUpdateAppStep] Executing task "createAppTask" of process "23ad0207-4a91-11f1-8594-eeee0a955217"...#
#2026 05 08 03:51:05.641#Z#DEBUG#196a5c01-4a91-11f1-8594-eeee0a955217.OPERATION#flowable-async-job-executor-thread-15757#
[CreateOrUpdateAppStep] Getting application "Loja-db-deployer"...#
#2026 05 08 03:51:05.679#Z#INFO#196a5c01-4a91-11f1-8594-eeee0a955217.OPERATION#flowable-async-job-executor-thread-15757#
[CreateOrUpdateAppStep] Updating application "Loja-db-deployer"...#
#2026 05 08 03:51:05.687#Z#DEBUG#196a5c01-4a91-11f1-8594-eeee0a955217.OPERATION#flowable-async-job-executor-thread-15757#
[CreateOrUpdateAppStep] Getting process for application "540913b5-ee82-43db-a33d-eb5577322406"...#
#2026 05 08 03:51:05.724#Z#DEBUG#196a5c01-4a91-11f1-8594-eeee0a955217.OPERATION#flowable-async-job-executor-thread-15757#
[CreateOrUpdateAppStep] Getting routes for application "540913b5-ee82-43db-a33d-eb5577322406"...#
#2026 05 08 03:51:05.760#Z#DEBUG#196a5c01-4a91-11f1-8594-eeee0a955217.OPERATION#flowable-async-job-executor-thread-15757#
[CreateOrUpdateAppStep] Getting features for application "540913b5-ee82-43db-a33d-eb5577322406"#
#2026 05 08 03:51:05.790#Z#DEBUG#196a5c01-4a91-11f1-8594-eeee0a955217.OPERATION#flowable-async-job-executor-thread-15757#
[CreateOrUpdateAppStep] Updating staging of application "Loja-db-deployer" to: {
  "isReadinessHealthCheckEnabled" : true,
  "buildpacks" : [ "nodejs_buildpack" ],
  "healthCheckType" : "port",
  "appFeatures" : { }
}#
#2026 05 08 03:51:05.976#Z#DEBUG#196a5c01-4a91-11f1-8594-eeee0a955217.OPERATION#flowable-async-job-executor-thread-15757#
[CreateOrUpdateAppStep] Application "Loja-db-deployer" updated#
#2026 05 08 03:51:05.976#Z#DEBUG#196a5c01-4a91-11f1-8594-eeee0a955217.OPERATION#flowable-async-job-executor-thread-15757#
[CreateOrUpdateAppStep] Getting environment of application "540913b5-ee82-43db-a33d-eb5577322406"...#
#2026 05 08 03:51:06.043#Z#DEBUG#196a5c01-4a91-11f1-8594-eeee0a955217.OPERATION#flowable-async-job-executor-thread-15757#
[CreateOrUpdateAppStep] Application "Loja-db-deployer" updated#
#2026 05 08 03:51:06.043#Z#DEBUG#196a5c01-4a91-11f1-8594-eeee0a955217.OPERATION#flowable-async-job-executor-thread-15757#
Step "Create App" finished#
#2026 05 08 03:51:06.158#Z#DEBUG#196a5c01-4a91-11f1-8594-eeee0a955217.OPERATION#flowable-async-job-executor-thread-15757#
[CheckServiceBindingOperationStep] Executing task "checkForServiceBindingOperationInProgress" of process "24127a1e-4a91-11f1-8594-eeee0a955217"...#
#2026 05 08 03:51:06.159#Z#DEBUG#196a5c01-4a91-11f1-8594-eeee0a955217.OPERATION#flowable-async-job-executor-thread-15757#
[CheckServiceBindingOperationStep] Checking for service binding operation in progress between app "Loja-db-deployer" and service instance "Loja-db"#
#2026 05 08 03:51:06.160#Z#DEBUG#196a5c01-4a91-11f1-8594-eeee0a955217.OPERATION#flowable-async-job-executor-thread-15757#
[CheckServiceBindingOperationStep] Getting application guid "Loja-db-deployer"...#
#2026 05 08 03:51:06.200#Z#DEBUG#196a5c01-4a91-11f1-8594-eeee0a955217.OPERATION#flowable-async-job-executor-thread-15757#
[CheckServiceBindingOperationStep] Getting GUID of required service instance "Loja-db"...#
#2026 05 08 03:51:06.232#Z#DEBUG#196a5c01-4a91-11f1-8594-eeee0a955217.OPERATION#flowable-async-job-executor-thread-15757#
[CheckServiceBindingOperationStep] Getting binding of service instance "a23bff1b-91e8-488d-bcac-9e3d26ae9223" with application "540913b5-ee82-43db-a33d-eb5577322406"...#
#2026 05 08 03:51:06.265#Z#DEBUG#196a5c01-4a91-11f1-8594-eeee0a955217.OPERATION#flowable-async-job-executor-thread-15757#
[CheckServiceBindingOperationStep] Service binding operation "0501f02c-88b6-4e6e-8c2c-bf63ac216326" with type "create" is in state "succeeded"#
#2026 05 08 03:51:06.265#Z#DEBUG#196a5c01-4a91-11f1-8594-eeee0a955217.OPERATION#flowable-async-job-executor-thread-15757#
Step "Check For Service Binding Operation In Progress" finished#
#2026 05 08 03:51:06.302#Z#DEBUG#196a5c01-4a91-11f1-8594-eeee0a955217.OPERATION#flowable-async-job-executor-thread-15757#
[DetermineApplicationServiceBindingActionsStep] Executing task "determineApplicationServiceBindingActionsTask" of process "24127a1e-4a91-11f1-8594-eeee0a955217"...#
#2026 05 08 03:51:06.304#Z#DEBUG#196a5c01-4a91-11f1-8594-eeee0a955217.OPERATION#flowable-async-job-executor-thread-15757#
[DetermineApplicationServiceBindingActionsStep] Determine bind/unbind operations of application "Loja-db-deployer" to service instance "Loja-db"#
#2026 05 08 03:51:06.304#Z#DEBUG#196a5c01-4a91-11f1-8594-eeee0a955217.OPERATION#flowable-async-job-executor-thread-15757#
[DetermineApplicationServiceBindingActionsStep] Getting application "Loja-db-deployer"...#
#2026 05 08 03:51:06.347#Z#DEBUG#196a5c01-4a91-11f1-8594-eeee0a955217.OPERATION#flowable-async-job-executor-thread-15757#
[DetermineApplicationServiceBindingActionsStep] Binding parameters for application "Loja-db-deployer": { }#
#2026 05 08 03:51:06.383#Z#DEBUG#196a5c01-4a91-11f1-8594-eeee0a955217.OPERATION#flowable-async-job-executor-thread-15757#
[DetermineApplicationServiceBindingActionsStep] Check should rebind application "Loja-db-deployer" and service instance "Loja-db"#
#2026 05 08 03:51:06.383#Z#DEBUG#196a5c01-4a91-11f1-8594-eeee0a955217.OPERATION#flowable-async-job-executor-thread-15757#
[DetermineApplicationServiceBindingActionsStep] Getting GUID of required service instance "Loja-db"...#
#2026 05 08 03:51:06.414#Z#DEBUG#196a5c01-4a91-11f1-8594-eeee0a955217.OPERATION#flowable-async-job-executor-thread-15757#
[DetermineApplicationServiceBindingActionsStep] Getting binding of service instance "a23bff1b-91e8-488d-bcac-9e3d26ae9223" with application "540913b5-ee82-43db-a33d-eb5577322406"...#
#2026 05 08 03:51:06.445#Z#DEBUG#196a5c01-4a91-11f1-8594-eeee0a955217.OPERATION#flowable-async-job-executor-thread-15757#
[DetermineApplicationServiceBindingActionsStep] Getting parameters of service binding "0501f02c-88b6-4e6e-8c2c-bf63ac216326"...#
#2026 05 08 03:51:06.650#Z#INFO#196a5c01-4a91-11f1-8594-eeee0a955217.OPERATION#flowable-async-job-executor-thread-15757#
[DetermineApplicationServiceBindingActionsStep] Service instance "Loja-db" will not be rebound to application "Loja-db-deployer" because the binding parameters are not modified#
#2026 05 08 03:51:06.656#Z#DEBUG#196a5c01-4a91-11f1-8594-eeee0a955217.OPERATION#flowable-async-job-executor-thread-15757#
[DetermineApplicationServiceBindingActionsStep] Calculated binding operations between application "Loja-db-deployer" and service instance "Loja-db": unbind - false bind - false#
#2026 05 08 03:51:06.656#Z#DEBUG#196a5c01-4a91-11f1-8594-eeee0a955217.OPERATION#flowable-async-job-executor-thread-15757#
Step "Determine Application Service Binding Actions" finished#
#2026 05 08 03:51:06.792#Z#DEBUG#196a5c01-4a91-11f1-8594-eeee0a955217.OPERATION#flowable-async-job-executor-thread-15757#
[DetermineVcapServicesPropertiesChangedStep] Executing task "determineVcapServicesPropertiesChangedTask" of process "24724d78-4a91-11f1-8594-eeee0a955217"...#
#2026 05 08 03:51:06.794#Z#DEBUG#196a5c01-4a91-11f1-8594-eeee0a955217.OPERATION#flowable-async-job-executor-thread-15757#
[DetermineVcapServicesPropertiesChangedStep] VCAP_SERVICES properties for application "Loja-db-deployer" changed: false#
#2026 05 08 03:51:06.794#Z#DEBUG#196a5c01-4a91-11f1-8594-eeee0a955217.OPERATION#flowable-async-job-executor-thread-15757#
Step "Determine vcap services properties changed" finished#
#2026 05 08 03:51:06.831#Z#DEBUG#196a5c01-4a91-11f1-8594-eeee0a955217.OPERATION#flowable-async-job-executor-thread-15757#
[UploadAppStep] Executing task "uploadAppTask" of process "24724d78-4a91-11f1-8594-eeee0a955217"...#
#2026 05 08 03:51:06.833#Z#DEBUG#196a5c01-4a91-11f1-8594-eeee0a955217.OPERATION#flowable-async-job-executor-thread-15757#
[UploadAppStep] Application upload timeout is default one: 3,600 seconds#
#2026 05 08 03:51:06.833#Z#INFO#196a5c01-4a91-11f1-8594-eeee0a955217.OPERATION#flowable-async-job-executor-thread-15757#
[UploadAppStep] Uploading application "Loja-db-deployer"...#
#2026 05 08 03:51:06.842#Z#DEBUG#196a5c01-4a91-11f1-8594-eeee0a955217.OPERATION#flowable-async-job-executor-thread-15757#
[UploadAppStep] Getting application "Loja-db-deployer"...#
#2026 05 08 03:51:06.881#Z#DEBUG#196a5c01-4a91-11f1-8594-eeee0a955217.OPERATION#flowable-async-job-executor-thread-15757#
[UploadAppStep] Getting environment of application "540913b5-ee82-43db-a33d-eb5577322406"...#
#2026 05 08 03:51:06.912#Z#INFO#196a5c01-4a91-11f1-8594-eeee0a955217.OPERATION#flowable-async-job-executor-thread-15757#
[UploadAppStep] Calculating application digest: "Loja-db-deployer"#
#2026 05 08 03:51:07.035#Z#DEBUG#196a5c01-4a91-11f1-8594-eeee0a955217.OPERATION#flowable-async-job-executor-thread-15757#
Step "Upload App" finished#
#2026 05 08 03:51:07.771#Z#DEBUG#196a5c01-4a91-11f1-8594-eeee0a955217.OPERATION#flowable-async-job-executor-thread-16194#
[ProcessDescriptorStep] Executing task "reprocessDescriptorTask" of process "25036abb-4a91-11f1-be89-eeee0a8b5731"...#
#2026 05 08 03:51:07.772#Z#DEBUG#196a5c01-4a91-11f1-8594-eeee0a955217.OPERATION#flowable-async-job-executor-thread-16194#
[ProcessDescriptorStep] Resolving properties and parameters in merged descriptor...#
#2026 05 08 03:51:07.776#Z#DEBUG#196a5c01-4a91-11f1-8594-eeee0a955217.OPERATION#flowable-async-job-executor-thread-16194#
[ProcessDescriptorStep] Subscriptions: [ ]#
#2026 05 08 03:51:07.785#Z#DEBUG#196a5c01-4a91-11f1-8594-eeee0a955217.OPERATION#flowable-async-job-executor-thread-16194#
[ProcessDescriptorStep] MTA modules: [Loja-db-deployer, Loja, Loja-srv]#
#2026 05 08 03:51:07.789#Z#DEBUG#196a5c01-4a91-11f1-8594-eeee0a955217.OPERATION#flowable-async-job-executor-thread-16194#
[ProcessDescriptorStep] Resolved deployment descriptor: {
  "majorSchemaVersion" : 3,
  "schemaVersion" : "3.3.0",
  "id" : "Loja",
  "version" : "1.0.0",
  "modules" : [ {
    "majorSchemaVersion" : 3,
    "name" : "Loja-srv",
    "type" : "javascript.nodejs",
    "path" : "Loja-srv",
    "properties" : { },
    "parameters" : {
      "default-url" : "https://03462a2ftrial-dev-loja-srv.cfapps.us10-001.hana.ondemand.com",
      "default-app-name" : "Loja-srv",
      "generated-password" : "********",
      "default-live-url" : "https://03462a2ftrial-dev-loja-srv.cfapps.us10-001.hana.ondemand.com",
      "default-uri" : "03462a2ftrial-dev-loja-srv.cfapps.us10-001.hana.ondemand.com",
      "default-instances" : 1,
      "default-live-host" : "03462a2ftrial-dev-loja-srv",
      "instances" : 1,
      "buildpack" : "nodejs_buildpack",
      "default-host" : "03462a2ftrial-dev-loja-srv",
      "app-name" : "Loja-srv",
      "default-live-uri" : "03462a2ftrial-dev-loja-srv.cfapps.us10-001.hana.ondemand.com",
      "protocol" : "https",
      "default-live-app-name" : "Loja-srv",
      "default-live-domain" : "cfapps.us10-001.hana.ondemand.com",
      "domain" : "cfapps.us10-001.hana.ondemand.com",
      "host" : "03462a2ftrial-dev-loja-srv",
      "generated-user" : "********"
    },
    "requiredDependencies" : [ {
      "majorSchemaVersion" : 3,
      "name" : "********",
      "properties" : { },
      "parameters" : { },
      "propertiesMetadata" : {
        "metadata" : { }
      },
      "parametersMetadata" : {
        "metadata" : { }
      }
    }, {
      "majorSchemaVersion" : 3,
      "name" : "Loja-db",
      "properties" : { },
      "parameters" : { },
      "propertiesMetadata" : {
        "metadata" : { }
      },
      "parametersMetadata" : {
        "metadata" : { }
      }
    } ],
    "providedDependencies" : [ {
      "majorSchemaVersion" : 3,
      "name" : "srv-api",
      "isPublic" : false,
      "properties" : {
        "srv-url" : "https://03462a2ftrial-dev-loja-srv.cfapps.us10-001.hana.ondemand.com"
      },
      "parameters" : { },
      "propertiesMetadata" : {
        "metadata" : { }
      },
      "parametersMetadata" : {
        "metadata" : { }
      }
    }, {
      "majorSchemaVersion" : 3,
      "name" : "Loja-srv",
      "isPublic" : false,
      "properties" : { },
      "parameters" : { },
      "propertiesMetadata" : {
        "metadata" : { }
      },
      "parametersMetadata" : {
        "metadata" : { }
      }
    } ],
    "propertiesMetadata" : {
      "metadata" : { }
    },
    "parametersMetadata" : {
      "metadata" : { }
    },
    "hooks" : [ ]
  }, {
    "majorSchemaVersion" : 3,
    "name" : "Loja-db-deployer",
    "type" : "com.sap.xs.hdi",
    "path" : "Loja-db-deployer",
    "properties" : {
      "EXIT" : 1
    },
    "parameters" : {
      "default-url" : "https://03462a2ftrial-dev-loja-db-deployer.cfapps.us10-001.hana.ondemand.com",
      "default-app-name" : "Loja-db-deployer",
      "generated-password" : "********",
      "default-live-url" : "https://03462a2ftrial-dev-loja-db-deployer.cfapps.us10-001.hana.ondemand.com",
      "default-uri" : "03462a2ftrial-dev-loja-db-deployer.cfapps.us10-001.hana.ondemand.com",
      "memory" : "256M",
      "default-instances" : 1,
      "no-route" : true,
      "default-live-host" : "03462a2ftrial-dev-loja-db-deployer",
      "instances" : 1,
      "buildpack" : "nodejs_buildpack",
      "default-host" : "03462a2ftrial-dev-loja-db-deployer",
      "app-name" : "Loja-db-deployer",
      "default-live-uri" : "03462a2ftrial-dev-loja-db-deployer.cfapps.us10-001.hana.ondemand.com",
      "protocol" : "https",
      "default-live-app-name" : "Loja-db-deployer",
      "default-live-domain" : "cfapps.us10-001.hana.ondemand.com",
      "dependency-type" : "hard",
      "domain" : "cfapps.us10-001.hana.ondemand.com",
      "host" : "03462a2ftrial-dev-loja-db-deployer",
      "generated-user" : "********",
      "tasks" : [ {
        "command" : "npm start",
        "memory" : "256M",
        "name" : "deploy"
      } ],
      "no-start" : true
    },
    "requiredDependencies" : [ {
      "majorSchemaVersion" : 3,
      "name" : "Loja-db",
      "properties" : { },
      "parameters" : { },
      "propertiesMetadata" : {
        "metadata" : { }
      },
      "parametersMetadata" : {
        "metadata" : { }
      }
    } ],
    "providedDependencies" : [ {
      "majorSchemaVersion" : 3,
      "name" : "Loja-db-deployer",
      "isPublic" : false,
      "properties" : { },
      "parameters" : { },
      "propertiesMetadata" : {
        "metadata" : { }
      },
      "parametersMetadata" : {
        "metadata" : { }
      }
    } ],
    "propertiesMetadata" : {
      "metadata" : { }
    },
    "parametersMetadata" : {
      "metadata" : { }
    },
    "hooks" : [ ]
  }, {
    "majorSchemaVersion" : 3,
    "name" : "Loja",
    "type" : "javascript.nodejs",
    "path" : "Loja",
    "properties" : { },
    "parameters" : {
      "default-url" : "https://03462a2ftrial-dev-loja.cfapps.us10-001.hana.ondemand.com",
      "default-app-name" : "Loja",
      "generated-password" : "********",
      "default-live-url" : "https://03462a2ftrial-dev-loja.cfapps.us10-001.hana.ondemand.com",
      "default-uri" : "03462a2ftrial-dev-loja.cfapps.us10-001.hana.ondemand.com",
      "memory" : "256M",
      "default-instances" : 1,
      "default-live-host" : "03462a2ftrial-dev-loja",
      "instances" : 1,
      "default-host" : "03462a2ftrial-dev-loja",
      "keep-existing-routes" : true,
      "app-name" : "Loja",
      "default-live-uri" : "03462a2ftrial-dev-loja.cfapps.us10-001.hana.ondemand.com",
      "protocol" : "https",
      "default-live-app-name" : "Loja",
      "default-live-domain" : "cfapps.us10-001.hana.ondemand.com",
      "disk-quota" : "256M",
      "domain" : "cfapps.us10-001.hana.ondemand.com",
      "host" : "03462a2ftrial-dev-loja",
      "generated-user" : "********"
    },
    "requiredDependencies" : [ {
      "majorSchemaVersion" : 3,
      "name" : "srv-api",
      "group" : "destinations",
      "properties" : {
        "name" : "srv-api",
        "forwardAuthToken" : "********",
        "url" : "https://03462a2ftrial-dev-loja-srv.cfapps.us10-001.hana.ondemand.com"
      },
      "parameters" : { },
      "propertiesMetadata" : {
        "metadata" : { }
      },
      "parametersMetadata" : {
        "metadata" : { }
      }
    }, {
      "majorSchemaVersion" : 3,
      "name" : "********",
      "properties" : { },
      "parameters" : { },
      "propertiesMetadata" : {
        "metadata" : { }
      },
      "parametersMetadata" : {
        "metadata" : { }
      }
    } ],
    "providedDependencies" : [ {
      "majorSchemaVersion" : 3,
      "name" : "app-api",
      "isPublic" : false,
      "properties" : {
        "app-protocol" : "https",
        "app-uri" : "03462a2ftrial-dev-loja.cfapps.us10-001.hana.ondemand.com"
      },
      "parameters" : { },
      "propertiesMetadata" : {
        "metadata" : { }
      },
      "parametersMetadata" : {
        "metadata" : { }
      }
    }, {
      "majorSchemaVersion" : 3,
      "name" : "Loja",
      "isPublic" : false,
      "properties" : { },
      "parameters" : { },
      "propertiesMetadata" : {
        "metadata" : { }
      },
      "parametersMetadata" : {
        "metadata" : { }
      }
    } ],
    "propertiesMetadata" : {
      "metadata" : { }
    },
    "parametersMetadata" : {
      "metadata" : { }
    },
    "hooks" : [ ]
  } ],
  "resources" : [ {
    "majorSchemaVersion" : 3,
    "name" : "********",
    "type" : "org.cloudfoundry.managed-service",
    "properties" : { },
    "parameters" : {
      "generated-password" : "********",
      "path" : "./xs-security.json",
      "service-name" : "********",
      "service-plan" : "application",
      "service" : "xsuaa",
      "generated-user" : "********",
      "default-xsappname" : "********",
      "type" : "managed-service",
      "config" : {
        "oauth2-configuration" : "********",
        "tenant-mode" : "dedicated",
        "xsappname" : "Loja-03462a2ftrial-dev"
      },
      "default-service-name" : "********",
      "default-container-name" : "********"
    },
    "isActive" : true,
    "isOptional" : false,
    "propertiesMetadata" : {
      "metadata" : { }
    },
    "parametersMetadata" : {
      "metadata" : { }
    },
    "requiredDependencies" : [ {
      "majorSchemaVersion" : 3,
      "name" : "app-api",
      "properties" : { },
      "parameters" : { },
      "propertiesMetadata" : {
        "metadata" : { }
      },
      "parametersMetadata" : {
        "metadata" : { }
      }
    } ],
    "processedAfter" : [ ]
  }, {
    "majorSchemaVersion" : 3,
    "name" : "Loja-db",
    "type" : "com.sap.xs.hdi-container",
    "properties" : { },
    "parameters" : {
      "generated-password" : "********",
      "service-name" : "Loja-db",
      "service-plan" : "hdi-shared",
      "service" : "hana",
      "generated-user" : "********",
      "default-xsappname" : "Loja-db",
      "type" : "managed-service",
      "default-service-name" : "Loja-db",
      "default-container-name" : "03462A2FTRIAL_DEV_LOJA_DB"
    },
    "isActive" : true,
    "isOptional" : false,
    "propertiesMetadata" : {
      "metadata" : { }
    },
    "parametersMetadata" : {
      "metadata" : { }
    },
    "requiredDependencies" : [ ],
    "processedAfter" : [ ]
  } ],
  "parameters" : {
    "mta-id" : "Loja",
    "authorization-url" : "********",
    "org-guid" : "04493104-1ac5-4d04-8e0e-f1ae4b500c3a",
    "org" : "03462a2ftrial",
    "deploy-target" : "03462a2ftrial dev",
    "enable-parallel-deployments" : true,
    "region-primary-domain" : "us10.hana.ondemand.com",
    "space" : "dev",
    "region-domain" : "us10-001.hana.ondemand.com",
    "xs-api-url" : "https://api.cf.us10-001.hana.ondemand.com",
    "deploy-url" : "deploy-service.cfapps.us10-001.hana.ondemand.com",
    "xs-type" : "CF",
    "default-domain" : "cfapps.us10-001.hana.ondemand.com",
    "mta-version" : "1.0.0",
    "xs-auth-url" : "********",
    "space-guid" : "3ae7c67b-9057-463c-933e-5dffbfe90d90",
    "user" : "********",
    "controller-url" : "https://api.cf.us10-001.hana.ondemand.com",
    "timestamp" : "20260508035048"
  },
  "parametersMetadata" : {
    "metadata" : { }
  }
}#
#2026 05 08 03:51:07.789#Z#DEBUG#196a5c01-4a91-11f1-8594-eeee0a955217.OPERATION#flowable-async-job-executor-thread-16194#
[ProcessDescriptorStep] Merged descriptor properties and parameters resolved#
#2026 05 08 03:51:07.789#Z#DEBUG#196a5c01-4a91-11f1-8594-eeee0a955217.OPERATION#flowable-async-job-executor-thread-16194#
Step "Re-Process Descriptor Step" finished#
#2026 05 08 03:51:07.832#Z#DEBUG#196a5c01-4a91-11f1-8594-eeee0a955217.OPERATION#flowable-async-job-executor-thread-16195#
[BuildApplicationDeployModelStep] Executing task "buildApplicationDeployModelTask" of process "25036abb-4a91-11f1-be89-eeee0a8b5731"...#
#2026 05 08 03:51:07.836#Z#DEBUG#196a5c01-4a91-11f1-8594-eeee0a955217.OPERATION#flowable-async-job-executor-thread-16195#
[BuildApplicationDeployModelStep] Building cloud deployment model for application "Loja-srv"...#
#2026 05 08 03:51:07.843#Z#DEBUG#196a5c01-4a91-11f1-8594-eeee0a955217.OPERATION#flowable-async-job-executor-thread-16195#
[BuildApplicationDeployModelStep] No health-check-type is specified. Setting default type: port#
#2026 05 08 03:51:07.844#Z#INFO#196a5c01-4a91-11f1-8594-eeee0a955217.OPERATION#flowable-async-job-executor-thread-16195#
[BuildApplicationDeployModelStep] Building configuration entries for org 03462a2ftrial, space dev, spaceId 3ae7c67b-9057-463c-933e-5dffbfe90d90 and namespace null!#
#2026 05 08 03:51:07.845#Z#DEBUG#196a5c01-4a91-11f1-8594-eeee0a955217.OPERATION#flowable-async-job-executor-thread-16195#
[BuildApplicationDeployModelStep] Configuration entries to publish: [ ]#
#2026 05 08 03:51:07.845#Z#DEBUG#196a5c01-4a91-11f1-8594-eeee0a955217.OPERATION#flowable-async-job-executor-thread-16195#
[BuildApplicationDeployModelStep] Cloud deployment model for application built#
#2026 05 08 03:51:07.845#Z#DEBUG#196a5c01-4a91-11f1-8594-eeee0a955217.OPERATION#flowable-async-job-executor-thread-16195#
Step "Build Application Deploy Model" finished#
#2026 05 08 03:51:08.185#Z#DEBUG#196a5c01-4a91-11f1-8594-eeee0a955217.OPERATION#flowable-async-job-executor-thread-807#
[ProcessDescriptorStep] Executing task "reprocessDescriptorTask" of process "25409a54-4a91-11f1-aab3-eeee0a96db72"...#
#2026 05 08 03:51:08.186#Z#DEBUG#196a5c01-4a91-11f1-8594-eeee0a955217.OPERATION#flowable-async-job-executor-thread-807#
[ProcessDescriptorStep] Resolving properties and parameters in merged descriptor...#
#2026 05 08 03:51:08.191#Z#DEBUG#196a5c01-4a91-11f1-8594-eeee0a955217.OPERATION#flowable-async-job-executor-thread-807#
[ProcessDescriptorStep] Subscriptions: [ ]#
#2026 05 08 03:51:08.201#Z#DEBUG#196a5c01-4a91-11f1-8594-eeee0a955217.OPERATION#flowable-async-job-executor-thread-807#
[ProcessDescriptorStep] MTA modules: [Loja-db-deployer, Loja, Loja-srv]#
#2026 05 08 03:51:08.206#Z#DEBUG#196a5c01-4a91-11f1-8594-eeee0a955217.OPERATION#flowable-async-job-executor-thread-807#
[ProcessDescriptorStep] Resolved deployment descriptor: {
  "majorSchemaVersion" : 3,
  "schemaVersion" : "3.3.0",
  "id" : "Loja",
  "version" : "1.0.0",
  "modules" : [ {
    "majorSchemaVersion" : 3,
    "name" : "Loja-srv",
    "type" : "javascript.nodejs",
    "path" : "Loja-srv",
    "properties" : { },
    "parameters" : {
      "default-url" : "https://03462a2ftrial-dev-loja-srv.cfapps.us10-001.hana.ondemand.com",
      "default-app-name" : "Loja-srv",
      "generated-password" : "********",
      "default-live-url" : "https://03462a2ftrial-dev-loja-srv.cfapps.us10-001.hana.ondemand.com",
      "default-uri" : "03462a2ftrial-dev-loja-srv.cfapps.us10-001.hana.ondemand.com",
      "default-instances" : 1,
      "default-live-host" : "03462a2ftrial-dev-loja-srv",
      "instances" : 1,
      "buildpack" : "nodejs_buildpack",
      "default-host" : "03462a2ftrial-dev-loja-srv",
      "app-name" : "Loja-srv",
      "default-live-uri" : "03462a2ftrial-dev-loja-srv.cfapps.us10-001.hana.ondemand.com",
      "protocol" : "https",
      "default-live-app-name" : "Loja-srv",
      "default-live-domain" : "cfapps.us10-001.hana.ondemand.com",
      "domain" : "cfapps.us10-001.hana.ondemand.com",
      "host" : "03462a2ftrial-dev-loja-srv",
      "generated-user" : "********"
    },
    "requiredDependencies" : [ {
      "majorSchemaVersion" : 3,
      "name" : "********",
      "properties" : { },
      "parameters" : { },
      "propertiesMetadata" : {
        "metadata" : { }
      },
      "parametersMetadata" : {
        "metadata" : { }
      }
    }, {
      "majorSchemaVersion" : 3,
      "name" : "Loja-db",
      "properties" : { },
      "parameters" : { },
      "propertiesMetadata" : {
        "metadata" : { }
      },
      "parametersMetadata" : {
        "metadata" : { }
      }
    } ],
    "providedDependencies" : [ {
      "majorSchemaVersion" : 3,
      "name" : "srv-api",
      "isPublic" : false,
      "properties" : {
        "srv-url" : "https://03462a2ftrial-dev-loja-srv.cfapps.us10-001.hana.ondemand.com"
      },
      "parameters" : { },
      "propertiesMetadata" : {
        "metadata" : { }
      },
      "parametersMetadata" : {
        "metadata" : { }
      }
    }, {
      "majorSchemaVersion" : 3,
      "name" : "Loja-srv",
      "isPublic" : false,
      "properties" : { },
      "parameters" : { },
      "propertiesMetadata" : {
        "metadata" : { }
      },
      "parametersMetadata" : {
        "metadata" : { }
      }
    } ],
    "propertiesMetadata" : {
      "metadata" : { }
    },
    "parametersMetadata" : {
      "metadata" : { }
    },
    "hooks" : [ ]
  }, {
    "majorSchemaVersion" : 3,
    "name" : "Loja-db-deployer",
    "type" : "com.sap.xs.hdi",
    "path" : "Loja-db-deployer",
    "properties" : {
      "EXIT" : 1
    },
    "parameters" : {
      "default-url" : "https://03462a2ftrial-dev-loja-db-deployer.cfapps.us10-001.hana.ondemand.com",
      "default-app-name" : "Loja-db-deployer",
      "generated-password" : "********",
      "default-live-url" : "https://03462a2ftrial-dev-loja-db-deployer.cfapps.us10-001.hana.ondemand.com",
      "default-uri" : "03462a2ftrial-dev-loja-db-deployer.cfapps.us10-001.hana.ondemand.com",
      "memory" : "256M",
      "default-instances" : 1,
      "no-route" : true,
      "default-live-host" : "03462a2ftrial-dev-loja-db-deployer",
      "instances" : 1,
      "buildpack" : "nodejs_buildpack",
      "default-host" : "03462a2ftrial-dev-loja-db-deployer",
      "app-name" : "Loja-db-deployer",
      "default-live-uri" : "03462a2ftrial-dev-loja-db-deployer.cfapps.us10-001.hana.ondemand.com",
      "protocol" : "https",
      "default-live-app-name" : "Loja-db-deployer",
      "default-live-domain" : "cfapps.us10-001.hana.ondemand.com",
      "dependency-type" : "hard",
      "domain" : "cfapps.us10-001.hana.ondemand.com",
      "host" : "03462a2ftrial-dev-loja-db-deployer",
      "generated-user" : "********",
      "tasks" : [ {
        "command" : "npm start",
        "memory" : "256M",
        "name" : "deploy"
      } ],
      "no-start" : true
    },
    "requiredDependencies" : [ {
      "majorSchemaVersion" : 3,
      "name" : "Loja-db",
      "properties" : { },
      "parameters" : { },
      "propertiesMetadata" : {
        "metadata" : { }
      },
      "parametersMetadata" : {
        "metadata" : { }
      }
    } ],
    "providedDependencies" : [ {
      "majorSchemaVersion" : 3,
      "name" : "Loja-db-deployer",
      "isPublic" : false,
      "properties" : { },
      "parameters" : { },
      "propertiesMetadata" : {
        "metadata" : { }
      },
      "parametersMetadata" : {
        "metadata" : { }
      }
    } ],
    "propertiesMetadata" : {
      "metadata" : { }
    },
    "parametersMetadata" : {
      "metadata" : { }
    },
    "hooks" : [ ]
  }, {
    "majorSchemaVersion" : 3,
    "name" : "Loja",
    "type" : "javascript.nodejs",
    "path" : "Loja",
    "properties" : { },
    "parameters" : {
      "default-url" : "https://03462a2ftrial-dev-loja.cfapps.us10-001.hana.ondemand.com",
      "default-app-name" : "Loja",
      "generated-password" : "********",
      "default-live-url" : "https://03462a2ftrial-dev-loja.cfapps.us10-001.hana.ondemand.com",
      "default-uri" : "03462a2ftrial-dev-loja.cfapps.us10-001.hana.ondemand.com",
      "memory" : "256M",
      "default-instances" : 1,
      "default-live-host" : "03462a2ftrial-dev-loja",
      "instances" : 1,
      "default-host" : "03462a2ftrial-dev-loja",
      "keep-existing-routes" : true,
      "app-name" : "Loja",
      "default-live-uri" : "03462a2ftrial-dev-loja.cfapps.us10-001.hana.ondemand.com",
      "protocol" : "https",
      "default-live-app-name" : "Loja",
      "default-live-domain" : "cfapps.us10-001.hana.ondemand.com",
      "disk-quota" : "256M",
      "domain" : "cfapps.us10-001.hana.ondemand.com",
      "host" : "03462a2ftrial-dev-loja",
      "generated-user" : "********"
    },
    "requiredDependencies" : [ {
      "majorSchemaVersion" : 3,
      "name" : "srv-api",
      "group" : "destinations",
      "properties" : {
        "name" : "srv-api",
        "forwardAuthToken" : "********",
        "url" : "https://03462a2ftrial-dev-loja-srv.cfapps.us10-001.hana.ondemand.com"
      },
      "parameters" : { },
      "propertiesMetadata" : {
        "metadata" : { }
      },
      "parametersMetadata" : {
        "metadata" : { }
      }
    }, {
      "majorSchemaVersion" : 3,
      "name" : "********",
      "properties" : { },
      "parameters" : { },
      "propertiesMetadata" : {
        "metadata" : { }
      },
      "parametersMetadata" : {
        "metadata" : { }
      }
    } ],
    "providedDependencies" : [ {
      "majorSchemaVersion" : 3,
      "name" : "app-api",
      "isPublic" : false,
      "properties" : {
        "app-protocol" : "https",
        "app-uri" : "03462a2ftrial-dev-loja.cfapps.us10-001.hana.ondemand.com"
      },
      "parameters" : { },
      "propertiesMetadata" : {
        "metadata" : { }
      },
      "parametersMetadata" : {
        "metadata" : { }
      }
    }, {
      "majorSchemaVersion" : 3,
      "name" : "Loja",
      "isPublic" : false,
      "properties" : { },
      "parameters" : { },
      "propertiesMetadata" : {
        "metadata" : { }
      },
      "parametersMetadata" : {
        "metadata" : { }
      }
    } ],
    "propertiesMetadata" : {
      "metadata" : { }
    },
    "parametersMetadata" : {
      "metadata" : { }
    },
    "hooks" : [ ]
  } ],
  "resources" : [ {
    "majorSchemaVersion" : 3,
    "name" : "********",
    "type" : "org.cloudfoundry.managed-service",
    "properties" : { },
    "parameters" : {
      "generated-password" : "********",
      "path" : "./xs-security.json",
      "service-name" : "********",
      "service-plan" : "application",
      "service" : "xsuaa",
      "generated-user" : "********",
      "default-xsappname" : "********",
      "type" : "managed-service",
      "config" : {
        "oauth2-configuration" : "********",
        "tenant-mode" : "dedicated",
        "xsappname" : "Loja-03462a2ftrial-dev"
      },
      "default-service-name" : "********",
      "default-container-name" : "********"
    },
    "isActive" : true,
    "isOptional" : false,
    "propertiesMetadata" : {
      "metadata" : { }
    },
    "parametersMetadata" : {
      "metadata" : { }
    },
    "requiredDependencies" : [ {
      "majorSchemaVersion" : 3,
      "name" : "app-api",
      "properties" : { },
      "parameters" : { },
      "propertiesMetadata" : {
        "metadata" : { }
      },
      "parametersMetadata" : {
        "metadata" : { }
      }
    } ],
    "processedAfter" : [ ]
  }, {
    "majorSchemaVersion" : 3,
    "name" : "Loja-db",
    "type" : "com.sap.xs.hdi-container",
    "properties" : { },
    "parameters" : {
      "generated-password" : "********",
      "service-name" : "Loja-db",
      "service-plan" : "hdi-shared",
      "service" : "hana",
      "generated-user" : "********",
      "default-xsappname" : "Loja-db",
      "type" : "managed-service",
      "default-service-name" : "Loja-db",
      "default-container-name" : "03462A2FTRIAL_DEV_LOJA_DB"
    },
    "isActive" : true,
    "isOptional" : false,
    "propertiesMetadata" : {
      "metadata" : { }
    },
    "parametersMetadata" : {
      "metadata" : { }
    },
    "requiredDependencies" : [ ],
    "processedAfter" : [ ]
  } ],
  "parameters" : {
    "mta-id" : "Loja",
    "authorization-url" : "********",
    "org-guid" : "04493104-1ac5-4d04-8e0e-f1ae4b500c3a",
    "org" : "03462a2ftrial",
    "deploy-target" : "03462a2ftrial dev",
    "enable-parallel-deployments" : true,
    "region-primary-domain" : "us10.hana.ondemand.com",
    "space" : "dev",
    "region-domain" : "us10-001.hana.ondemand.com",
    "xs-api-url" : "https://api.cf.us10-001.hana.ondemand.com",
    "deploy-url" : "deploy-service.cfapps.us10-001.hana.ondemand.com",
    "xs-type" : "CF",
    "default-domain" : "cfapps.us10-001.hana.ondemand.com",
    "mta-version" : "1.0.0",
    "xs-auth-url" : "********",
    "space-guid" : "3ae7c67b-9057-463c-933e-5dffbfe90d90",
    "user" : "********",
    "controller-url" : "https://api.cf.us10-001.hana.ondemand.com",
    "timestamp" : "20260508035048"
  },
  "parametersMetadata" : {
    "metadata" : { }
  }
}#
#2026 05 08 03:51:08.206#Z#DEBUG#196a5c01-4a91-11f1-8594-eeee0a955217.OPERATION#flowable-async-job-executor-thread-807#
[ProcessDescriptorStep] Merged descriptor properties and parameters resolved#
#2026 05 08 03:51:08.206#Z#DEBUG#196a5c01-4a91-11f1-8594-eeee0a955217.OPERATION#flowable-async-job-executor-thread-807#
Step "Re-Process Descriptor Step" finished#
#2026 05 08 03:51:08.255#Z#DEBUG#196a5c01-4a91-11f1-8594-eeee0a955217.OPERATION#flowable-async-job-executor-thread-807#
[BuildApplicationDeployModelStep] Executing task "buildApplicationDeployModelTask" of process "25409a54-4a91-11f1-aab3-eeee0a96db72"...#
#2026 05 08 03:51:08.259#Z#DEBUG#196a5c01-4a91-11f1-8594-eeee0a955217.OPERATION#flowable-async-job-executor-thread-807#
[BuildApplicationDeployModelStep] Building cloud deployment model for application "Loja"...#
#2026 05 08 03:51:08.266#Z#DEBUG#196a5c01-4a91-11f1-8594-eeee0a955217.OPERATION#flowable-async-job-executor-thread-807#
[BuildApplicationDeployModelStep] Getting routes for application "873ff1b8-4d50-4112-a2cb-c2c99fe18e99"...#
#2026 05 08 03:51:08.311#Z#DEBUG#196a5c01-4a91-11f1-8594-eeee0a955217.OPERATION#flowable-async-job-executor-thread-807#
[BuildApplicationDeployModelStep] No health-check-type is specified. Setting default type: port#
#2026 05 08 03:51:08.312#Z#INFO#196a5c01-4a91-11f1-8594-eeee0a955217.OPERATION#flowable-async-job-executor-thread-807#
[BuildApplicationDeployModelStep] Building configuration entries for org 03462a2ftrial, space dev, spaceId 3ae7c67b-9057-463c-933e-5dffbfe90d90 and namespace null!#
#2026 05 08 03:51:08.313#Z#DEBUG#196a5c01-4a91-11f1-8594-eeee0a955217.OPERATION#flowable-async-job-executor-thread-807#
[BuildApplicationDeployModelStep] Configuration entries to publish: [ ]#
#2026 05 08 03:51:08.313#Z#DEBUG#196a5c01-4a91-11f1-8594-eeee0a955217.OPERATION#flowable-async-job-executor-thread-807#
[BuildApplicationDeployModelStep] Cloud deployment model for application built#
#2026 05 08 03:51:08.313#Z#DEBUG#196a5c01-4a91-11f1-8594-eeee0a955217.OPERATION#flowable-async-job-executor-thread-807#
Step "Build Application Deploy Model" finished#
#2026 05 08 03:51:07.897#Z#DEBUG#196a5c01-4a91-11f1-8594-eeee0a955217.OPERATION#flowable-async-job-executor-thread-16196#
[CreateOrUpdateAppStep] Executing task "createAppTask" of process "25036abb-4a91-11f1-be89-eeee0a8b5731"...#
#2026 05 08 03:51:07.900#Z#DEBUG#196a5c01-4a91-11f1-8594-eeee0a955217.OPERATION#flowable-async-job-executor-thread-16196#
[CreateOrUpdateAppStep] Getting application "Loja-srv"...#
#2026 05 08 03:51:07.944#Z#INFO#196a5c01-4a91-11f1-8594-eeee0a955217.OPERATION#flowable-async-job-executor-thread-16196#
[CreateOrUpdateAppStep] Updating application "Loja-srv"...#
#2026 05 08 03:51:07.953#Z#DEBUG#196a5c01-4a91-11f1-8594-eeee0a955217.OPERATION#flowable-async-job-executor-thread-16196#
[CreateOrUpdateAppStep] Getting process for application "ed9d4a9f-430f-4465-b7b8-1aeb69fb45fe"...#
#2026 05 08 03:51:07.983#Z#DEBUG#196a5c01-4a91-11f1-8594-eeee0a955217.OPERATION#flowable-async-job-executor-thread-16196#
[CreateOrUpdateAppStep] Getting routes for application "ed9d4a9f-430f-4465-b7b8-1aeb69fb45fe"...#
#2026 05 08 03:51:08.028#Z#DEBUG#196a5c01-4a91-11f1-8594-eeee0a955217.OPERATION#flowable-async-job-executor-thread-16196#
[CreateOrUpdateAppStep] Getting features for application "ed9d4a9f-430f-4465-b7b8-1aeb69fb45fe"#
#2026 05 08 03:51:08.056#Z#DEBUG#196a5c01-4a91-11f1-8594-eeee0a955217.OPERATION#flowable-async-job-executor-thread-16196#
[CreateOrUpdateAppStep] Updating staging of application "Loja-srv" to: {
  "isReadinessHealthCheckEnabled" : true,
  "buildpacks" : [ "nodejs_buildpack" ],
  "healthCheckType" : "port",
  "appFeatures" : { }
}#
#2026 05 08 03:51:08.272#Z#DEBUG#196a5c01-4a91-11f1-8594-eeee0a955217.OPERATION#flowable-async-job-executor-thread-16196#
[CreateOrUpdateAppStep] Application "Loja-srv" updated#
#2026 05 08 03:51:08.272#Z#DEBUG#196a5c01-4a91-11f1-8594-eeee0a955217.OPERATION#flowable-async-job-executor-thread-16196#
[CreateOrUpdateAppStep] Getting environment of application "ed9d4a9f-430f-4465-b7b8-1aeb69fb45fe"...#
#2026 05 08 03:51:08.345#Z#DEBUG#196a5c01-4a91-11f1-8594-eeee0a955217.OPERATION#flowable-async-job-executor-thread-16196#
[CreateOrUpdateAppStep] Application "Loja-srv" updated#
#2026 05 08 03:51:08.345#Z#DEBUG#196a5c01-4a91-11f1-8594-eeee0a955217.OPERATION#flowable-async-job-executor-thread-16196#
Step "Create App" finished#
#2026 05 08 03:51:08.476#Z#DEBUG#196a5c01-4a91-11f1-8594-eeee0a955217.OPERATION#flowable-async-job-executor-thread-16196#
[CheckServiceBindingOperationStep] Executing task "checkForServiceBindingOperationInProgress" of process "257342e3-4a91-11f1-be89-eeee0a8b5731"...#
#2026 05 08 03:51:08.476#Z#DEBUG#196a5c01-4a91-11f1-8594-eeee0a955217.OPERATION#flowable-async-job-executor-thread-16196#
[CheckServiceBindingOperationStep] Checking for service binding operation in progress between app "Loja-srv" and service instance "Loja-db"#
#2026 05 08 03:51:08.477#Z#DEBUG#196a5c01-4a91-11f1-8594-eeee0a955217.OPERATION#flowable-async-job-executor-thread-16196#
[CheckServiceBindingOperationStep] Getting application guid "Loja-srv"...#
#2026 05 08 03:51:08.516#Z#DEBUG#196a5c01-4a91-11f1-8594-eeee0a955217.OPERATION#flowable-async-job-executor-thread-16196#
[CheckServiceBindingOperationStep] Getting GUID of required service instance "Loja-db"...#
#2026 05 08 03:51:08.548#Z#DEBUG#196a5c01-4a91-11f1-8594-eeee0a955217.OPERATION#flowable-async-job-executor-thread-16196#
[CheckServiceBindingOperationStep] Getting binding of service instance "a23bff1b-91e8-488d-bcac-9e3d26ae9223" with application "ed9d4a9f-430f-4465-b7b8-1aeb69fb45fe"...#
#2026 05 08 03:51:08.578#Z#DEBUG#196a5c01-4a91-11f1-8594-eeee0a955217.OPERATION#flowable-async-job-executor-thread-16196#
[CheckServiceBindingOperationStep] Service binding operation "5492935b-1f8f-4e27-8ba0-88074efa8791" with type "create" is in state "succeeded"#
#2026 05 08 03:51:08.579#Z#DEBUG#196a5c01-4a91-11f1-8594-eeee0a955217.OPERATION#flowable-async-job-executor-thread-16196#
Step "Check For Service Binding Operation In Progress" finished#
#2026 05 08 03:51:08.374#Z#DEBUG#196a5c01-4a91-11f1-8594-eeee0a955217.OPERATION#flowable-async-job-executor-thread-807#
[CreateOrUpdateAppStep] Executing task "createAppTask" of process "25409a54-4a91-11f1-aab3-eeee0a96db72"...#
#2026 05 08 03:51:08.377#Z#DEBUG#196a5c01-4a91-11f1-8594-eeee0a955217.OPERATION#flowable-async-job-executor-thread-807#
[CreateOrUpdateAppStep] Getting application "Loja"...#
#2026 05 08 03:51:08.427#Z#INFO#196a5c01-4a91-11f1-8594-eeee0a955217.OPERATION#flowable-async-job-executor-thread-807#
[CreateOrUpdateAppStep] Updating application "Loja"...#
#2026 05 08 03:51:08.437#Z#DEBUG#196a5c01-4a91-11f1-8594-eeee0a955217.OPERATION#flowable-async-job-executor-thread-807#
[CreateOrUpdateAppStep] Getting process for application "873ff1b8-4d50-4112-a2cb-c2c99fe18e99"...#
#2026 05 08 03:51:08.473#Z#DEBUG#196a5c01-4a91-11f1-8594-eeee0a955217.OPERATION#flowable-async-job-executor-thread-807#
[CreateOrUpdateAppStep] Getting routes for application "873ff1b8-4d50-4112-a2cb-c2c99fe18e99"...#
#2026 05 08 03:51:08.521#Z#DEBUG#196a5c01-4a91-11f1-8594-eeee0a955217.OPERATION#flowable-async-job-executor-thread-807#
[CreateOrUpdateAppStep] Getting features for application "873ff1b8-4d50-4112-a2cb-c2c99fe18e99"#
#2026 05 08 03:51:08.545#Z#DEBUG#196a5c01-4a91-11f1-8594-eeee0a955217.OPERATION#flowable-async-job-executor-thread-807#
[CreateOrUpdateAppStep] Updating staging of application "Loja" to: {
  "isReadinessHealthCheckEnabled" : true,
  "buildpacks" : [ ],
  "healthCheckType" : "port",
  "appFeatures" : { }
}#
#2026 05 08 03:51:08.759#Z#DEBUG#196a5c01-4a91-11f1-8594-eeee0a955217.OPERATION#flowable-async-job-executor-thread-807#
[CreateOrUpdateAppStep] Application "Loja" updated#
#2026 05 08 03:51:08.759#Z#DEBUG#196a5c01-4a91-11f1-8594-eeee0a955217.OPERATION#flowable-async-job-executor-thread-807#
[CreateOrUpdateAppStep] Getting environment of application "873ff1b8-4d50-4112-a2cb-c2c99fe18e99"...#
#2026 05 08 03:51:08.827#Z#DEBUG#196a5c01-4a91-11f1-8594-eeee0a955217.OPERATION#flowable-async-job-executor-thread-807#
[CreateOrUpdateAppStep] Application "Loja" updated#
#2026 05 08 03:51:08.827#Z#DEBUG#196a5c01-4a91-11f1-8594-eeee0a955217.OPERATION#flowable-async-job-executor-thread-807#
Step "Create App" finished#
#2026 05 08 03:51:08.621#Z#DEBUG#196a5c01-4a91-11f1-8594-eeee0a955217.OPERATION#flowable-async-job-executor-thread-16196#
[DetermineApplicationServiceBindingActionsStep] Executing task "determineApplicationServiceBindingActionsTask" of process "257342e3-4a91-11f1-be89-eeee0a8b5731"...#
#2026 05 08 03:51:08.623#Z#DEBUG#196a5c01-4a91-11f1-8594-eeee0a955217.OPERATION#flowable-async-job-executor-thread-16196#
[DetermineApplicationServiceBindingActionsStep] Determine bind/unbind operations of application "Loja-srv" to service instance "Loja-db"#
#2026 05 08 03:51:08.623#Z#DEBUG#196a5c01-4a91-11f1-8594-eeee0a955217.OPERATION#flowable-async-job-executor-thread-16196#
[DetermineApplicationServiceBindingActionsStep] Getting application "Loja-srv"...#
#2026 05 08 03:51:08.672#Z#DEBUG#196a5c01-4a91-11f1-8594-eeee0a955217.OPERATION#flowable-async-job-executor-thread-16196#
[DetermineApplicationServiceBindingActionsStep] Binding parameters for application "Loja-srv": { }#
#2026 05 08 03:51:08.700#Z#DEBUG#196a5c01-4a91-11f1-8594-eeee0a955217.OPERATION#flowable-async-job-executor-thread-16196#
[DetermineApplicationServiceBindingActionsStep] Check should rebind application "Loja-srv" and service instance "Loja-db"#
#2026 05 08 03:51:08.700#Z#DEBUG#196a5c01-4a91-11f1-8594-eeee0a955217.OPERATION#flowable-async-job-executor-thread-16196#
[DetermineApplicationServiceBindingActionsStep] Getting GUID of required service instance "Loja-db"...#
#2026 05 08 03:51:08.729#Z#DEBUG#196a5c01-4a91-11f1-8594-eeee0a955217.OPERATION#flowable-async-job-executor-thread-16196#
[DetermineApplicationServiceBindingActionsStep] Getting binding of service instance "a23bff1b-91e8-488d-bcac-9e3d26ae9223" with application "ed9d4a9f-430f-4465-b7b8-1aeb69fb45fe"...#
#2026 05 08 03:51:08.763#Z#DEBUG#196a5c01-4a91-11f1-8594-eeee0a955217.OPERATION#flowable-async-job-executor-thread-16196#
[DetermineApplicationServiceBindingActionsStep] Getting parameters of service binding "5492935b-1f8f-4e27-8ba0-88074efa8791"...#
#2026 05 08 03:51:08.960#Z#INFO#196a5c01-4a91-11f1-8594-eeee0a955217.OPERATION#flowable-async-job-executor-thread-16196#
[DetermineApplicationServiceBindingActionsStep] Service instance "Loja-db" will not be rebound to application "Loja-srv" because the binding parameters are not modified#
#2026 05 08 03:51:08.968#Z#DEBUG#196a5c01-4a91-11f1-8594-eeee0a955217.OPERATION#flowable-async-job-executor-thread-16196#
[DetermineApplicationServiceBindingActionsStep] Calculated binding operations between application "Loja-srv" and service instance "Loja-db": unbind - false bind - false#
#2026 05 08 03:51:08.968#Z#DEBUG#196a5c01-4a91-11f1-8594-eeee0a955217.OPERATION#flowable-async-job-executor-thread-16196#
Step "Determine Application Service Binding Actions" finished#
#2026 05 08 03:51:08.963#Z#DEBUG#196a5c01-4a91-11f1-8594-eeee0a955217.OPERATION#flowable-async-job-executor-thread-807#
[CheckServiceBindingOperationStep] Executing task "checkForServiceBindingOperationInProgress" of process "25bd1da7-4a91-11f1-aab3-eeee0a96db72"...#
#2026 05 08 03:51:08.964#Z#DEBUG#196a5c01-4a91-11f1-8594-eeee0a955217.OPERATION#flowable-async-job-executor-thread-807#
[CheckServiceBindingOperationStep] Checking for service binding operation in progress between app "Loja" and service instance "Loja-auth"#
#2026 05 08 03:51:08.965#Z#DEBUG#196a5c01-4a91-11f1-8594-eeee0a955217.OPERATION#flowable-async-job-executor-thread-807#
[CheckServiceBindingOperationStep] Getting application guid "Loja"...#
#2026 05 08 03:51:09.010#Z#DEBUG#196a5c01-4a91-11f1-8594-eeee0a955217.OPERATION#flowable-async-job-executor-thread-807#
[CheckServiceBindingOperationStep] Getting GUID of required service instance "Loja-auth"...#
#2026 05 08 03:51:09.040#Z#DEBUG#196a5c01-4a91-11f1-8594-eeee0a955217.OPERATION#flowable-async-job-executor-thread-807#
[CheckServiceBindingOperationStep] Getting binding of service instance "3e58e042-919f-4b73-923a-17fab92a9330" with application "873ff1b8-4d50-4112-a2cb-c2c99fe18e99"...#
#2026 05 08 03:51:09.082#Z#DEBUG#196a5c01-4a91-11f1-8594-eeee0a955217.OPERATION#flowable-async-job-executor-thread-807#
[CheckServiceBindingOperationStep] Service binding operation "00044b46-153a-4b6b-bad0-6970374cbee1" with type "create" is in state "succeeded"#
#2026 05 08 03:51:09.082#Z#DEBUG#196a5c01-4a91-11f1-8594-eeee0a955217.OPERATION#flowable-async-job-executor-thread-807#
Step "Check For Service Binding Operation In Progress" finished#
#2026 05 08 03:51:09.135#Z#DEBUG#196a5c01-4a91-11f1-8594-eeee0a955217.OPERATION#flowable-async-job-executor-thread-807#
[DetermineApplicationServiceBindingActionsStep] Executing task "determineApplicationServiceBindingActionsTask" of process "25bd1da7-4a91-11f1-aab3-eeee0a96db72"...#
#2026 05 08 03:51:09.138#Z#DEBUG#196a5c01-4a91-11f1-8594-eeee0a955217.OPERATION#flowable-async-job-executor-thread-807#
[DetermineApplicationServiceBindingActionsStep] Determine bind/unbind operations of application "Loja" to service instance "Loja-auth"#
#2026 05 08 03:51:09.138#Z#DEBUG#196a5c01-4a91-11f1-8594-eeee0a955217.OPERATION#flowable-async-job-executor-thread-807#
[DetermineApplicationServiceBindingActionsStep] Getting application "Loja"...#
#2026 05 08 03:51:09.185#Z#DEBUG#196a5c01-4a91-11f1-8594-eeee0a955217.OPERATION#flowable-async-job-executor-thread-807#
[DetermineApplicationServiceBindingActionsStep] Binding parameters for application "Loja": { }#
#2026 05 08 03:51:09.231#Z#DEBUG#196a5c01-4a91-11f1-8594-eeee0a955217.OPERATION#flowable-async-job-executor-thread-807#
[DetermineApplicationServiceBindingActionsStep] Check should rebind application "Loja" and service instance "Loja-auth"#
#2026 05 08 03:51:09.231#Z#DEBUG#196a5c01-4a91-11f1-8594-eeee0a955217.OPERATION#flowable-async-job-executor-thread-807#
[DetermineApplicationServiceBindingActionsStep] Getting GUID of required service instance "Loja-auth"...#
#2026 05 08 03:51:09.276#Z#DEBUG#196a5c01-4a91-11f1-8594-eeee0a955217.OPERATION#flowable-async-job-executor-thread-807#
[DetermineApplicationServiceBindingActionsStep] Getting binding of service instance "3e58e042-919f-4b73-923a-17fab92a9330" with application "873ff1b8-4d50-4112-a2cb-c2c99fe18e99"...#
#2026 05 08 03:51:09.311#Z#DEBUG#196a5c01-4a91-11f1-8594-eeee0a955217.OPERATION#flowable-async-job-executor-thread-807#
[DetermineApplicationServiceBindingActionsStep] Getting parameters of service binding "00044b46-153a-4b6b-bad0-6970374cbee1"...#
#2026 05 08 03:51:09.344#Z#WARN#196a5c01-4a91-11f1-8594-eeee0a955217.OPERATION#flowable-async-job-executor-thread-807#
[DetermineApplicationServiceBindingActionsStep] Cannot retrieve parameters of binding between application "Loja" and service instance "Loja-auth"#
#2026 05 08 03:51:09.347#Z#DEBUG#196a5c01-4a91-11f1-8594-eeee0a955217.OPERATION#flowable-async-job-executor-thread-807#
[DetermineApplicationServiceBindingActionsStep] Calculated binding operations between application "Loja" and service instance "Loja-auth": unbind - true bind - true#
#2026 05 08 03:51:09.347#Z#DEBUG#196a5c01-4a91-11f1-8594-eeee0a955217.OPERATION#flowable-async-job-executor-thread-807#
Step "Determine Application Service Binding Actions" finished#
#2026 05 08 03:51:09.399#Z#DEBUG#196a5c01-4a91-11f1-8594-eeee0a955217.OPERATION#flowable-async-job-executor-thread-807#
[UnbindServiceFromApplicationStep] Executing task "unbindServiceFromApplicationTask" of process "25bd1da7-4a91-11f1-aab3-eeee0a96db72"...#
#2026 05 08 03:51:09.403#Z#INFO#196a5c01-4a91-11f1-8594-eeee0a955217.OPERATION#flowable-async-job-executor-thread-807#
[UnbindServiceFromApplicationStep] Unbinding service instance "Loja-auth" from application "Loja"...#
#2026 05 08 03:51:09.409#Z#DEBUG#196a5c01-4a91-11f1-8594-eeee0a955217.OPERATION#flowable-async-job-executor-thread-807#
[UnbindServiceFromApplicationStep] Unbinding application "Loja" from service instance "Loja-auth"...#
#2026 05 08 03:51:09.567#Z#DEBUG#196a5c01-4a91-11f1-8594-eeee0a955217.OPERATION#flowable-async-job-executor-thread-807#
Step "Unbind Service from Application" finished#
#2026 05 08 03:51:10.702#Z#DEBUG#196a5c01-4a91-11f1-8594-eeee0a955217.OPERATION#flowable-async-job-executor-thread-15765#
[CheckServiceBindingOperationStep] Executing task "checkForServiceBindingOperationInProgress" of process "26c84ba8-4a91-11f1-8594-eeee0a955217"...#
#2026 05 08 03:51:10.703#Z#DEBUG#196a5c01-4a91-11f1-8594-eeee0a955217.OPERATION#flowable-async-job-executor-thread-15765#
[CheckServiceBindingOperationStep] Checking for service binding operation in progress between app "Loja-srv" and service instance "Loja-auth"#
#2026 05 08 03:51:10.704#Z#DEBUG#196a5c01-4a91-11f1-8594-eeee0a955217.OPERATION#flowable-async-job-executor-thread-15765#
[CheckServiceBindingOperationStep] Getting application guid "Loja-srv"...#
#2026 05 08 03:51:10.746#Z#DEBUG#196a5c01-4a91-11f1-8594-eeee0a955217.OPERATION#flowable-async-job-executor-thread-15765#
[CheckServiceBindingOperationStep] Getting GUID of required service instance "Loja-auth"...#
#2026 05 08 03:51:10.785#Z#DEBUG#196a5c01-4a91-11f1-8594-eeee0a955217.OPERATION#flowable-async-job-executor-thread-15765#
[CheckServiceBindingOperationStep] Getting binding of service instance "3e58e042-919f-4b73-923a-17fab92a9330" with application "ed9d4a9f-430f-4465-b7b8-1aeb69fb45fe"...#
#2026 05 08 03:51:10.812#Z#DEBUG#196a5c01-4a91-11f1-8594-eeee0a955217.OPERATION#flowable-async-job-executor-thread-15765#
[CheckServiceBindingOperationStep] Service binding operation "bfebc013-8bff-40ab-91c3-a1e35ab4f5aa" with type "create" is in state "succeeded"#
#2026 05 08 03:51:10.812#Z#DEBUG#196a5c01-4a91-11f1-8594-eeee0a955217.OPERATION#flowable-async-job-executor-thread-15765#
Step "Check For Service Binding Operation In Progress" finished#
#2026 05 08 03:51:10.851#Z#DEBUG#196a5c01-4a91-11f1-8594-eeee0a955217.OPERATION#flowable-async-job-executor-thread-15766#
[DetermineApplicationServiceBindingActionsStep] Executing task "determineApplicationServiceBindingActionsTask" of process "26c84ba8-4a91-11f1-8594-eeee0a955217"...#
#2026 05 08 03:51:10.853#Z#DEBUG#196a5c01-4a91-11f1-8594-eeee0a955217.OPERATION#flowable-async-job-executor-thread-15766#
[DetermineApplicationServiceBindingActionsStep] Determine bind/unbind operations of application "Loja-srv" to service instance "Loja-auth"#
#2026 05 08 03:51:10.853#Z#DEBUG#196a5c01-4a91-11f1-8594-eeee0a955217.OPERATION#flowable-async-job-executor-thread-15766#
[DetermineApplicationServiceBindingActionsStep] Getting application "Loja-srv"...#
#2026 05 08 03:51:10.892#Z#DEBUG#196a5c01-4a91-11f1-8594-eeee0a955217.OPERATION#flowable-async-job-executor-thread-15766#
[DetermineApplicationServiceBindingActionsStep] Binding parameters for application "Loja-srv": { }#
#2026 05 08 03:51:10.925#Z#DEBUG#196a5c01-4a91-11f1-8594-eeee0a955217.OPERATION#flowable-async-job-executor-thread-15766#
[DetermineApplicationServiceBindingActionsStep] Check should rebind application "Loja-srv" and service instance "Loja-auth"#
#2026 05 08 03:51:10.925#Z#DEBUG#196a5c01-4a91-11f1-8594-eeee0a955217.OPERATION#flowable-async-job-executor-thread-15766#
[DetermineApplicationServiceBindingActionsStep] Getting GUID of required service instance "Loja-auth"...#
#2026 05 08 03:51:10.952#Z#DEBUG#196a5c01-4a91-11f1-8594-eeee0a955217.OPERATION#flowable-async-job-executor-thread-15766#
[DetermineApplicationServiceBindingActionsStep] Getting binding of service instance "3e58e042-919f-4b73-923a-17fab92a9330" with application "ed9d4a9f-430f-4465-b7b8-1aeb69fb45fe"...#
#2026 05 08 03:51:10.982#Z#DEBUG#196a5c01-4a91-11f1-8594-eeee0a955217.OPERATION#flowable-async-job-executor-thread-15766#
[DetermineApplicationServiceBindingActionsStep] Getting parameters of service binding "bfebc013-8bff-40ab-91c3-a1e35ab4f5aa"...#
#2026 05 08 03:51:11.013#Z#WARN#196a5c01-4a91-11f1-8594-eeee0a955217.OPERATION#flowable-async-job-executor-thread-15766#
[DetermineApplicationServiceBindingActionsStep] Cannot retrieve parameters of binding between application "Loja-srv" and service instance "Loja-auth"#
#2026 05 08 03:51:11.015#Z#DEBUG#196a5c01-4a91-11f1-8594-eeee0a955217.OPERATION#flowable-async-job-executor-thread-15766#
[DetermineApplicationServiceBindingActionsStep] Calculated binding operations between application "Loja-srv" and service instance "Loja-auth": unbind - true bind - true#
#2026 05 08 03:51:11.015#Z#DEBUG#196a5c01-4a91-11f1-8594-eeee0a955217.OPERATION#flowable-async-job-executor-thread-15766#
Step "Determine Application Service Binding Actions" finished#
#2026 05 08 03:51:11.058#Z#DEBUG#196a5c01-4a91-11f1-8594-eeee0a955217.OPERATION#flowable-async-job-executor-thread-15767#
[UnbindServiceFromApplicationStep] Executing task "unbindServiceFromApplicationTask" of process "26c84ba8-4a91-11f1-8594-eeee0a955217"...#
#2026 05 08 03:51:11.061#Z#INFO#196a5c01-4a91-11f1-8594-eeee0a955217.OPERATION#flowable-async-job-executor-thread-15767#
[UnbindServiceFromApplicationStep] Unbinding service instance "Loja-auth" from application "Loja-srv"...#
#2026 05 08 03:51:11.066#Z#DEBUG#196a5c01-4a91-11f1-8594-eeee0a955217.OPERATION#flowable-async-job-executor-thread-15767#
[UnbindServiceFromApplicationStep] Unbinding application "Loja-srv" from service instance "Loja-auth"...#
#2026 05 08 03:51:11.246#Z#DEBUG#196a5c01-4a91-11f1-8594-eeee0a955217.OPERATION#flowable-async-job-executor-thread-15767#
Step "Unbind Service from Application" finished#
#2026 05 08 03:51:14.978#Z#DEBUG#196a5c01-4a91-11f1-8594-eeee0a955217.OPERATION#flowable-async-job-executor-thread-16201#
[UnbindServiceFromApplicationStep] Executing task "unbindServiceFromApplicationTask" of process "25bd1da7-4a91-11f1-aab3-eeee0a96db72"...#
#2026 05 08 03:51:14.981#Z#DEBUG#196a5c01-4a91-11f1-8594-eeee0a955217.OPERATION#flowable-async-job-executor-thread-16201#
[UnbindServiceFromApplicationStep] Getting async job "138470a9-32a2-4980-bb69-b964cb3cbd0b"#
#2026 05 08 03:51:15.017#Z#DEBUG#196a5c01-4a91-11f1-8594-eeee0a955217.OPERATION#flowable-async-job-executor-thread-16201#
[UnbindServiceFromApplicationStep] Getting service instance "Loja-auth"...#
#2026 05 08 03:51:15.125#Z#DEBUG#196a5c01-4a91-11f1-8594-eeee0a955217.OPERATION#flowable-async-job-executor-thread-16201#
[UnbindServiceFromApplicationStep] Async service binding operation with id "138470a9-32a2-4980-bb69-b964cb3cbd0b" finished#
#2026 05 08 03:51:15.127#Z#DEBUG#196a5c01-4a91-11f1-8594-eeee0a955217.OPERATION#flowable-async-job-executor-thread-16201#
Step "Unbind Service from Application" finished#
#2026 05 08 03:51:15.173#Z#DEBUG#196a5c01-4a91-11f1-8594-eeee0a955217.OPERATION#flowable-async-job-executor-thread-16202#
[BindServiceToApplicationStep] Executing task "bindServiceToApplicationTask" of process "25bd1da7-4a91-11f1-aab3-eeee0a96db72"...#
#2026 05 08 03:51:15.176#Z#INFO#196a5c01-4a91-11f1-8594-eeee0a955217.OPERATION#flowable-async-job-executor-thread-16202#
[BindServiceToApplicationStep] Binding service instance "Loja-auth" to application "Loja"...#
#2026 05 08 03:51:15.185#Z#DEBUG#196a5c01-4a91-11f1-8594-eeee0a955217.OPERATION#flowable-async-job-executor-thread-16202#
[BindServiceToApplicationStep] Binding service instance "Loja-auth" to application "Loja" with parameters: { }#
#2026 05 08 03:51:15.317#Z#DEBUG#196a5c01-4a91-11f1-8594-eeee0a955217.OPERATION#flowable-async-job-executor-thread-16202#
Step "Bind Service to Application" finished#
#2026 05 08 03:51:14.951#Z#DEBUG#196a5c01-4a91-11f1-8594-eeee0a955217.OPERATION#flowable-async-job-executor-thread-15770#
[UploadAppStep] Executing task "uploadAppTask" of process "24724d78-4a91-11f1-8594-eeee0a955217"...#
#2026 05 08 03:51:14.953#Z#DEBUG#196a5c01-4a91-11f1-8594-eeee0a955217.OPERATION#flowable-async-job-executor-thread-15770#
[UploadAppStep] Application upload timeout is default one: 3,600 seconds#
#2026 05 08 03:51:14.957#Z#DEBUG#196a5c01-4a91-11f1-8594-eeee0a955217.OPERATION#pool-21-thread-4#
[UploadAppStep] Upload of application: Loja-db-deployer started on instance: 1#
#2026 05 08 03:51:14.957#Z#DEBUG#196a5c01-4a91-11f1-8594-eeee0a955217.OPERATION#pool-21-thread-4#
[UploadAppStep] Uploading file "Loja-db-deployer/data.zip" for application "Loja-db-deployer"#
#2026 05 08 03:51:15.180#Z#INFO#196a5c01-4a91-11f1-8594-eeee0a955217.OPERATION#pool-21-thread-4#
[UploadAppStep] Time elapsed for app binary download: 223 in millis#
#2026 05 08 03:51:15.181#Z#INFO#196a5c01-4a91-11f1-8594-eeee0a955217.OPERATION#pool-21-thread-4#
[UploadAppStep] Size of app Loja-db-deployer is 2,426,085 bytes#
#2026 05 08 03:51:15.181#Z#DEBUG#196a5c01-4a91-11f1-8594-eeee0a955217.OPERATION#pool-21-thread-4#
[UploadAppStep] Asynchronously uploading binaries for application "Loja-db-deployer"...#
#2026 05 08 03:51:15.393#Z#INFO#196a5c01-4a91-11f1-8594-eeee0a955217.OPERATION#pool-21-thread-4#
[UploadAppStep] Started async upload of application "Loja-db-deployer"#
#2026 05 08 03:51:15.401#Z#INFO#196a5c01-4a91-11f1-8594-eeee0a955217.OPERATION#flowable-async-job-executor-thread-15770#
[UploadAppStep] Time elapsed for upload: 447 in millis#
#2026 05 08 03:51:15.401#Z#DEBUG#196a5c01-4a91-11f1-8594-eeee0a955217.OPERATION#flowable-async-job-executor-thread-15770#
[UploadAppStep] Getting application "Loja-db-deployer"...#
#2026 05 08 03:51:15.419#Z#DEBUG#196a5c01-4a91-11f1-8594-eeee0a955217.OPERATION#App upload monitor: 0a0597b3-87b7-48e1-bd30-aa6b50c7b210#
[UploadAppStep] Upload status: PROCESSING_UPLOAD#
#2026 05 08 03:51:15.444#Z#DEBUG#196a5c01-4a91-11f1-8594-eeee0a955217.OPERATION#flowable-async-job-executor-thread-15770#
[UploadAppStep] Getting environment of application "540913b5-ee82-43db-a33d-eb5577322406"...#
#2026 05 08 03:51:15.473#Z#DEBUG#196a5c01-4a91-11f1-8594-eeee0a955217.OPERATION#flowable-async-job-executor-thread-15770#
[UploadAppStep] Updating environment of application "Loja-db-deployer"#
#2026 05 08 03:51:15.553#Z#DEBUG#196a5c01-4a91-11f1-8594-eeee0a955217.OPERATION#flowable-async-job-executor-thread-15770#
Step "Upload App" finished#
#2026 05 08 03:51:20.450#Z#DEBUG#196a5c01-4a91-11f1-8594-eeee0a955217.OPERATION#App upload monitor: 0a0597b3-87b7-48e1-bd30-aa6b50c7b210#
[UploadAppStep] Upload status: READY#
#2026 05 08 03:51:25.051#Z#DEBUG#196a5c01-4a91-11f1-8594-eeee0a955217.OPERATION#flowable-async-job-executor-thread-16209#
[UploadAppStep] Executing task "uploadAppTask" of process "24724d78-4a91-11f1-8594-eeee0a955217"...#
#2026 05 08 03:51:25.056#Z#DEBUG#196a5c01-4a91-11f1-8594-eeee0a955217.OPERATION#flowable-async-job-executor-thread-16209#
[UploadAppStep] Application upload timeout is default one: 3,600 seconds#
#2026 05 08 03:51:25.056#Z#DEBUG#196a5c01-4a91-11f1-8594-eeee0a955217.OPERATION#flowable-async-job-executor-thread-16209#
[UploadAppStep] Checking upload status of application "Loja-db-deployer"...#
#2026 05 08 03:51:25.058#Z#DEBUG#196a5c01-4a91-11f1-8594-eeee0a955217.OPERATION#flowable-async-job-executor-thread-16209#
[UploadAppStep] Getting package "0a0597b3-87b7-48e1-bd30-aa6b50c7b210"...#
#2026 05 08 03:51:25.088#Z#DEBUG#196a5c01-4a91-11f1-8594-eeee0a955217.OPERATION#flowable-async-job-executor-thread-16209#
[UploadAppStep] Application "Loja-db-deployer" uploaded#
#2026 05 08 03:51:25.090#Z#DEBUG#196a5c01-4a91-11f1-8594-eeee0a955217.OPERATION#flowable-async-job-executor-thread-16209#
Step "Upload App" finished#
#2026 05 08 03:51:25.006#Z#DEBUG#196a5c01-4a91-11f1-8594-eeee0a955217.OPERATION#flowable-async-job-executor-thread-15775#
[BindServiceToApplicationStep] Executing task "bindServiceToApplicationTask" of process "25bd1da7-4a91-11f1-aab3-eeee0a96db72"...#
#2026 05 08 03:51:25.009#Z#DEBUG#196a5c01-4a91-11f1-8594-eeee0a955217.OPERATION#flowable-async-job-executor-thread-15775#
[BindServiceToApplicationStep] Getting async job "b5b3f5f4-a47a-4ffc-88fb-5df76be8dc48"#
#2026 05 08 03:51:25.030#Z#DEBUG#196a5c01-4a91-11f1-8594-eeee0a955217.OPERATION#flowable-async-job-executor-thread-15775#
[BindServiceToApplicationStep] Getting service instance "Loja-auth"...#
#2026 05 08 03:51:25.130#Z#DEBUG#196a5c01-4a91-11f1-8594-eeee0a955217.OPERATION#flowable-async-job-executor-thread-15775#
[BindServiceToApplicationStep] Async service binding operation with id "b5b3f5f4-a47a-4ffc-88fb-5df76be8dc48" finished#
#2026 05 08 03:51:25.131#Z#DEBUG#196a5c01-4a91-11f1-8594-eeee0a955217.OPERATION#flowable-async-job-executor-thread-15775#
Step "Bind Service to Application" finished#
#2026 05 08 03:51:25.085#Z#DEBUG#196a5c01-4a91-11f1-8594-eeee0a955217.OPERATION#flowable-async-job-executor-thread-16208#
[UnbindServiceFromApplicationStep] Executing task "unbindServiceFromApplicationTask" of process "26c84ba8-4a91-11f1-8594-eeee0a955217"...#
#2026 05 08 03:51:25.089#Z#DEBUG#196a5c01-4a91-11f1-8594-eeee0a955217.OPERATION#flowable-async-job-executor-thread-16208#
[UnbindServiceFromApplicationStep] Getting async job "da888ed8-e9e2-4bfc-ae08-1e7e2fffeb03"#
#2026 05 08 03:51:25.118#Z#DEBUG#196a5c01-4a91-11f1-8594-eeee0a955217.OPERATION#flowable-async-job-executor-thread-16208#
[UnbindServiceFromApplicationStep] Getting service instance "Loja-auth"...#
#2026 05 08 03:51:25.230#Z#DEBUG#196a5c01-4a91-11f1-8594-eeee0a955217.OPERATION#flowable-async-job-executor-thread-16208#
[UnbindServiceFromApplicationStep] Async service binding operation with id "da888ed8-e9e2-4bfc-ae08-1e7e2fffeb03" finished#
#2026 05 08 03:51:25.231#Z#DEBUG#196a5c01-4a91-11f1-8594-eeee0a955217.OPERATION#flowable-async-job-executor-thread-16208#
Step "Unbind Service from Application" finished#
#2026 05 08 03:51:25.158#Z#DEBUG#196a5c01-4a91-11f1-8594-eeee0a955217.OPERATION#flowable-async-job-executor-thread-16209#
[ScaleAppStep] Executing task "scaleAppTask" of process "24724d78-4a91-11f1-8594-eeee0a955217"...#
#2026 05 08 03:51:25.164#Z#DEBUG#196a5c01-4a91-11f1-8594-eeee0a955217.OPERATION#flowable-async-job-executor-thread-16209#
[ScaleAppStep] Scaling application "Loja-db-deployer"...#
#2026 05 08 03:51:25.165#Z#DEBUG#196a5c01-4a91-11f1-8594-eeee0a955217.OPERATION#flowable-async-job-executor-thread-16209#
[ScaleAppStep] Getting application guid "Loja-db-deployer"...#
#2026 05 08 03:51:25.207#Z#DEBUG#196a5c01-4a91-11f1-8594-eeee0a955217.OPERATION#flowable-async-job-executor-thread-16209#
[ScaleAppStep] Getting process for application "540913b5-ee82-43db-a33d-eb5577322406"...#
#2026 05 08 03:51:25.250#Z#DEBUG#196a5c01-4a91-11f1-8594-eeee0a955217.OPERATION#flowable-async-job-executor-thread-16209#
[ScaleAppStep] Application "Loja-db-deployer" scaled#
#2026 05 08 03:51:25.250#Z#DEBUG#196a5c01-4a91-11f1-8594-eeee0a955217.OPERATION#flowable-async-job-executor-thread-16209#
Step "Scale App" finished#
#2026 05 08 03:51:25.265#Z#DEBUG#196a5c01-4a91-11f1-8594-eeee0a955217.OPERATION#flowable-async-job-executor-thread-15777#
[DetermineVcapServicesPropertiesChangedStep] Executing task "determineVcapServicesPropertiesChangedTask" of process "2f74e7af-4a91-11f1-8594-eeee0a955217"...#
#2026 05 08 03:51:25.267#Z#DEBUG#196a5c01-4a91-11f1-8594-eeee0a955217.OPERATION#flowable-async-job-executor-thread-15777#
[DetermineVcapServicesPropertiesChangedStep] VCAP_SERVICES properties for application "Loja" changed: true#
#2026 05 08 03:51:25.267#Z#DEBUG#196a5c01-4a91-11f1-8594-eeee0a955217.OPERATION#flowable-async-job-executor-thread-15777#
Step "Determine vcap services properties changed" finished#
#2026 05 08 03:51:25.310#Z#DEBUG#196a5c01-4a91-11f1-8594-eeee0a955217.OPERATION#flowable-async-job-executor-thread-16209#
[DetermineDesiredStateAchievingActionsStep] Executing task "determineDesiredStateAchievingActionsTask" of process "24724d78-4a91-11f1-8594-eeee0a955217"...#
#2026 05 08 03:51:25.317#Z#DEBUG#196a5c01-4a91-11f1-8594-eeee0a955217.OPERATION#flowable-async-job-executor-thread-16209#
[DetermineDesiredStateAchievingActionsStep] Getting application "Loja-db-deployer"...#
#2026 05 08 03:51:25.369#Z#DEBUG#196a5c01-4a91-11f1-8594-eeee0a955217.OPERATION#flowable-async-job-executor-thread-16209#
[DetermineDesiredStateAchievingActionsStep] Getting instances for application "Loja-db-deployer"...#
#2026 05 08 03:51:25.369#Z#DEBUG#196a5c01-4a91-11f1-8594-eeee0a955217.OPERATION#flowable-async-job-executor-thread-16209#
[DetermineDesiredStateAchievingActionsStep] Getting environment of application "540913b5-ee82-43db-a33d-eb5577322406"...#
#2026 05 08 03:51:25.403#Z#DEBUG#196a5c01-4a91-11f1-8594-eeee0a955217.OPERATION#flowable-async-job-executor-thread-16209#
[DetermineDesiredStateAchievingActionsStep] Current state of application Loja-db-deployer: STOPPED#
#2026 05 08 03:51:25.403#Z#DEBUG#196a5c01-4a91-11f1-8594-eeee0a955217.OPERATION#flowable-async-job-executor-thread-16209#
[DetermineDesiredStateAchievingActionsStep] Desired state of application Loja-db-deployer: STOPPED#
#2026 05 08 03:51:25.404#Z#DEBUG#196a5c01-4a91-11f1-8594-eeee0a955217.OPERATION#flowable-async-job-executor-thread-16209#
[DetermineDesiredStateAchievingActionsStep] Actions that should be executed on application Loja-db-deployer: [STAGE]#
#2026 05 08 03:51:25.404#Z#DEBUG#196a5c01-4a91-11f1-8594-eeee0a955217.OPERATION#flowable-async-job-executor-thread-16209#
Step "Determine Desired State Achieving Actions" finished#
#2026 05 08 03:51:25.291#Z#DEBUG#196a5c01-4a91-11f1-8594-eeee0a955217.OPERATION#flowable-async-job-executor-thread-16208#
[BindServiceToApplicationStep] Executing task "bindServiceToApplicationTask" of process "26c84ba8-4a91-11f1-8594-eeee0a955217"...#
#2026 05 08 03:51:25.294#Z#INFO#196a5c01-4a91-11f1-8594-eeee0a955217.OPERATION#flowable-async-job-executor-thread-16208#
[BindServiceToApplicationStep] Binding service instance "Loja-auth" to application "Loja-srv"...#
#2026 05 08 03:51:25.309#Z#DEBUG#196a5c01-4a91-11f1-8594-eeee0a955217.OPERATION#flowable-async-job-executor-thread-16208#
[BindServiceToApplicationStep] Binding service instance "Loja-auth" to application "Loja-srv" with parameters: { }#
#2026 05 08 03:51:25.458#Z#DEBUG#196a5c01-4a91-11f1-8594-eeee0a955217.OPERATION#flowable-async-job-executor-thread-16208#
Step "Bind Service to Application" finished#
#2026 05 08 03:51:25.306#Z#DEBUG#196a5c01-4a91-11f1-8594-eeee0a955217.OPERATION#flowable-async-job-executor-thread-15778#
[UploadAppStep] Executing task "uploadAppTask" of process "2f74e7af-4a91-11f1-8594-eeee0a955217"...#
#2026 05 08 03:51:25.308#Z#DEBUG#196a5c01-4a91-11f1-8594-eeee0a955217.OPERATION#flowable-async-job-executor-thread-15778#
[UploadAppStep] Application upload timeout is default one: 3,600 seconds#
#2026 05 08 03:51:25.309#Z#INFO#196a5c01-4a91-11f1-8594-eeee0a955217.OPERATION#flowable-async-job-executor-thread-15778#
[UploadAppStep] Uploading application "Loja"...#
#2026 05 08 03:51:25.316#Z#DEBUG#196a5c01-4a91-11f1-8594-eeee0a955217.OPERATION#flowable-async-job-executor-thread-15778#
[UploadAppStep] Getting application "Loja"...#
#2026 05 08 03:51:25.361#Z#DEBUG#196a5c01-4a91-11f1-8594-eeee0a955217.OPERATION#flowable-async-job-executor-thread-15778#
[UploadAppStep] Getting environment of application "873ff1b8-4d50-4112-a2cb-c2c99fe18e99"...#
#2026 05 08 03:51:25.397#Z#INFO#196a5c01-4a91-11f1-8594-eeee0a955217.OPERATION#flowable-async-job-executor-thread-15778#
[UploadAppStep] Calculating application digest: "Loja"#
#2026 05 08 03:51:25.571#Z#DEBUG#196a5c01-4a91-11f1-8594-eeee0a955217.OPERATION#flowable-async-job-executor-thread-15778#
Step "Upload App" finished#
#2026 05 08 03:51:25.457#Z#DEBUG#196a5c01-4a91-11f1-8594-eeee0a955217.OPERATION#flowable-async-job-executor-thread-16209#
[StageAppStep] Executing task "stageAppTask" of process "24724d78-4a91-11f1-8594-eeee0a955217"...#
#2026 05 08 03:51:25.460#Z#DEBUG#196a5c01-4a91-11f1-8594-eeee0a955217.OPERATION#flowable-async-job-executor-thread-16209#
[StageAppStep] Application stage timeout is default one: 3,600 seconds#
#2026 05 08 03:51:25.465#Z#INFO#196a5c01-4a91-11f1-8594-eeee0a955217.OPERATION#flowable-async-job-executor-thread-16209#
[StageAppStep] Staging application "Loja-db-deployer"...#
#2026 05 08 03:51:25.473#Z#DEBUG#196a5c01-4a91-11f1-8594-eeee0a955217.OPERATION#flowable-async-job-executor-thread-16209#
[StageAppStep] Creating build for package "0a0597b3-87b7-48e1-bd30-aa6b50c7b210"...#
#2026 05 08 03:51:25.934#Z#DEBUG#196a5c01-4a91-11f1-8594-eeee0a955217.OPERATION#flowable-async-job-executor-thread-16209#
Step "Stage App" finished#
#2026 05 08 03:51:35.130#Z#DEBUG#196a5c01-4a91-11f1-8594-eeee0a955217.OPERATION#flowable-async-job-executor-thread-15784#
[BindServiceToApplicationStep] Executing task "bindServiceToApplicationTask" of process "26c84ba8-4a91-11f1-8594-eeee0a955217"...#
#2026 05 08 03:51:35.133#Z#DEBUG#196a5c01-4a91-11f1-8594-eeee0a955217.OPERATION#flowable-async-job-executor-thread-15784#
[BindServiceToApplicationStep] Getting async job "b91c3bec-7483-403d-b9ea-129f2684648e"#
#2026 05 08 03:51:35.161#Z#DEBUG#196a5c01-4a91-11f1-8594-eeee0a955217.OPERATION#flowable-async-job-executor-thread-15784#
[BindServiceToApplicationStep] Getting service instance "Loja-auth"...#
#2026 05 08 03:51:35.285#Z#DEBUG#196a5c01-4a91-11f1-8594-eeee0a955217.OPERATION#flowable-async-job-executor-thread-15784#
[BindServiceToApplicationStep] Async service binding operation with id "b91c3bec-7483-403d-b9ea-129f2684648e" finished#
#2026 05 08 03:51:35.293#Z#DEBUG#196a5c01-4a91-11f1-8594-eeee0a955217.OPERATION#flowable-async-job-executor-thread-15784#
Step "Bind Service to Application" finished#
#2026 05 08 03:51:35.164#Z#DEBUG#196a5c01-4a91-11f1-8594-eeee0a955217.OPERATION#flowable-async-job-executor-thread-16216#
[StageAppStep] Executing task "stageAppTask" of process "24724d78-4a91-11f1-8594-eeee0a955217"...#
#2026 05 08 03:51:35.166#Z#DEBUG#196a5c01-4a91-11f1-8594-eeee0a955217.OPERATION#flowable-async-job-executor-thread-16216#
[StageAppStep] Application stage timeout is default one: 3,600 seconds#
#2026 05 08 03:51:35.168#Z#DEBUG#196a5c01-4a91-11f1-8594-eeee0a955217.OPERATION#flowable-async-job-executor-thread-16216#
[StageAppStep] Checking status of application "Loja-db-deployer"...#
#2026 05 08 03:51:35.168#Z#DEBUG#196a5c01-4a91-11f1-8594-eeee0a955217.OPERATION#flowable-async-job-executor-thread-16216#
[StageAppStep] Getting build "9cf43bfe-ca15-4300-b21e-5d126d5e447d"...#
#2026 05 08 03:51:35.200#Z#DEBUG#196a5c01-4a91-11f1-8594-eeee0a955217.OPERATION#flowable-async-job-executor-thread-16216#
[StageAppStep] Staging status of application "Loja-db-deployer": PENDING#
#2026 05 08 03:51:35.201#Z#DEBUG#196a5c01-4a91-11f1-8594-eeee0a955217.OPERATION#flowable-async-job-executor-thread-16216#
[StageAppStep] Getting application guid "Loja-db-deployer"...#
#2026 05 08 03:51:35.337#Z#DEBUG#196a5c01-4a91-11f1-8594-eeee0a955217.OPERATION#flowable-async-job-executor-thread-16216#
Step "Stage App" finished#
#2026 05 08 03:51:35.463#Z#DEBUG#196a5c01-4a91-11f1-8594-eeee0a955217.OPERATION#flowable-async-job-executor-thread-15784#
[DetermineVcapServicesPropertiesChangedStep] Executing task "determineVcapServicesPropertiesChangedTask" of process "35861930-4a91-11f1-8594-eeee0a955217"...#
#2026 05 08 03:51:35.471#Z#DEBUG#196a5c01-4a91-11f1-8594-eeee0a955217.OPERATION#flowable-async-job-executor-thread-15784#
[DetermineVcapServicesPropertiesChangedStep] VCAP_SERVICES properties for application "Loja-srv" changed: true#
#2026 05 08 03:51:35.471#Z#DEBUG#196a5c01-4a91-11f1-8594-eeee0a955217.OPERATION#flowable-async-job-executor-thread-15784#
Step "Determine vcap services properties changed" finished#
#2026 05 08 03:51:35.112#Z#DEBUG#196a5c01-4a91-11f1-8594-eeee0a955217.OPERATION#flowable-async-job-executor-thread-15785#
[UploadAppStep] Executing task "uploadAppTask" of process "2f74e7af-4a91-11f1-8594-eeee0a955217"...#
#2026 05 08 03:51:35.118#Z#DEBUG#196a5c01-4a91-11f1-8594-eeee0a955217.OPERATION#flowable-async-job-executor-thread-15785#
[UploadAppStep] Application upload timeout is default one: 3,600 seconds#
#2026 05 08 03:51:35.123#Z#DEBUG#196a5c01-4a91-11f1-8594-eeee0a955217.OPERATION#pool-21-thread-6#
[UploadAppStep] Upload of application: Loja started on instance: 1#
#2026 05 08 03:51:35.123#Z#DEBUG#196a5c01-4a91-11f1-8594-eeee0a955217.OPERATION#pool-21-thread-6#
[UploadAppStep] Uploading file "Loja/data.zip" for application "Loja"#
#2026 05 08 03:51:35.318#Z#INFO#196a5c01-4a91-11f1-8594-eeee0a955217.OPERATION#pool-21-thread-6#
[UploadAppStep] Time elapsed for app binary download: 195 in millis#
#2026 05 08 03:51:35.318#Z#INFO#196a5c01-4a91-11f1-8594-eeee0a955217.OPERATION#pool-21-thread-6#
[UploadAppStep] Size of app Loja is 7,593,494 bytes#
#2026 05 08 03:51:35.319#Z#DEBUG#196a5c01-4a91-11f1-8594-eeee0a955217.OPERATION#pool-21-thread-6#
[UploadAppStep] Asynchronously uploading binaries for application "Loja"...#
#2026 05 08 03:51:35.536#Z#DEBUG#196a5c01-4a91-11f1-8594-eeee0a955217.OPERATION#flowable-async-job-executor-thread-15784#
[UploadAppStep] Executing task "uploadAppTask" of process "35861930-4a91-11f1-8594-eeee0a955217"...#
#2026 05 08 03:51:35.538#Z#DEBUG#196a5c01-4a91-11f1-8594-eeee0a955217.OPERATION#flowable-async-job-executor-thread-15784#
[UploadAppStep] Application upload timeout is default one: 3,600 seconds#
#2026 05 08 03:51:35.538#Z#INFO#196a5c01-4a91-11f1-8594-eeee0a955217.OPERATION#flowable-async-job-executor-thread-15784#
[UploadAppStep] Uploading application "Loja-srv"...#
#2026 05 08 03:51:35.544#Z#DEBUG#196a5c01-4a91-11f1-8594-eeee0a955217.OPERATION#flowable-async-job-executor-thread-15784#
[UploadAppStep] Getting application "Loja-srv"...#
#2026 05 08 03:51:35.589#Z#DEBUG#196a5c01-4a91-11f1-8594-eeee0a955217.OPERATION#flowable-async-job-executor-thread-15784#
[UploadAppStep] Getting environment of application "ed9d4a9f-430f-4465-b7b8-1aeb69fb45fe"...#
#2026 05 08 03:51:35.621#Z#INFO#196a5c01-4a91-11f1-8594-eeee0a955217.OPERATION#flowable-async-job-executor-thread-15784#
[UploadAppStep] Calculating application digest: "Loja-srv"#
#2026 05 08 03:51:35.622#Z#INFO#196a5c01-4a91-11f1-8594-eeee0a955217.OPERATION#pool-21-thread-6#
[UploadAppStep] Started async upload of application "Loja"#
#2026 05 08 03:51:35.630#Z#INFO#196a5c01-4a91-11f1-8594-eeee0a955217.OPERATION#flowable-async-job-executor-thread-15785#
[UploadAppStep] Time elapsed for upload: 509 in millis#
#2026 05 08 03:51:35.630#Z#DEBUG#196a5c01-4a91-11f1-8594-eeee0a955217.OPERATION#flowable-async-job-executor-thread-15785#
[UploadAppStep] Getting application "Loja"...#
#2026 05 08 03:51:35.649#Z#DEBUG#196a5c01-4a91-11f1-8594-eeee0a955217.OPERATION#App upload monitor: 10344bdb-626a-4984-97c5-688404eda593#
[UploadAppStep] Upload status: PROCESSING_UPLOAD#
#2026 05 08 03:51:35.672#Z#DEBUG#196a5c01-4a91-11f1-8594-eeee0a955217.OPERATION#flowable-async-job-executor-thread-15785#
[UploadAppStep] Getting environment of application "873ff1b8-4d50-4112-a2cb-c2c99fe18e99"...#
#2026 05 08 03:51:35.686#Z#DEBUG#196a5c01-4a91-11f1-8594-eeee0a955217.OPERATION#flowable-async-job-executor-thread-15784#
Step "Upload App" finished#
#2026 05 08 03:51:35.715#Z#DEBUG#196a5c01-4a91-11f1-8594-eeee0a955217.OPERATION#flowable-async-job-executor-thread-15785#
[UploadAppStep] Updating environment of application "Loja"#
#2026 05 08 03:51:35.813#Z#DEBUG#196a5c01-4a91-11f1-8594-eeee0a955217.OPERATION#flowable-async-job-executor-thread-15785#
Step "Upload App" finished#
#2026 05 08 03:51:40.675#Z#DEBUG#196a5c01-4a91-11f1-8594-eeee0a955217.OPERATION#App upload monitor: 10344bdb-626a-4984-97c5-688404eda593#
[UploadAppStep] Upload status: PROCESSING_UPLOAD#
#2026 05 08 03:51:45.224#Z#DEBUG#196a5c01-4a91-11f1-8594-eeee0a955217.OPERATION#flowable-async-job-executor-thread-15793#
[UploadAppStep] Executing task "uploadAppTask" of process "2f74e7af-4a91-11f1-8594-eeee0a955217"...#
#2026 05 08 03:51:45.226#Z#DEBUG#196a5c01-4a91-11f1-8594-eeee0a955217.OPERATION#flowable-async-job-executor-thread-15793#
[UploadAppStep] Application upload timeout is default one: 3,600 seconds#
#2026 05 08 03:51:45.227#Z#DEBUG#196a5c01-4a91-11f1-8594-eeee0a955217.OPERATION#flowable-async-job-executor-thread-15793#
[UploadAppStep] Checking upload status of application "Loja"...#
#2026 05 08 03:51:45.228#Z#DEBUG#196a5c01-4a91-11f1-8594-eeee0a955217.OPERATION#flowable-async-job-executor-thread-15793#
[UploadAppStep] Getting package "10344bdb-626a-4984-97c5-688404eda593"...#
#2026 05 08 03:51:45.259#Z#DEBUG#196a5c01-4a91-11f1-8594-eeee0a955217.OPERATION#flowable-async-job-executor-thread-15793#
[UploadAppStep] Application "Loja" uploaded#
#2026 05 08 03:51:45.261#Z#DEBUG#196a5c01-4a91-11f1-8594-eeee0a955217.OPERATION#flowable-async-job-executor-thread-15793#
Step "Upload App" finished#
#2026 05 08 03:51:45.213#Z#DEBUG#196a5c01-4a91-11f1-8594-eeee0a955217.OPERATION#flowable-async-job-executor-thread-16222#
[StageAppStep] Executing task "stageAppTask" of process "24724d78-4a91-11f1-8594-eeee0a955217"...#
#2026 05 08 03:51:45.215#Z#DEBUG#196a5c01-4a91-11f1-8594-eeee0a955217.OPERATION#flowable-async-job-executor-thread-16222#
[StageAppStep] Application stage timeout is default one: 3,600 seconds#
#2026 05 08 03:51:45.217#Z#DEBUG#196a5c01-4a91-11f1-8594-eeee0a955217.OPERATION#flowable-async-job-executor-thread-16222#
[StageAppStep] Checking status of application "Loja-db-deployer"...#
#2026 05 08 03:51:45.217#Z#DEBUG#196a5c01-4a91-11f1-8594-eeee0a955217.OPERATION#flowable-async-job-executor-thread-16222#
[StageAppStep] Getting build "9cf43bfe-ca15-4300-b21e-5d126d5e447d"...#
#2026 05 08 03:51:45.253#Z#DEBUG#196a5c01-4a91-11f1-8594-eeee0a955217.OPERATION#flowable-async-job-executor-thread-16222#
[StageAppStep] Staging status of application "Loja-db-deployer": PENDING#
#2026 05 08 03:51:45.254#Z#DEBUG#196a5c01-4a91-11f1-8594-eeee0a955217.OPERATION#flowable-async-job-executor-thread-16222#
[StageAppStep] Getting application guid "Loja-db-deployer"...#
#2026 05 08 03:51:45.370#Z#DEBUG#196a5c01-4a91-11f1-8594-eeee0a955217.OPERATION#flowable-async-job-executor-thread-16222#
Step "Stage App" finished#
#2026 05 08 03:51:45.312#Z#DEBUG#196a5c01-4a91-11f1-8594-eeee0a955217.OPERATION#flowable-async-job-executor-thread-15793#
[ScaleAppStep] Executing task "scaleAppTask" of process "2f74e7af-4a91-11f1-8594-eeee0a955217"...#
#2026 05 08 03:51:45.317#Z#DEBUG#196a5c01-4a91-11f1-8594-eeee0a955217.OPERATION#flowable-async-job-executor-thread-15793#
[ScaleAppStep] Scaling application "Loja"...#
#2026 05 08 03:51:45.317#Z#DEBUG#196a5c01-4a91-11f1-8594-eeee0a955217.OPERATION#flowable-async-job-executor-thread-15793#
[ScaleAppStep] Getting application guid "Loja"...#
#2026 05 08 03:51:45.371#Z#DEBUG#196a5c01-4a91-11f1-8594-eeee0a955217.OPERATION#flowable-async-job-executor-thread-15793#
[ScaleAppStep] Getting process for application "873ff1b8-4d50-4112-a2cb-c2c99fe18e99"...#
#2026 05 08 03:51:45.404#Z#DEBUG#196a5c01-4a91-11f1-8594-eeee0a955217.OPERATION#flowable-async-job-executor-thread-15793#
[ScaleAppStep] Application "Loja" scaled#
#2026 05 08 03:51:45.404#Z#DEBUG#196a5c01-4a91-11f1-8594-eeee0a955217.OPERATION#flowable-async-job-executor-thread-15793#
Step "Scale App" finished#
#2026 05 08 03:51:45.440#Z#DEBUG#196a5c01-4a91-11f1-8594-eeee0a955217.OPERATION#flowable-async-job-executor-thread-15793#
[DetermineDesiredStateAchievingActionsStep] Executing task "determineDesiredStateAchievingActionsTask" of process "2f74e7af-4a91-11f1-8594-eeee0a955217"...#
#2026 05 08 03:51:45.442#Z#DEBUG#196a5c01-4a91-11f1-8594-eeee0a955217.OPERATION#flowable-async-job-executor-thread-15793#
[DetermineDesiredStateAchievingActionsStep] Getting application "Loja"...#
#2026 05 08 03:51:45.488#Z#DEBUG#196a5c01-4a91-11f1-8594-eeee0a955217.OPERATION#flowable-async-job-executor-thread-15793#
[DetermineDesiredStateAchievingActionsStep] Getting instances for application "Loja"...#
#2026 05 08 03:51:45.526#Z#DEBUG#196a5c01-4a91-11f1-8594-eeee0a955217.OPERATION#flowable-async-job-executor-thread-15793#
[DetermineDesiredStateAchievingActionsStep] Getting environment of application "873ff1b8-4d50-4112-a2cb-c2c99fe18e99"...#
#2026 05 08 03:51:45.559#Z#DEBUG#196a5c01-4a91-11f1-8594-eeee0a955217.OPERATION#flowable-async-job-executor-thread-15793#
[DetermineDesiredStateAchievingActionsStep] Current state of application Loja: STARTED#
#2026 05 08 03:51:45.559#Z#DEBUG#196a5c01-4a91-11f1-8594-eeee0a955217.OPERATION#flowable-async-job-executor-thread-15793#
[DetermineDesiredStateAchievingActionsStep] Desired state of application Loja: STARTED#
#2026 05 08 03:51:45.559#Z#DEBUG#196a5c01-4a91-11f1-8594-eeee0a955217.OPERATION#flowable-async-job-executor-thread-15793#
[DetermineDesiredStateAchievingActionsStep] Actions that should be executed on application Loja: [STOP, STAGE, START]#
#2026 05 08 03:51:45.559#Z#DEBUG#196a5c01-4a91-11f1-8594-eeee0a955217.OPERATION#flowable-async-job-executor-thread-15793#
Step "Determine Desired State Achieving Actions" finished#
#2026 05 08 03:51:45.703#Z#DEBUG#196a5c01-4a91-11f1-8594-eeee0a955217.OPERATION#App upload monitor: 10344bdb-626a-4984-97c5-688404eda593#
[UploadAppStep] Upload status: READY#
#2026 05 08 03:51:45.611#Z#DEBUG#196a5c01-4a91-11f1-8594-eeee0a955217.OPERATION#flowable-async-job-executor-thread-15793#
[StopAppStep] Executing task "stopAppTask" of process "2f74e7af-4a91-11f1-8594-eeee0a955217"...#
#2026 05 08 03:51:45.614#Z#INFO#196a5c01-4a91-11f1-8594-eeee0a955217.OPERATION#flowable-async-job-executor-thread-15793#
[StopAppStep] Stopping application "Loja"...#
#2026 05 08 03:51:45.631#Z#DEBUG#196a5c01-4a91-11f1-8594-eeee0a955217.OPERATION#flowable-async-job-executor-thread-15793#
[StopAppStep] Stopping application "Loja"...#
#2026 05 08 03:51:45.783#Z#DEBUG#196a5c01-4a91-11f1-8594-eeee0a955217.OPERATION#flowable-async-job-executor-thread-15793#
[StopAppStep] Application "Loja" stopped#
#2026 05 08 03:51:45.784#Z#DEBUG#196a5c01-4a91-11f1-8594-eeee0a955217.OPERATION#flowable-async-job-executor-thread-15793#
[StopAppStep] Getting environment of application "873ff1b8-4d50-4112-a2cb-c2c99fe18e99"...#
#2026 05 08 03:51:45.824#Z#DEBUG#196a5c01-4a91-11f1-8594-eeee0a955217.OPERATION#flowable-async-job-executor-thread-15793#
Step "Stop App" finished#
#2026 05 08 03:51:45.263#Z#DEBUG#196a5c01-4a91-11f1-8594-eeee0a955217.OPERATION#flowable-async-job-executor-thread-813#
[UploadAppStep] Executing task "uploadAppTask" of process "35861930-4a91-11f1-8594-eeee0a955217"...#
#2026 05 08 03:51:45.267#Z#DEBUG#196a5c01-4a91-11f1-8594-eeee0a955217.OPERATION#flowable-async-job-executor-thread-813#
[UploadAppStep] Application upload timeout is default one: 3,600 seconds#
#2026 05 08 03:51:45.272#Z#DEBUG#196a5c01-4a91-11f1-8594-eeee0a955217.OPERATION#pool-21-thread-6#
[UploadAppStep] Upload of application: Loja-srv started on instance: 0#
#2026 05 08 03:51:45.272#Z#DEBUG#196a5c01-4a91-11f1-8594-eeee0a955217.OPERATION#pool-21-thread-6#
[UploadAppStep] Uploading file "Loja-srv/data.zip" for application "Loja-srv"#
#2026 05 08 03:51:45.402#Z#INFO#196a5c01-4a91-11f1-8594-eeee0a955217.OPERATION#pool-21-thread-6#
[UploadAppStep] Time elapsed for app binary download: 130 in millis#
#2026 05 08 03:51:45.402#Z#INFO#196a5c01-4a91-11f1-8594-eeee0a955217.OPERATION#pool-21-thread-6#
[UploadAppStep] Size of app Loja-srv is 3,777,597 bytes#
#2026 05 08 03:51:45.403#Z#DEBUG#196a5c01-4a91-11f1-8594-eeee0a955217.OPERATION#pool-21-thread-6#
[UploadAppStep] Asynchronously uploading binaries for application "Loja-srv"...#
#2026 05 08 03:51:45.772#Z#INFO#196a5c01-4a91-11f1-8594-eeee0a955217.OPERATION#pool-21-thread-6#
[UploadAppStep] Started async upload of application "Loja-srv"#
#2026 05 08 03:51:45.784#Z#INFO#196a5c01-4a91-11f1-8594-eeee0a955217.OPERATION#flowable-async-job-executor-thread-813#
[UploadAppStep] Time elapsed for upload: 516 in millis#
#2026 05 08 03:51:45.784#Z#DEBUG#196a5c01-4a91-11f1-8594-eeee0a955217.OPERATION#flowable-async-job-executor-thread-813#
[UploadAppStep] Getting application "Loja-srv"...#
#2026 05 08 03:51:45.804#Z#DEBUG#196a5c01-4a91-11f1-8594-eeee0a955217.OPERATION#App upload monitor: 27943a9e-6062-47c3-ad83-289565505373#
[UploadAppStep] Upload status: PROCESSING_UPLOAD#
#2026 05 08 03:51:45.831#Z#DEBUG#196a5c01-4a91-11f1-8594-eeee0a955217.OPERATION#flowable-async-job-executor-thread-813#
[UploadAppStep] Getting environment of application "ed9d4a9f-430f-4465-b7b8-1aeb69fb45fe"...#
#2026 05 08 03:51:45.875#Z#DEBUG#196a5c01-4a91-11f1-8594-eeee0a955217.OPERATION#flowable-async-job-executor-thread-813#
[UploadAppStep] Updating environment of application "Loja-srv"#
#2026 05 08 03:51:45.984#Z#DEBUG#196a5c01-4a91-11f1-8594-eeee0a955217.OPERATION#flowable-async-job-executor-thread-813#
Step "Upload App" finished#
#2026 05 08 03:51:45.878#Z#DEBUG#196a5c01-4a91-11f1-8594-eeee0a955217.OPERATION#flowable-async-job-executor-thread-15793#
[StageAppStep] Executing task "stageAppTask" of process "3bbf1e0e-4a91-11f1-8594-eeee0a955217"...#
#2026 05 08 03:51:45.881#Z#DEBUG#196a5c01-4a91-11f1-8594-eeee0a955217.OPERATION#flowable-async-job-executor-thread-15793#
[StageAppStep] Application stage timeout is default one: 3,600 seconds#
#2026 05 08 03:51:45.882#Z#INFO#196a5c01-4a91-11f1-8594-eeee0a955217.OPERATION#flowable-async-job-executor-thread-15793#
[StageAppStep] Staging application "Loja"...#
#2026 05 08 03:51:45.888#Z#DEBUG#196a5c01-4a91-11f1-8594-eeee0a955217.OPERATION#flowable-async-job-executor-thread-15793#
[StageAppStep] Creating build for package "10344bdb-626a-4984-97c5-688404eda593"...#
#2026 05 08 03:51:46.473#Z#DEBUG#196a5c01-4a91-11f1-8594-eeee0a955217.OPERATION#flowable-async-job-executor-thread-15793#
Step "Stage App" finished#
#2026 05 08 03:51:50.835#Z#DEBUG#196a5c01-4a91-11f1-8594-eeee0a955217.OPERATION#App upload monitor: 27943a9e-6062-47c3-ad83-289565505373#
[UploadAppStep] Upload status: READY#
#2026 05 08 03:51:55.260#Z#DEBUG#196a5c01-4a91-11f1-8594-eeee0a955217.OPERATION#flowable-async-job-executor-thread-15802#
[UploadAppStep] Executing task "uploadAppTask" of process "35861930-4a91-11f1-8594-eeee0a955217"...#
#2026 05 08 03:51:55.265#Z#DEBUG#196a5c01-4a91-11f1-8594-eeee0a955217.OPERATION#flowable-async-job-executor-thread-15802#
[UploadAppStep] Application upload timeout is default one: 3,600 seconds#
#2026 05 08 03:51:55.265#Z#DEBUG#196a5c01-4a91-11f1-8594-eeee0a955217.OPERATION#flowable-async-job-executor-thread-15802#
[UploadAppStep] Checking upload status of application "Loja-srv"...#
#2026 05 08 03:51:55.267#Z#DEBUG#196a5c01-4a91-11f1-8594-eeee0a955217.OPERATION#flowable-async-job-executor-thread-15802#
[UploadAppStep] Getting package "27943a9e-6062-47c3-ad83-289565505373"...#
#2026 05 08 03:51:55.297#Z#DEBUG#196a5c01-4a91-11f1-8594-eeee0a955217.OPERATION#flowable-async-job-executor-thread-15802#
[UploadAppStep] Application "Loja-srv" uploaded#
#2026 05 08 03:51:55.299#Z#DEBUG#196a5c01-4a91-11f1-8594-eeee0a955217.OPERATION#flowable-async-job-executor-thread-15802#
Step "Upload App" finished#
#2026 05 08 03:51:55.315#Z#DEBUG#196a5c01-4a91-11f1-8594-eeee0a955217.OPERATION#flowable-async-job-executor-thread-15799#
[StageAppStep] Executing task "stageAppTask" of process "24724d78-4a91-11f1-8594-eeee0a955217"...#
#2026 05 08 03:51:55.321#Z#DEBUG#196a5c01-4a91-11f1-8594-eeee0a955217.OPERATION#flowable-async-job-executor-thread-15799#
[StageAppStep] Application stage timeout is default one: 3,600 seconds#
#2026 05 08 03:51:55.323#Z#DEBUG#196a5c01-4a91-11f1-8594-eeee0a955217.OPERATION#flowable-async-job-executor-thread-15799#
[StageAppStep] Checking status of application "Loja-db-deployer"...#
#2026 05 08 03:51:55.323#Z#DEBUG#196a5c01-4a91-11f1-8594-eeee0a955217.OPERATION#flowable-async-job-executor-thread-15799#
[StageAppStep] Getting build "9cf43bfe-ca15-4300-b21e-5d126d5e447d"...#
#2026 05 08 03:51:55.330#Z#DEBUG#196a5c01-4a91-11f1-8594-eeee0a955217.OPERATION#flowable-async-job-executor-thread-15797#
[StageAppStep] Executing task "stageAppTask" of process "3bbf1e0e-4a91-11f1-8594-eeee0a955217"...#
#2026 05 08 03:51:55.334#Z#DEBUG#196a5c01-4a91-11f1-8594-eeee0a955217.OPERATION#flowable-async-job-executor-thread-15797#
[StageAppStep] Application stage timeout is default one: 3,600 seconds#
#2026 05 08 03:51:55.335#Z#DEBUG#196a5c01-4a91-11f1-8594-eeee0a955217.OPERATION#flowable-async-job-executor-thread-15797#
[StageAppStep] Checking status of application "Loja"...#
#2026 05 08 03:51:55.335#Z#DEBUG#196a5c01-4a91-11f1-8594-eeee0a955217.OPERATION#flowable-async-job-executor-thread-15797#
[StageAppStep] Getting build "7720cae9-f3e0-47b0-ba2c-3d61b6b99709"...#
#2026 05 08 03:51:55.368#Z#DEBUG#196a5c01-4a91-11f1-8594-eeee0a955217.OPERATION#flowable-async-job-executor-thread-15797#
[StageAppStep] Staging status of application "Loja": PENDING#
#2026 05 08 03:51:55.370#Z#DEBUG#196a5c01-4a91-11f1-8594-eeee0a955217.OPERATION#flowable-async-job-executor-thread-15797#
[StageAppStep] Getting application guid "Loja"...#
#2026 05 08 03:51:55.377#Z#DEBUG#196a5c01-4a91-11f1-8594-eeee0a955217.OPERATION#flowable-async-job-executor-thread-15799#
[StageAppStep] Staging status of application "Loja-db-deployer": STAGED#
#2026 05 08 03:51:55.378#Z#DEBUG#196a5c01-4a91-11f1-8594-eeee0a955217.OPERATION#flowable-async-job-executor-thread-15799#
[StageAppStep] Getting application guid "Loja-db-deployer"...#
#2026 05 08 03:51:55.463#Z#DEBUG#196a5c01-4a91-11f1-8594-eeee0a955217.OPERATION#flowable-async-job-executor-thread-15799#
[StageAppStep] Getting build "9cf43bfe-ca15-4300-b21e-5d126d5e447d"...#
#2026 05 08 03:51:55.484#Z#DEBUG#196a5c01-4a91-11f1-8594-eeee0a955217.OPERATION#flowable-async-job-executor-thread-15797#
Step "Stage App" finished#
#2026 05 08 03:51:55.436#Z#DEBUG#196a5c01-4a91-11f1-8594-eeee0a955217.OPERATION#flowable-async-job-executor-thread-15801#
[ScaleAppStep] Executing task "scaleAppTask" of process "35861930-4a91-11f1-8594-eeee0a955217"...#
#2026 05 08 03:51:55.439#Z#DEBUG#196a5c01-4a91-11f1-8594-eeee0a955217.OPERATION#flowable-async-job-executor-thread-15801#
[ScaleAppStep] Scaling application "Loja-srv"...#
#2026 05 08 03:51:55.439#Z#DEBUG#196a5c01-4a91-11f1-8594-eeee0a955217.OPERATION#flowable-async-job-executor-thread-15801#
[ScaleAppStep] Getting application guid "Loja-srv"...#
#2026 05 08 03:51:55.482#Z#DEBUG#196a5c01-4a91-11f1-8594-eeee0a955217.OPERATION#flowable-async-job-executor-thread-15801#
[ScaleAppStep] Getting process for application "ed9d4a9f-430f-4465-b7b8-1aeb69fb45fe"...#
#2026 05 08 03:51:55.510#Z#DEBUG#196a5c01-4a91-11f1-8594-eeee0a955217.OPERATION#flowable-async-job-executor-thread-15801#
[ScaleAppStep] Application "Loja-srv" scaled#
#2026 05 08 03:51:55.510#Z#DEBUG#196a5c01-4a91-11f1-8594-eeee0a955217.OPERATION#flowable-async-job-executor-thread-15801#
Step "Scale App" finished#
#2026 05 08 03:51:55.493#Z#DEBUG#196a5c01-4a91-11f1-8594-eeee0a955217.OPERATION#flowable-async-job-executor-thread-15799#
[StageAppStep] Binding droplet "cfc6ac81-8c91-4362-9f9d-559871a3e730" to application "540913b5-ee82-43db-a33d-eb5577322406"...#
#2026 05 08 03:51:55.540#Z#INFO#196a5c01-4a91-11f1-8594-eeee0a955217.OPERATION#flowable-async-job-executor-thread-15799#
[StageAppStep] Application "Loja-db-deployer" staged#
#2026 05 08 03:51:55.548#Z#DEBUG#196a5c01-4a91-11f1-8594-eeee0a955217.OPERATION#flowable-async-job-executor-thread-15799#
Step "Stage App" finished#
#2026 05 08 03:51:55.645#Z#DEBUG#196a5c01-4a91-11f1-8594-eeee0a955217.OPERATION#flowable-async-job-executor-thread-15799#
[PrepareToExecuteTasksStep] Executing task "prepareToExecuteTasksTask" of process "41919876-4a91-11f1-8594-eeee0a955217"...#
#2026 05 08 03:51:55.647#Z#DEBUG#196a5c01-4a91-11f1-8594-eeee0a955217.OPERATION#flowable-async-job-executor-thread-15799#
Step "Prepare To Execute Tasks" finished#
#2026 05 08 03:51:55.544#Z#DEBUG#196a5c01-4a91-11f1-8594-eeee0a955217.OPERATION#flowable-async-job-executor-thread-15801#
[DetermineDesiredStateAchievingActionsStep] Executing task "determineDesiredStateAchievingActionsTask" of process "35861930-4a91-11f1-8594-eeee0a955217"...#
#2026 05 08 03:51:55.546#Z#DEBUG#196a5c01-4a91-11f1-8594-eeee0a955217.OPERATION#flowable-async-job-executor-thread-15801#
[DetermineDesiredStateAchievingActionsStep] Getting application "Loja-srv"...#
#2026 05 08 03:51:55.602#Z#DEBUG#196a5c01-4a91-11f1-8594-eeee0a955217.OPERATION#flowable-async-job-executor-thread-15801#
[DetermineDesiredStateAchievingActionsStep] Getting instances for application "Loja-srv"...#
#2026 05 08 03:51:55.660#Z#DEBUG#196a5c01-4a91-11f1-8594-eeee0a955217.OPERATION#flowable-async-job-executor-thread-15801#
[DetermineDesiredStateAchievingActionsStep] Getting environment of application "ed9d4a9f-430f-4465-b7b8-1aeb69fb45fe"...#
#2026 05 08 03:51:55.699#Z#DEBUG#196a5c01-4a91-11f1-8594-eeee0a955217.OPERATION#flowable-async-job-executor-thread-15801#
[DetermineDesiredStateAchievingActionsStep] Current state of application Loja-srv: STARTED#
#2026 05 08 03:51:55.699#Z#DEBUG#196a5c01-4a91-11f1-8594-eeee0a955217.OPERATION#flowable-async-job-executor-thread-15801#
[DetermineDesiredStateAchievingActionsStep] Desired state of application Loja-srv: STARTED#
#2026 05 08 03:51:55.699#Z#DEBUG#196a5c01-4a91-11f1-8594-eeee0a955217.OPERATION#flowable-async-job-executor-thread-15801#
[DetermineDesiredStateAchievingActionsStep] Actions that should be executed on application Loja-srv: [STOP, STAGE, START]#
#2026 05 08 03:51:55.699#Z#DEBUG#196a5c01-4a91-11f1-8594-eeee0a955217.OPERATION#flowable-async-job-executor-thread-15801#
Step "Determine Desired State Achieving Actions" finished#
#2026 05 08 03:51:55.740#Z#DEBUG#196a5c01-4a91-11f1-8594-eeee0a955217.OPERATION#flowable-async-job-executor-thread-15801#
[StopAppStep] Executing task "stopAppTask" of process "35861930-4a91-11f1-8594-eeee0a955217"...#
#2026 05 08 03:51:55.743#Z#INFO#196a5c01-4a91-11f1-8594-eeee0a955217.OPERATION#flowable-async-job-executor-thread-15801#
[StopAppStep] Stopping application "Loja-srv"...#
#2026 05 08 03:51:55.750#Z#DEBUG#196a5c01-4a91-11f1-8594-eeee0a955217.OPERATION#flowable-async-job-executor-thread-15801#
[StopAppStep] Stopping application "Loja-srv"...#
#2026 05 08 03:51:55.888#Z#DEBUG#196a5c01-4a91-11f1-8594-eeee0a955217.OPERATION#flowable-async-job-executor-thread-15801#
[StopAppStep] Application "Loja-srv" stopped#
#2026 05 08 03:51:55.889#Z#DEBUG#196a5c01-4a91-11f1-8594-eeee0a955217.OPERATION#flowable-async-job-executor-thread-15801#
[StopAppStep] Getting environment of application "ed9d4a9f-430f-4465-b7b8-1aeb69fb45fe"...#
#2026 05 08 03:51:55.927#Z#DEBUG#196a5c01-4a91-11f1-8594-eeee0a955217.OPERATION#flowable-async-job-executor-thread-15801#
Step "Stop App" finished#
#2026 05 08 03:51:55.682#Z#DEBUG#196a5c01-4a91-11f1-8594-eeee0a955217.OPERATION#flowable-async-job-executor-thread-15799#
[ExecuteTaskStep] Executing task "executeTaskTask" of process "41919876-4a91-11f1-8594-eeee0a955217"...#
#2026 05 08 03:51:55.685#Z#DEBUG#196a5c01-4a91-11f1-8594-eeee0a955217.OPERATION#flowable-async-job-executor-thread-15799#
[ExecuteTaskStep] Application task execution timeout is default one: 43,200 seconds#
#2026 05 08 03:51:55.687#Z#INFO#196a5c01-4a91-11f1-8594-eeee0a955217.OPERATION#flowable-async-job-executor-thread-15799#
[ExecuteTaskStep] Executing task "deploy" on application "Loja-db-deployer"...#
#2026 05 08 03:51:55.695#Z#DEBUG#196a5c01-4a91-11f1-8594-eeee0a955217.OPERATION#flowable-async-job-executor-thread-15799#
[ExecuteTaskStep] Running task on application "Loja-db-deployer": {
  "name" : "deploy",
  "command" : "npm start",
  "limits" : {
    "memory" : 256
  }
}#
#2026 05 08 03:51:56.026#Z#DEBUG#196a5c01-4a91-11f1-8594-eeee0a955217.OPERATION#flowable-async-job-executor-thread-15799#
Step "Execute Task" finished#
#2026 05 08 03:51:55.976#Z#DEBUG#196a5c01-4a91-11f1-8594-eeee0a955217.OPERATION#flowable-async-job-executor-thread-15801#
[StageAppStep] Executing task "stageAppTask" of process "41c48f7f-4a91-11f1-8594-eeee0a955217"...#
#2026 05 08 03:51:55.978#Z#DEBUG#196a5c01-4a91-11f1-8594-eeee0a955217.OPERATION#flowable-async-job-executor-thread-15801#
[StageAppStep] Application stage timeout is default one: 3,600 seconds#
#2026 05 08 03:51:55.980#Z#INFO#196a5c01-4a91-11f1-8594-eeee0a955217.OPERATION#flowable-async-job-executor-thread-15801#
[StageAppStep] Staging application "Loja-srv"...#
#2026 05 08 03:51:55.986#Z#DEBUG#196a5c01-4a91-11f1-8594-eeee0a955217.OPERATION#flowable-async-job-executor-thread-15801#
[StageAppStep] Creating build for package "27943a9e-6062-47c3-ad83-289565505373"...#
#2026 05 08 03:51:56.347#Z#DEBUG#196a5c01-4a91-11f1-8594-eeee0a955217.OPERATION#flowable-async-job-executor-thread-15801#
Step "Stage App" finished#
#2026 05 08 03:52:05.401#Z#DEBUG#196a5c01-4a91-11f1-8594-eeee0a955217.OPERATION#flowable-async-job-executor-thread-15804#
[StageAppStep] Executing task "stageAppTask" of process "3bbf1e0e-4a91-11f1-8594-eeee0a955217"...#
#2026 05 08 03:52:05.403#Z#DEBUG#196a5c01-4a91-11f1-8594-eeee0a955217.OPERATION#flowable-async-job-executor-thread-15804#
[StageAppStep] Application stage timeout is default one: 3,600 seconds#
#2026 05 08 03:52:05.404#Z#DEBUG#196a5c01-4a91-11f1-8594-eeee0a955217.OPERATION#flowable-async-job-executor-thread-15804#
[StageAppStep] Checking status of application "Loja"...#
#2026 05 08 03:52:05.404#Z#DEBUG#196a5c01-4a91-11f1-8594-eeee0a955217.OPERATION#flowable-async-job-executor-thread-15804#
[StageAppStep] Getting build "7720cae9-f3e0-47b0-ba2c-3d61b6b99709"...#
#2026 05 08 03:52:05.435#Z#DEBUG#196a5c01-4a91-11f1-8594-eeee0a955217.OPERATION#flowable-async-job-executor-thread-15804#
[StageAppStep] Staging status of application "Loja": PENDING#
#2026 05 08 03:52:05.439#Z#DEBUG#196a5c01-4a91-11f1-8594-eeee0a955217.OPERATION#flowable-async-job-executor-thread-15804#
[StageAppStep] Getting application guid "Loja"...#
#2026 05 08 03:52:05.542#Z#DEBUG#196a5c01-4a91-11f1-8594-eeee0a955217.OPERATION#flowable-async-job-executor-thread-15804#
Step "Stage App" finished#
#2026 05 08 03:52:05.408#Z#DEBUG#196a5c01-4a91-11f1-8594-eeee0a955217.OPERATION#flowable-async-job-executor-thread-15805#
[ExecuteTaskStep] Executing task "executeTaskTask" of process "41919876-4a91-11f1-8594-eeee0a955217"...#
#2026 05 08 03:52:05.410#Z#DEBUG#196a5c01-4a91-11f1-8594-eeee0a955217.OPERATION#flowable-async-job-executor-thread-15805#
[ExecuteTaskStep] Application task execution timeout is default one: 43,200 seconds#
#2026 05 08 03:52:05.412#Z#DEBUG#196a5c01-4a91-11f1-8594-eeee0a955217.OPERATION#flowable-async-job-executor-thread-15805#
[ExecuteTaskStep] Getting task "91b0f390-8511-4f03-a4eb-2c23a73921d0"...#
#2026 05 08 03:52:05.440#Z#DEBUG#196a5c01-4a91-11f1-8594-eeee0a955217.OPERATION#flowable-async-job-executor-thread-15805#
[ExecuteTaskStep] Task execution status: running#
#2026 05 08 03:52:05.441#Z#DEBUG#196a5c01-4a91-11f1-8594-eeee0a955217.OPERATION#flowable-async-job-executor-thread-15805#
[ExecuteTaskStep] Getting application guid "Loja-db-deployer"...#
#2026 05 08 03:52:05.573#Z#DEBUG#196a5c01-4a91-11f1-8594-eeee0a955217.OPERATION#flowable-async-job-executor-thread-15805#
Step "Execute Task" finished#
#2026 05 08 03:52:05.432#Z#DEBUG#196a5c01-4a91-11f1-8594-eeee0a955217.OPERATION#flowable-async-job-executor-thread-821#
[StageAppStep] Executing task "stageAppTask" of process "41c48f7f-4a91-11f1-8594-eeee0a955217"...#
#2026 05 08 03:52:05.437#Z#DEBUG#196a5c01-4a91-11f1-8594-eeee0a955217.OPERATION#flowable-async-job-executor-thread-821#
[StageAppStep] Application stage timeout is default one: 3,600 seconds#
#2026 05 08 03:52:05.439#Z#DEBUG#196a5c01-4a91-11f1-8594-eeee0a955217.OPERATION#flowable-async-job-executor-thread-821#
[StageAppStep] Checking status of application "Loja-srv"...#
#2026 05 08 03:52:05.439#Z#DEBUG#196a5c01-4a91-11f1-8594-eeee0a955217.OPERATION#flowable-async-job-executor-thread-821#
[StageAppStep] Getting build "dff873a8-b3f7-477d-a077-8d8e0931d2aa"...#
#2026 05 08 03:52:05.476#Z#DEBUG#196a5c01-4a91-11f1-8594-eeee0a955217.OPERATION#flowable-async-job-executor-thread-821#
[StageAppStep] Staging status of application "Loja-srv": PENDING#
#2026 05 08 03:52:05.477#Z#DEBUG#196a5c01-4a91-11f1-8594-eeee0a955217.OPERATION#flowable-async-job-executor-thread-821#
[StageAppStep] Getting application guid "Loja-srv"...#
#2026 05 08 03:52:05.597#Z#DEBUG#196a5c01-4a91-11f1-8594-eeee0a955217.OPERATION#flowable-async-job-executor-thread-821#
Step "Stage App" finished#
#2026 05 08 03:52:15.449#Z#DEBUG#196a5c01-4a91-11f1-8594-eeee0a955217.OPERATION#flowable-async-job-executor-thread-15815#
[ExecuteTaskStep] Executing task "executeTaskTask" of process "41919876-4a91-11f1-8594-eeee0a955217"...#
#2026 05 08 03:52:15.453#Z#DEBUG#196a5c01-4a91-11f1-8594-eeee0a955217.OPERATION#flowable-async-job-executor-thread-15815#
[ExecuteTaskStep] Application task execution timeout is default one: 43,200 seconds#
#2026 05 08 03:52:15.457#Z#DEBUG#196a5c01-4a91-11f1-8594-eeee0a955217.OPERATION#flowable-async-job-executor-thread-15815#
[ExecuteTaskStep] Getting task "91b0f390-8511-4f03-a4eb-2c23a73921d0"...#
#2026 05 08 03:52:15.492#Z#DEBUG#196a5c01-4a91-11f1-8594-eeee0a955217.OPERATION#flowable-async-job-executor-thread-15815#
[ExecuteTaskStep] Task execution status: failed#
#2026 05 08 03:52:15.493#Z#DEBUG#196a5c01-4a91-11f1-8594-eeee0a955217.OPERATION#flowable-async-job-executor-thread-15815#
[ExecuteTaskStep] Getting application guid "Loja-db-deployer"...#
#2026 05 08 03:52:15.573#Z#ERROR#196a5c01-4a91-11f1-8594-eeee0a955217.OPERATION#flowable-async-job-executor-thread-15815#
[ExecuteTaskStep] Execution of task "deploy" on application "Loja-db-deployer" failed.
Download the application logs via the dmol command and check them for more information.#
#2026 05 08 03:52:15.586#Z#ERROR#196a5c01-4a91-11f1-8594-eeee0a955217.OPERATION#flowable-async-job-executor-thread-15815#
Exception caught#
org.cloudfoundry.multiapps.common.SLException: A step of the process has failed. Retrying it may solve the issue.
	at org.cloudfoundry.multiapps.controller.process.steps.SyncFlowableStep.executeInternal(SyncFlowableStep.java:83)
	at org.cloudfoundry.multiapps.controller.process.steps.SyncFlowableStep.lambda$execute$0(SyncFlowableStep.java:71)
	at org.cloudfoundry.multiapps.controller.core.util.LoggingUtil.logWithCorrelationId(LoggingUtil.java:14)
	at org.cloudfoundry.multiapps.controller.process.steps.SyncFlowableStep.execute(SyncFlowableStep.java:71)
	at org.flowable.engine.impl.delegate.invocation.JavaDelegateInvocation.invoke(JavaDelegateInvocation.java:35)
	at org.flowable.engine.impl.delegate.invocation.DelegateInvocation.proceed(DelegateInvocation.java:32)
	at org.flowable.engine.impl.delegate.invocation.DefaultDelegateInterceptor.handleInvocation(DefaultDelegateInterceptor.java:26)
	at org.flowable.engine.impl.bpmn.behavior.ServiceTaskDelegateExpressionActivityBehavior.execute(ServiceTaskDelegateExpressionActivityBehavior.java:177)
	at org.flowable.engine.impl.agenda.ContinueProcessOperation.executeActivityBehavior(ContinueProcessOperation.java:298)
	at org.flowable.engine.impl.agenda.ContinueProcessOperation.executeSynchronous(ContinueProcessOperation.java:175)
	at org.flowable.engine.impl.agenda.ContinueProcessOperation.continueThroughFlowNode(ContinueProcessOperation.java:125)
	at org.flowable.engine.impl.agenda.ContinueProcessOperation.run(ContinueProcessOperation.java:88)
	at org.flowable.common.engine.impl.AbstractEngineConfiguration.lambda$new$0(AbstractEngineConfiguration.java:198)
	at org.flowable.engine.impl.interceptor.CommandInvoker.executeOperation(CommandInvoker.java:189)
	at org.flowable.engine.impl.interceptor.CommandInvoker.executeOperations(CommandInvoker.java:128)
	at org.flowable.engine.impl.interceptor.CommandInvoker.execute(CommandInvoker.java:80)
	at org.flowable.engine.impl.interceptor.BpmnOverrideContextInterceptor.execute(BpmnOverrideContextInterceptor.java:26)
	at org.flowable.common.engine.impl.interceptor.TransactionContextInterceptor.execute(TransactionContextInterceptor.java:53)
	at org.flowable.common.engine.impl.interceptor.CommandContextInterceptor.execute(CommandContextInterceptor.java:105)
	at org.flowable.common.spring.SpringTransactionInterceptor.lambda$execute$0(SpringTransactionInterceptor.java:57)
	at org.springframework.transaction.support.TransactionTemplate.execute(TransactionTemplate.java:140)
	at org.flowable.common.spring.SpringTransactionInterceptor.execute(SpringTransactionInterceptor.java:57)
	at org.flowable.common.engine.impl.interceptor.LogInterceptor.execute(LogInterceptor.java:30)
	at org.flowable.common.engine.impl.cfg.CommandExecutorImpl.execute(CommandExecutorImpl.java:56)
	at org.flowable.common.engine.impl.cfg.CommandExecutorImpl.execute(CommandExecutorImpl.java:51)
	at org.flowable.job.service.impl.asyncexecutor.ExecuteAsyncRunnable.handleTransactionalJob(ExecuteAsyncRunnable.java:177)
	at org.flowable.job.service.impl.asyncexecutor.ExecuteAsyncRunnable.executeJob(ExecuteAsyncRunnable.java:146)
	at org.flowable.job.service.impl.asyncexecutor.ExecuteAsyncRunnable.runInternally(ExecuteAsyncRunnable.java:122)
	at org.flowable.job.service.impl.asyncexecutor.ExecuteAsyncRunnable.run(ExecuteAsyncRunnable.java:96)
	at java.base/java.util.concurrent.ThreadPoolExecutor.runWorker(ThreadPoolExecutor.java:1090)
	at java.base/java.util.concurrent.ThreadPoolExecutor$Worker.run(ThreadPoolExecutor.java:614)
	at java.base/java.lang.Thread.run(Thread.java:1474)
#2026 05 08 03:52:15.594#Z#DEBUG#196a5c01-4a91-11f1-8594-eeee0a955217.OPERATION#flowable-async-job-executor-thread-15815#
Step "Execute Task" finished#
#2026 05 08 03:52:15.500#Z#DEBUG#196a5c01-4a91-11f1-8594-eeee0a955217.OPERATION#flowable-async-job-executor-thread-15811#
[StageAppStep] Executing task "stageAppTask" of process "41c48f7f-4a91-11f1-8594-eeee0a955217"...#
#2026 05 08 03:52:15.506#Z#DEBUG#196a5c01-4a91-11f1-8594-eeee0a955217.OPERATION#flowable-async-job-executor-thread-15811#
[StageAppStep] Application stage timeout is default one: 3,600 seconds#
#2026 05 08 03:52:15.507#Z#DEBUG#196a5c01-4a91-11f1-8594-eeee0a955217.OPERATION#flowable-async-job-executor-thread-15811#
[StageAppStep] Checking status of application "Loja-srv"...#
#2026 05 08 03:52:15.507#Z#DEBUG#196a5c01-4a91-11f1-8594-eeee0a955217.OPERATION#flowable-async-job-executor-thread-15811#
[StageAppStep] Getting build "dff873a8-b3f7-477d-a077-8d8e0931d2aa"...#
#2026 05 08 03:52:15.514#Z#DEBUG#196a5c01-4a91-11f1-8594-eeee0a955217.OPERATION#flowable-async-job-executor-thread-15810#
[StageAppStep] Executing task "stageAppTask" of process "3bbf1e0e-4a91-11f1-8594-eeee0a955217"...#
#2026 05 08 03:52:15.516#Z#DEBUG#196a5c01-4a91-11f1-8594-eeee0a955217.OPERATION#flowable-async-job-executor-thread-15810#
[StageAppStep] Application stage timeout is default one: 3,600 seconds#
#2026 05 08 03:52:15.518#Z#DEBUG#196a5c01-4a91-11f1-8594-eeee0a955217.OPERATION#flowable-async-job-executor-thread-15810#
[StageAppStep] Checking status of application "Loja"...#
#2026 05 08 03:52:15.518#Z#DEBUG#196a5c01-4a91-11f1-8594-eeee0a955217.OPERATION#flowable-async-job-executor-thread-15810#
[StageAppStep] Getting build "7720cae9-f3e0-47b0-ba2c-3d61b6b99709"...#
#2026 05 08 03:52:15.540#Z#DEBUG#196a5c01-4a91-11f1-8594-eeee0a955217.OPERATION#flowable-async-job-executor-thread-15811#
[StageAppStep] Staging status of application "Loja-srv": STAGED#
#2026 05 08 03:52:15.542#Z#DEBUG#196a5c01-4a91-11f1-8594-eeee0a955217.OPERATION#flowable-async-job-executor-thread-15811#
[StageAppStep] Getting application guid "Loja-srv"...#
#2026 05 08 03:52:15.551#Z#DEBUG#196a5c01-4a91-11f1-8594-eeee0a955217.OPERATION#flowable-async-job-executor-thread-15810#
[StageAppStep] Staging status of application "Loja": STAGED#
#2026 05 08 03:52:15.552#Z#DEBUG#196a5c01-4a91-11f1-8594-eeee0a955217.OPERATION#flowable-async-job-executor-thread-15810#
[StageAppStep] Getting application guid "Loja"...#
#2026 05 08 03:52:15.649#Z#DEBUG#196a5c01-4a91-11f1-8594-eeee0a955217.OPERATION#flowable-async-job-executor-thread-15811#
[StageAppStep] Getting build "dff873a8-b3f7-477d-a077-8d8e0931d2aa"...#
#2026 05 08 03:52:15.665#Z#DEBUG#196a5c01-4a91-11f1-8594-eeee0a955217.OPERATION#flowable-async-job-executor-thread-15810#
[StageAppStep] Getting build "7720cae9-f3e0-47b0-ba2c-3d61b6b99709"...#
#2026 05 08 03:52:15.679#Z#DEBUG#196a5c01-4a91-11f1-8594-eeee0a955217.OPERATION#flowable-async-job-executor-thread-15811#
[StageAppStep] Binding droplet "e2dd2b82-32f1-4dc3-96d0-b36b2230e6ec" to application "ed9d4a9f-430f-4465-b7b8-1aeb69fb45fe"...#
#2026 05 08 03:52:15.702#Z#DEBUG#196a5c01-4a91-11f1-8594-eeee0a955217.OPERATION#flowable-async-job-executor-thread-15810#
[StageAppStep] Binding droplet "1cb2f11f-9fb8-4c1a-a5a4-bd30aba8aaa1" to application "873ff1b8-4d50-4112-a2cb-c2c99fe18e99"...#
#2026 05 08 03:52:15.728#Z#INFO#196a5c01-4a91-11f1-8594-eeee0a955217.OPERATION#flowable-async-job-executor-thread-15811#
[StageAppStep] Application "Loja-srv" staged#
#2026 05 08 03:52:15.738#Z#DEBUG#196a5c01-4a91-11f1-8594-eeee0a955217.OPERATION#flowable-async-job-executor-thread-15811#
Step "Stage App" finished#
#2026 05 08 03:52:15.748#Z#INFO#196a5c01-4a91-11f1-8594-eeee0a955217.OPERATION#flowable-async-job-executor-thread-15810#
[StageAppStep] Application "Loja" staged#
#2026 05 08 03:52:15.756#Z#DEBUG#196a5c01-4a91-11f1-8594-eeee0a955217.OPERATION#flowable-async-job-executor-thread-15810#
Step "Stage App" finished#
#2026 05 08 03:52:15.787#Z#DEBUG#196a5c01-4a91-11f1-8594-eeee0a955217.OPERATION#flowable-async-job-executor-thread-15811#
[RestartAppStep] Executing task "startAppTask" of process "41c48f7f-4a91-11f1-8594-eeee0a955217"...#
#2026 05 08 03:52:15.793#Z#DEBUG#196a5c01-4a91-11f1-8594-eeee0a955217.OPERATION#flowable-async-job-executor-thread-15811#
[RestartAppStep] Application start timeout is default one: 3,600 seconds#
#2026 05 08 03:52:15.802#Z#DEBUG#196a5c01-4a91-11f1-8594-eeee0a955217.OPERATION#flowable-async-job-executor-thread-15810#
[RestartAppStep] Executing task "startAppTask" of process "3bbf1e0e-4a91-11f1-8594-eeee0a955217"...#
#2026 05 08 03:52:15.808#Z#DEBUG#196a5c01-4a91-11f1-8594-eeee0a955217.OPERATION#flowable-async-job-executor-thread-15810#
[RestartAppStep] Application start timeout is default one: 3,600 seconds#
#2026 05 08 03:52:15.870#Z#DEBUG#196a5c01-4a91-11f1-8594-eeee0a955217.OPERATION#flowable-async-job-executor-thread-15811#
[RestartAppStep] Getting application "Loja-srv"...#
#2026 05 08 03:52:15.889#Z#DEBUG#196a5c01-4a91-11f1-8594-eeee0a955217.OPERATION#flowable-async-job-executor-thread-15810#
[RestartAppStep] Getting application "Loja"...#
#2026 05 08 03:52:15.937#Z#INFO#196a5c01-4a91-11f1-8594-eeee0a955217.OPERATION#flowable-async-job-executor-thread-15811#
[RestartAppStep] Starting application "Loja-srv"...#
#2026 05 08 03:52:15.941#Z#INFO#196a5c01-4a91-11f1-8594-eeee0a955217.OPERATION#flowable-async-job-executor-thread-15810#
[RestartAppStep] Starting application "Loja"...#
#2026 05 08 03:52:15.943#Z#DEBUG#196a5c01-4a91-11f1-8594-eeee0a955217.OPERATION#flowable-async-job-executor-thread-15811#
[RestartAppStep] Starting application "Loja-srv"...#
#2026 05 08 03:52:15.947#Z#DEBUG#196a5c01-4a91-11f1-8594-eeee0a955217.OPERATION#flowable-async-job-executor-thread-15810#
[RestartAppStep] Starting application "Loja"...#
#2026 05 08 03:52:16.177#Z#DEBUG#196a5c01-4a91-11f1-8594-eeee0a955217.OPERATION#flowable-async-job-executor-thread-15811#
Step "Start App" finished#
#2026 05 08 03:52:16.274#Z#DEBUG#196a5c01-4a91-11f1-8594-eeee0a955217.OPERATION#flowable-async-job-executor-thread-15810#
Step "Start App" finished#
#2026 05 08 03:52:16.102#Z#DEBUG#196a5c01-4a91-11f1-8594-eeee0a955217.OPERATION#flowable-async-job-executor-thread-15816#
[ExecuteTaskStep] Executing task "executeTaskTask" of process "41919876-4a91-11f1-8594-eeee0a955217"...#
#2026 05 08 03:52:16.105#Z#DEBUG#196a5c01-4a91-11f1-8594-eeee0a955217.OPERATION#flowable-async-job-executor-thread-15816#
[ExecuteTaskStep] Application task execution timeout is default one: 43,200 seconds#
#2026 05 08 03:52:16.108#Z#INFO#196a5c01-4a91-11f1-8594-eeee0a955217.OPERATION#flowable-async-job-executor-thread-15816#
[ExecuteTaskStep] Executing task "deploy" on application "Loja-db-deployer"...#
#2026 05 08 03:52:16.113#Z#DEBUG#196a5c01-4a91-11f1-8594-eeee0a955217.OPERATION#flowable-async-job-executor-thread-15816#
[ExecuteTaskStep] Running task on application "Loja-db-deployer": {
  "name" : "deploy",
  "command" : "npm start",
  "limits" : {
    "memory" : 256
  }
}#
#2026 05 08 03:52:16.395#Z#DEBUG#196a5c01-4a91-11f1-8594-eeee0a955217.OPERATION#flowable-async-job-executor-thread-15816#
Step "Execute Task" finished#
#2026 05 08 03:52:25.581#Z#DEBUG#196a5c01-4a91-11f1-8594-eeee0a955217.OPERATION#flowable-async-job-executor-thread-16249#
[ExecuteTaskStep] Executing task "executeTaskTask" of process "41919876-4a91-11f1-8594-eeee0a955217"...#
#2026 05 08 03:52:25.584#Z#DEBUG#196a5c01-4a91-11f1-8594-eeee0a955217.OPERATION#flowable-async-job-executor-thread-16249#
[ExecuteTaskStep] Application task execution timeout is default one: 43,200 seconds#
#2026 05 08 03:52:25.587#Z#DEBUG#196a5c01-4a91-11f1-8594-eeee0a955217.OPERATION#flowable-async-job-executor-thread-16249#
[ExecuteTaskStep] Getting task "2f452b45-110f-4d4a-96d5-5059f06a366a"...#
#2026 05 08 03:52:25.630#Z#DEBUG#196a5c01-4a91-11f1-8594-eeee0a955217.OPERATION#flowable-async-job-executor-thread-16249#
[ExecuteTaskStep] Task execution status: running#
#2026 05 08 03:52:25.632#Z#DEBUG#196a5c01-4a91-11f1-8594-eeee0a955217.OPERATION#flowable-async-job-executor-thread-16249#
[ExecuteTaskStep] Getting application guid "Loja-db-deployer"...#
#2026 05 08 03:52:25.749#Z#DEBUG#196a5c01-4a91-11f1-8594-eeee0a955217.OPERATION#flowable-async-job-executor-thread-16249#
Step "Execute Task" finished#
#2026 05 08 03:52:25.786#Z#DEBUG#196a5c01-4a91-11f1-8594-eeee0a955217.OPERATION#flowable-async-job-executor-thread-15822#
Step "Start App" finished#
#2026 05 08 03:52:25.562#Z#DEBUG#196a5c01-4a91-11f1-8594-eeee0a955217.OPERATION#flowable-async-job-executor-thread-15821#
[RestartAppStep] Executing task "startAppTask" of process "4dd69dcc-4a91-11f1-8594-eeee0a955217"...#
#2026 05 08 03:52:25.565#Z#DEBUG#196a5c01-4a91-11f1-8594-eeee0a955217.OPERATION#flowable-async-job-executor-thread-15822#
[RestartAppStep] Executing task "startAppTask" of process "4de543d6-4a91-11f1-8594-eeee0a955217"...#
#2026 05 08 03:52:25.567#Z#DEBUG#196a5c01-4a91-11f1-8594-eeee0a955217.OPERATION#flowable-async-job-executor-thread-15821#
[RestartAppStep] Application start timeout is default one: 3,600 seconds#
#2026 05 08 03:52:25.568#Z#DEBUG#196a5c01-4a91-11f1-8594-eeee0a955217.OPERATION#flowable-async-job-executor-thread-15821#
[RestartAppStep] Checking status of application "Loja-srv"...#
#2026 05 08 03:52:25.568#Z#DEBUG#196a5c01-4a91-11f1-8594-eeee0a955217.OPERATION#flowable-async-job-executor-thread-15821#
[RestartAppStep] Getting application "Loja-srv"...#
#2026 05 08 03:52:25.569#Z#DEBUG#196a5c01-4a91-11f1-8594-eeee0a955217.OPERATION#flowable-async-job-executor-thread-15822#
[RestartAppStep] Application start timeout is default one: 3,600 seconds#
#2026 05 08 03:52:25.570#Z#DEBUG#196a5c01-4a91-11f1-8594-eeee0a955217.OPERATION#flowable-async-job-executor-thread-15822#
[RestartAppStep] Checking status of application "Loja"...#
#2026 05 08 03:52:25.570#Z#DEBUG#196a5c01-4a91-11f1-8594-eeee0a955217.OPERATION#flowable-async-job-executor-thread-15822#
[RestartAppStep] Getting application "Loja"...#
#2026 05 08 03:52:25.616#Z#DEBUG#196a5c01-4a91-11f1-8594-eeee0a955217.OPERATION#flowable-async-job-executor-thread-15821#
[RestartAppStep] Getting instances for application "Loja-srv"...#
#2026 05 08 03:52:25.628#Z#DEBUG#196a5c01-4a91-11f1-8594-eeee0a955217.OPERATION#flowable-async-job-executor-thread-15822#
[RestartAppStep] Getting instances for application "Loja"...#
#2026 05 08 03:52:25.660#Z#DEBUG#196a5c01-4a91-11f1-8594-eeee0a955217.OPERATION#flowable-async-job-executor-thread-15821#
[RestartAppStep] Application "Loja-srv": 1 of 1 instances running (1 running)#
#2026 05 08 03:52:25.675#Z#DEBUG#196a5c01-4a91-11f1-8594-eeee0a955217.OPERATION#flowable-async-job-executor-thread-15822#
[RestartAppStep] Application "Loja": 1 of 1 instances running (1 running)#
#2026 05 08 03:52:25.728#Z#DEBUG#196a5c01-4a91-11f1-8594-eeee0a955217.OPERATION#flowable-async-job-executor-thread-15821#
[RestartAppStep] Getting routes for application "ed9d4a9f-430f-4465-b7b8-1aeb69fb45fe"...#
#2026 05 08 03:52:25.739#Z#DEBUG#196a5c01-4a91-11f1-8594-eeee0a955217.OPERATION#flowable-async-job-executor-thread-15822#
[RestartAppStep] Getting routes for application "873ff1b8-4d50-4112-a2cb-c2c99fe18e99"...#
#2026 05 08 03:52:25.774#Z#INFO#196a5c01-4a91-11f1-8594-eeee0a955217.OPERATION#flowable-async-job-executor-thread-15821#
[RestartAppStep] Application "Loja-srv" started and available at "03462a2ftrial-dev-loja-srv.cfapps.us10-001.hana.ondemand.com"#
#2026 05 08 03:52:25.778#Z#INFO#196a5c01-4a91-11f1-8594-eeee0a955217.OPERATION#flowable-async-job-executor-thread-15822#
[RestartAppStep] Application "Loja" started and available at "03462a2ftrial-dev-loja.cfapps.us10-001.hana.ondemand.com"#
#2026 05 08 03:52:25.781#Z#DEBUG#196a5c01-4a91-11f1-8594-eeee0a955217.OPERATION#flowable-async-job-executor-thread-15821#
Step "Start App" finished#
#2026 05 08 03:52:35.640#Z#DEBUG#196a5c01-4a91-11f1-8594-eeee0a955217.OPERATION#flowable-async-job-executor-thread-15829#
[RestartAppStep] Executing task "startAppTask" of process "5390ae64-4a91-11f1-8594-eeee0a955217"...#
#2026 05 08 03:52:35.643#Z#DEBUG#196a5c01-4a91-11f1-8594-eeee0a955217.OPERATION#flowable-async-job-executor-thread-15829#
[RestartAppStep] Application start timeout is default one: 3,600 seconds#
#2026 05 08 03:52:35.645#Z#DEBUG#196a5c01-4a91-11f1-8594-eeee0a955217.OPERATION#flowable-async-job-executor-thread-15829#
Step "Start App" finished#
#2026 05 08 03:52:35.658#Z#DEBUG#196a5c01-4a91-11f1-8594-eeee0a955217.OPERATION#flowable-async-job-executor-thread-16257#
[RestartAppStep] Executing task "startAppTask" of process "5390121b-4a91-11f1-8594-eeee0a955217"...#
#2026 05 08 03:52:35.662#Z#DEBUG#196a5c01-4a91-11f1-8594-eeee0a955217.OPERATION#flowable-async-job-executor-thread-16257#
[RestartAppStep] Application start timeout is default one: 3,600 seconds#
#2026 05 08 03:52:35.666#Z#DEBUG#196a5c01-4a91-11f1-8594-eeee0a955217.OPERATION#flowable-async-job-executor-thread-16257#
Step "Start App" finished#
#2026 05 08 03:52:35.741#Z#DEBUG#196a5c01-4a91-11f1-8594-eeee0a955217.OPERATION#flowable-async-job-executor-thread-15829#
[PrepareToExecuteTasksStep] Executing task "prepareToExecuteTasksTask" of process "5978377a-4a91-11f1-8594-eeee0a955217"...#
#2026 05 08 03:52:35.745#Z#DEBUG#196a5c01-4a91-11f1-8594-eeee0a955217.OPERATION#flowable-async-job-executor-thread-15829#
Step "Prepare To Execute Tasks" finished#
#2026 05 08 03:52:35.780#Z#DEBUG#196a5c01-4a91-11f1-8594-eeee0a955217.OPERATION#flowable-async-job-executor-thread-16259#
[PrepareToExecuteTasksStep] Executing task "prepareToExecuteTasksTask" of process "597cf2a0-4a91-11f1-be89-eeee0a8b5731"...#
#2026 05 08 03:52:35.783#Z#DEBUG#196a5c01-4a91-11f1-8594-eeee0a955217.OPERATION#flowable-async-job-executor-thread-16259#
Step "Prepare To Execute Tasks" finished#
#2026 05 08 03:52:35.625#Z#DEBUG#196a5c01-4a91-11f1-8594-eeee0a955217.OPERATION#flowable-async-job-executor-thread-835#
[ExecuteTaskStep] Executing task "executeTaskTask" of process "41919876-4a91-11f1-8594-eeee0a955217"...#
#2026 05 08 03:52:35.629#Z#DEBUG#196a5c01-4a91-11f1-8594-eeee0a955217.OPERATION#flowable-async-job-executor-thread-835#
[ExecuteTaskStep] Application task execution timeout is default one: 43,200 seconds#
#2026 05 08 03:52:35.631#Z#DEBUG#196a5c01-4a91-11f1-8594-eeee0a955217.OPERATION#flowable-async-job-executor-thread-835#
[ExecuteTaskStep] Getting task "2f452b45-110f-4d4a-96d5-5059f06a366a"...#
#2026 05 08 03:52:35.670#Z#DEBUG#196a5c01-4a91-11f1-8594-eeee0a955217.OPERATION#flowable-async-job-executor-thread-835#
[ExecuteTaskStep] Task execution status: failed#
#2026 05 08 03:52:35.673#Z#DEBUG#196a5c01-4a91-11f1-8594-eeee0a955217.OPERATION#flowable-async-job-executor-thread-835#
[ExecuteTaskStep] Getting application guid "Loja-db-deployer"...#
#2026 05 08 03:52:35.785#Z#ERROR#196a5c01-4a91-11f1-8594-eeee0a955217.OPERATION#flowable-async-job-executor-thread-835#
[ExecuteTaskStep] Execution of task "deploy" on application "Loja-db-deployer" failed.
Download the application logs via the dmol command and check them for more information.#
#2026 05 08 03:52:35.798#Z#ERROR#196a5c01-4a91-11f1-8594-eeee0a955217.OPERATION#flowable-async-job-executor-thread-835#
Exception caught#
org.cloudfoundry.multiapps.common.SLException: A step of the process has failed. Retrying it may solve the issue.
	at org.cloudfoundry.multiapps.controller.process.steps.SyncFlowableStep.executeInternal(SyncFlowableStep.java:83)
	at org.cloudfoundry.multiapps.controller.process.steps.SyncFlowableStep.lambda$execute$0(SyncFlowableStep.java:71)
	at org.cloudfoundry.multiapps.controller.core.util.LoggingUtil.logWithCorrelationId(LoggingUtil.java:14)
	at org.cloudfoundry.multiapps.controller.process.steps.SyncFlowableStep.execute(SyncFlowableStep.java:71)
	at org.flowable.engine.impl.delegate.invocation.JavaDelegateInvocation.invoke(JavaDelegateInvocation.java:35)
	at org.flowable.engine.impl.delegate.invocation.DelegateInvocation.proceed(DelegateInvocation.java:32)
	at org.flowable.engine.impl.delegate.invocation.DefaultDelegateInterceptor.handleInvocation(DefaultDelegateInterceptor.java:26)
	at org.flowable.engine.impl.bpmn.behavior.ServiceTaskDelegateExpressionActivityBehavior.execute(ServiceTaskDelegateExpressionActivityBehavior.java:177)
	at org.flowable.engine.impl.agenda.ContinueProcessOperation.executeActivityBehavior(ContinueProcessOperation.java:298)
	at org.flowable.engine.impl.agenda.ContinueProcessOperation.executeSynchronous(ContinueProcessOperation.java:175)
	at org.flowable.engine.impl.agenda.ContinueProcessOperation.continueThroughFlowNode(ContinueProcessOperation.java:125)
	at org.flowable.engine.impl.agenda.ContinueProcessOperation.run(ContinueProcessOperation.java:88)
	at org.flowable.common.engine.impl.AbstractEngineConfiguration.lambda$new$0(AbstractEngineConfiguration.java:198)
	at org.flowable.engine.impl.interceptor.CommandInvoker.executeOperation(CommandInvoker.java:189)
	at org.flowable.engine.impl.interceptor.CommandInvoker.executeOperations(CommandInvoker.java:128)
	at org.flowable.engine.impl.interceptor.CommandInvoker.execute(CommandInvoker.java:80)
	at org.flowable.engine.impl.interceptor.BpmnOverrideContextInterceptor.execute(BpmnOverrideContextInterceptor.java:26)
	at org.flowable.common.engine.impl.interceptor.TransactionContextInterceptor.execute(TransactionContextInterceptor.java:53)
	at org.flowable.common.engine.impl.interceptor.CommandContextInterceptor.execute(CommandContextInterceptor.java:105)
	at org.flowable.common.spring.SpringTransactionInterceptor.lambda$execute$0(SpringTransactionInterceptor.java:57)
	at org.springframework.transaction.support.TransactionTemplate.execute(TransactionTemplate.java:140)
	at org.flowable.common.spring.SpringTransactionInterceptor.execute(SpringTransactionInterceptor.java:57)
	at org.flowable.common.engine.impl.interceptor.LogInterceptor.execute(LogInterceptor.java:30)
	at org.flowable.common.engine.impl.cfg.CommandExecutorImpl.execute(CommandExecutorImpl.java:56)
	at org.flowable.common.engine.impl.cfg.CommandExecutorImpl.execute(CommandExecutorImpl.java:51)
	at org.flowable.job.service.impl.asyncexecutor.ExecuteAsyncRunnable.handleTransactionalJob(ExecuteAsyncRunnable.java:177)
	at org.flowable.job.service.impl.asyncexecutor.ExecuteAsyncRunnable.executeJob(ExecuteAsyncRunnable.java:146)
	at org.flowable.job.service.impl.asyncexecutor.ExecuteAsyncRunnable.runInternally(ExecuteAsyncRunnable.java:122)
	at org.flowable.job.service.impl.asyncexecutor.ExecuteAsyncRunnable.run(ExecuteAsyncRunnable.java:96)
	at java.base/java.util.concurrent.ThreadPoolExecutor.runWorker(ThreadPoolExecutor.java:1090)
	at java.base/java.util.concurrent.ThreadPoolExecutor$Worker.run(ThreadPoolExecutor.java:614)
	at java.base/java.lang.Thread.run(Thread.java:1474)
#2026 05 08 03:52:35.810#Z#DEBUG#196a5c01-4a91-11f1-8594-eeee0a955217.OPERATION#flowable-async-job-executor-thread-835#
Step "Execute Task" finished#
#2026 05 08 03:52:35.849#Z#DEBUG#196a5c01-4a91-11f1-8594-eeee0a955217.OPERATION#flowable-async-job-executor-thread-15829#
[PublishConfigurationEntriesStep] Executing task "publishProvidedDependenciesTask" of process "59715987-4a91-11f1-8594-eeee0a955217"...#
#2026 05 08 03:52:35.850#Z#DEBUG#196a5c01-4a91-11f1-8594-eeee0a955217.OPERATION#flowable-async-job-executor-thread-15829#
[PublishConfigurationEntriesStep] Publishing public provided dependencies for application "Loja"...#
#2026 05 08 03:52:35.851#Z#DEBUG#196a5c01-4a91-11f1-8594-eeee0a955217.OPERATION#flowable-async-job-executor-thread-15829#
[PublishConfigurationEntriesStep] No public provided dependencies for publishing#
#2026 05 08 03:52:35.851#Z#DEBUG#196a5c01-4a91-11f1-8594-eeee0a955217.OPERATION#flowable-async-job-executor-thread-15829#
Step "Publish Provided Dependencies" finished#
#2026 05 08 03:52:35.868#Z#DEBUG#196a5c01-4a91-11f1-8594-eeee0a955217.OPERATION#flowable-async-job-executor-thread-16260#
[PublishConfigurationEntriesStep] Executing task "publishProvidedDependenciesTask" of process "5974b51d-4a91-11f1-be89-eeee0a8b5731"...#
#2026 05 08 03:52:35.870#Z#DEBUG#196a5c01-4a91-11f1-8594-eeee0a955217.OPERATION#flowable-async-job-executor-thread-16260#
[PublishConfigurationEntriesStep] Publishing public provided dependencies for application "Loja-srv"...#
#2026 05 08 03:52:35.871#Z#DEBUG#196a5c01-4a91-11f1-8594-eeee0a955217.OPERATION#flowable-async-job-executor-thread-16260#
[PublishConfigurationEntriesStep] No public provided dependencies for publishing#
#2026 05 08 03:52:35.871#Z#DEBUG#196a5c01-4a91-11f1-8594-eeee0a955217.OPERATION#flowable-async-job-executor-thread-16260#
Step "Publish Provided Dependencies" finished#
#2026 05 08 03:52:35.891#Z#DEBUG#196a5c01-4a91-11f1-8594-eeee0a955217.OPERATION#flowable-async-job-executor-thread-15829#
[CreateOrUpdateServiceBrokerStep] Executing task "createOrUpdateServiceBrokerTask" of process "59715987-4a91-11f1-8594-eeee0a955217"...#
#2026 05 08 03:52:35.893#Z#DEBUG#196a5c01-4a91-11f1-8594-eeee0a955217.OPERATION#flowable-async-job-executor-thread-15829#
[CreateOrUpdateServiceBrokerStep] Creating service brokers...#
#2026 05 08 03:52:35.894#Z#DEBUG#196a5c01-4a91-11f1-8594-eeee0a955217.OPERATION#flowable-async-job-executor-thread-15829#
Step "Create Or Update Service Broker " finished#
#2026 05 08 03:52:35.918#Z#DEBUG#196a5c01-4a91-11f1-8594-eeee0a955217.OPERATION#flowable-async-job-executor-thread-16261#
[CreateOrUpdateServiceBrokerStep] Executing task "createOrUpdateServiceBrokerTask" of process "5974b51d-4a91-11f1-be89-eeee0a8b5731"...#
#2026 05 08 03:52:35.920#Z#DEBUG#196a5c01-4a91-11f1-8594-eeee0a955217.OPERATION#flowable-async-job-executor-thread-16261#
[CreateOrUpdateServiceBrokerStep] Creating service brokers...#
#2026 05 08 03:52:35.921#Z#DEBUG#196a5c01-4a91-11f1-8594-eeee0a955217.OPERATION#flowable-async-job-executor-thread-16261#
Step "Create Or Update Service Broker " finished#
#2026 05 08 03:52:37.468#Z#DEBUG#196a5c01-4a91-11f1-8594-eeee0a955217.OPERATION#flowable-async-job-executor-thread-15830#
[ExecuteTaskStep] Executing task "executeTaskTask" of process "41919876-4a91-11f1-8594-eeee0a955217"...#
#2026 05 08 03:52:37.471#Z#DEBUG#196a5c01-4a91-11f1-8594-eeee0a955217.OPERATION#flowable-async-job-executor-thread-15830#
[ExecuteTaskStep] Application task execution timeout is default one: 43,200 seconds#
#2026 05 08 03:52:37.474#Z#INFO#196a5c01-4a91-11f1-8594-eeee0a955217.OPERATION#flowable-async-job-executor-thread-15830#
[ExecuteTaskStep] Executing task "deploy" on application "Loja-db-deployer"...#
#2026 05 08 03:52:37.480#Z#DEBUG#196a5c01-4a91-11f1-8594-eeee0a955217.OPERATION#flowable-async-job-executor-thread-15830#
[ExecuteTaskStep] Running task on application "Loja-db-deployer": {
  "name" : "deploy",
  "command" : "npm start",
  "limits" : {
    "memory" : 256
  }
}#
#2026 05 08 03:52:37.742#Z#DEBUG#196a5c01-4a91-11f1-8594-eeee0a955217.OPERATION#flowable-async-job-executor-thread-15830#
Step "Execute Task" finished#
#2026 05 08 03:52:45.696#Z#DEBUG#196a5c01-4a91-11f1-8594-eeee0a955217.OPERATION#flowable-async-job-executor-thread-15838#
[ExecuteTaskStep] Executing task "executeTaskTask" of process "41919876-4a91-11f1-8594-eeee0a955217"...#
#2026 05 08 03:52:45.700#Z#DEBUG#196a5c01-4a91-11f1-8594-eeee0a955217.OPERATION#flowable-async-job-executor-thread-15838#
[ExecuteTaskStep] Application task execution timeout is default one: 43,200 seconds#
#2026 05 08 03:52:45.704#Z#DEBUG#196a5c01-4a91-11f1-8594-eeee0a955217.OPERATION#flowable-async-job-executor-thread-15838#
[ExecuteTaskStep] Getting task "b5c18d5c-ecbf-4d02-8c46-5915927a512e"...#
#2026 05 08 03:52:45.735#Z#DEBUG#196a5c01-4a91-11f1-8594-eeee0a955217.OPERATION#flowable-async-job-executor-thread-15838#
[ExecuteTaskStep] Task execution status: running#
#2026 05 08 03:52:45.737#Z#DEBUG#196a5c01-4a91-11f1-8594-eeee0a955217.OPERATION#flowable-async-job-executor-thread-15838#
[ExecuteTaskStep] Getting application guid "Loja-db-deployer"...#
#2026 05 08 03:52:45.817#Z#DEBUG#196a5c01-4a91-11f1-8594-eeee0a955217.OPERATION#flowable-async-job-executor-thread-15838#
Step "Execute Task" finished#
#2026 05 08 03:52:55.797#Z#DEBUG#196a5c01-4a91-11f1-8594-eeee0a955217.OPERATION#flowable-async-job-executor-thread-15845#
[ExecuteTaskStep] Executing task "executeTaskTask" of process "41919876-4a91-11f1-8594-eeee0a955217"...#
#2026 05 08 03:52:55.801#Z#DEBUG#196a5c01-4a91-11f1-8594-eeee0a955217.OPERATION#flowable-async-job-executor-thread-15845#
[ExecuteTaskStep] Application task execution timeout is default one: 43,200 seconds#
#2026 05 08 03:52:55.804#Z#DEBUG#196a5c01-4a91-11f1-8594-eeee0a955217.OPERATION#flowable-async-job-executor-thread-15845#
[ExecuteTaskStep] Getting task "b5c18d5c-ecbf-4d02-8c46-5915927a512e"...#
#2026 05 08 03:52:55.849#Z#DEBUG#196a5c01-4a91-11f1-8594-eeee0a955217.OPERATION#flowable-async-job-executor-thread-15845#
[ExecuteTaskStep] Task execution status: failed#
#2026 05 08 03:52:55.851#Z#DEBUG#196a5c01-4a91-11f1-8594-eeee0a955217.OPERATION#flowable-async-job-executor-thread-15845#
[ExecuteTaskStep] Getting application guid "Loja-db-deployer"...#
#2026 05 08 03:52:55.962#Z#ERROR#196a5c01-4a91-11f1-8594-eeee0a955217.OPERATION#flowable-async-job-executor-thread-15845#
[ExecuteTaskStep] Execution of task "deploy" on application "Loja-db-deployer" failed.
Download the application logs via the dmol command and check them for more information.#
#2026 05 08 03:52:55.972#Z#ERROR#196a5c01-4a91-11f1-8594-eeee0a955217.OPERATION#flowable-async-job-executor-thread-15845#
Exception caught#
org.cloudfoundry.multiapps.common.SLException: A step of the process has failed. Retrying it may solve the issue.
	at org.cloudfoundry.multiapps.controller.process.steps.SyncFlowableStep.executeInternal(SyncFlowableStep.java:83)
	at org.cloudfoundry.multiapps.controller.process.steps.SyncFlowableStep.lambda$execute$0(SyncFlowableStep.java:71)
	at org.cloudfoundry.multiapps.controller.core.util.LoggingUtil.logWithCorrelationId(LoggingUtil.java:14)
	at org.cloudfoundry.multiapps.controller.process.steps.SyncFlowableStep.execute(SyncFlowableStep.java:71)
	at org.flowable.engine.impl.delegate.invocation.JavaDelegateInvocation.invoke(JavaDelegateInvocation.java:35)
	at org.flowable.engine.impl.delegate.invocation.DelegateInvocation.proceed(DelegateInvocation.java:32)
	at org.flowable.engine.impl.delegate.invocation.DefaultDelegateInterceptor.handleInvocation(DefaultDelegateInterceptor.java:26)
	at org.flowable.engine.impl.bpmn.behavior.ServiceTaskDelegateExpressionActivityBehavior.execute(ServiceTaskDelegateExpressionActivityBehavior.java:177)
	at org.flowable.engine.impl.agenda.ContinueProcessOperation.executeActivityBehavior(ContinueProcessOperation.java:298)
	at org.flowable.engine.impl.agenda.ContinueProcessOperation.executeSynchronous(ContinueProcessOperation.java:175)
	at org.flowable.engine.impl.agenda.ContinueProcessOperation.continueThroughFlowNode(ContinueProcessOperation.java:125)
	at org.flowable.engine.impl.agenda.ContinueProcessOperation.run(ContinueProcessOperation.java:88)
	at org.flowable.common.engine.impl.AbstractEngineConfiguration.lambda$new$0(AbstractEngineConfiguration.java:198)
	at org.flowable.engine.impl.interceptor.CommandInvoker.executeOperation(CommandInvoker.java:189)
	at org.flowable.engine.impl.interceptor.CommandInvoker.executeOperations(CommandInvoker.java:128)
	at org.flowable.engine.impl.interceptor.CommandInvoker.execute(CommandInvoker.java:80)
	at org.flowable.engine.impl.interceptor.BpmnOverrideContextInterceptor.execute(BpmnOverrideContextInterceptor.java:26)
	at org.flowable.common.engine.impl.interceptor.TransactionContextInterceptor.execute(TransactionContextInterceptor.java:53)
	at org.flowable.common.engine.impl.interceptor.CommandContextInterceptor.execute(CommandContextInterceptor.java:105)
	at org.flowable.common.spring.SpringTransactionInterceptor.lambda$execute$0(SpringTransactionInterceptor.java:57)
	at org.springframework.transaction.support.TransactionTemplate.execute(TransactionTemplate.java:140)
	at org.flowable.common.spring.SpringTransactionInterceptor.execute(SpringTransactionInterceptor.java:57)
	at org.flowable.common.engine.impl.interceptor.LogInterceptor.execute(LogInterceptor.java:30)
	at org.flowable.common.engine.impl.cfg.CommandExecutorImpl.execute(CommandExecutorImpl.java:56)
	at org.flowable.common.engine.impl.cfg.CommandExecutorImpl.execute(CommandExecutorImpl.java:51)
	at org.flowable.job.service.impl.asyncexecutor.ExecuteAsyncRunnable.handleTransactionalJob(ExecuteAsyncRunnable.java:177)
	at org.flowable.job.service.impl.asyncexecutor.ExecuteAsyncRunnable.executeJob(ExecuteAsyncRunnable.java:146)
	at org.flowable.job.service.impl.asyncexecutor.ExecuteAsyncRunnable.runInternally(ExecuteAsyncRunnable.java:122)
	at org.flowable.job.service.impl.asyncexecutor.ExecuteAsyncRunnable.run(ExecuteAsyncRunnable.java:96)
	at java.base/java.util.concurrent.ThreadPoolExecutor.runWorker(ThreadPoolExecutor.java:1090)
	at java.base/java.util.concurrent.ThreadPoolExecutor$Worker.run(ThreadPoolExecutor.java:614)
	at java.base/java.lang.Thread.run(Thread.java:1474)
#2026 05 08 03:52:55.985#Z#DEBUG#196a5c01-4a91-11f1-8594-eeee0a955217.OPERATION#flowable-async-job-executor-thread-15845#
Step "Execute Task" finished#
#2026 05 08 03:52:58.840#Z#DEBUG#196a5c01-4a91-11f1-8594-eeee0a955217.OPERATION#flowable-async-job-executor-thread-15842#
[ExecuteTaskStep] Executing task "executeTaskTask" of process "41919876-4a91-11f1-8594-eeee0a955217"...#
#2026 05 08 03:52:58.843#Z#DEBUG#196a5c01-4a91-11f1-8594-eeee0a955217.OPERATION#flowable-async-job-executor-thread-15842#
[ExecuteTaskStep] Application task execution timeout is default one: 43,200 seconds#
#2026 05 08 03:52:58.910#Z#INFO#196a5c01-4a91-11f1-8594-eeee0a955217.OPERATION#flowable-async-job-executor-thread-15842#
[ExecuteTaskStep] Executing task "deploy" on application "Loja-db-deployer"...#
#2026 05 08 03:52:58.915#Z#DEBUG#196a5c01-4a91-11f1-8594-eeee0a955217.OPERATION#flowable-async-job-executor-thread-15842#
[ExecuteTaskStep] Running task on application "Loja-db-deployer": {
  "name" : "deploy",
  "command" : "npm start",
  "limits" : {
    "memory" : 256
  }
}#
#2026 05 08 03:52:59.184#Z#DEBUG#196a5c01-4a91-11f1-8594-eeee0a955217.OPERATION#flowable-async-job-executor-thread-15842#
Step "Execute Task" finished#
#2026 05 08 03:53:05.922#Z#DEBUG#196a5c01-4a91-11f1-8594-eeee0a955217.OPERATION#flowable-async-job-executor-thread-15842#
[ExecuteTaskStep] Executing task "executeTaskTask" of process "41919876-4a91-11f1-8594-eeee0a955217"...#
#2026 05 08 03:53:05.925#Z#DEBUG#196a5c01-4a91-11f1-8594-eeee0a955217.OPERATION#flowable-async-job-executor-thread-15842#
[ExecuteTaskStep] Application task execution timeout is default one: 43,200 seconds#
#2026 05 08 03:53:05.927#Z#DEBUG#196a5c01-4a91-11f1-8594-eeee0a955217.OPERATION#flowable-async-job-executor-thread-15842#
[ExecuteTaskStep] Getting task "ce7c8295-be4b-4b61-af41-5d9cf9c1b012"...#
#2026 05 08 03:53:05.975#Z#DEBUG#196a5c01-4a91-11f1-8594-eeee0a955217.OPERATION#flowable-async-job-executor-thread-15842#
[ExecuteTaskStep] Task execution status: running#
#2026 05 08 03:53:05.976#Z#DEBUG#196a5c01-4a91-11f1-8594-eeee0a955217.OPERATION#flowable-async-job-executor-thread-15842#
[ExecuteTaskStep] Getting application guid "Loja-db-deployer"...#
#2026 05 08 03:53:06.045#Z#DEBUG#196a5c01-4a91-11f1-8594-eeee0a955217.OPERATION#flowable-async-job-executor-thread-15842#
Step "Execute Task" finished#
#2026 05 08 03:53:16.068#Z#DEBUG#196a5c01-4a91-11f1-8594-eeee0a955217.OPERATION#flowable-async-job-executor-thread-861#
[ExecuteTaskStep] Executing task "executeTaskTask" of process "41919876-4a91-11f1-8594-eeee0a955217"...#
#2026 05 08 03:53:16.071#Z#DEBUG#196a5c01-4a91-11f1-8594-eeee0a955217.OPERATION#flowable-async-job-executor-thread-861#
[ExecuteTaskStep] Application task execution timeout is default one: 43,200 seconds#
#2026 05 08 03:53:16.138#Z#DEBUG#196a5c01-4a91-11f1-8594-eeee0a955217.OPERATION#flowable-async-job-executor-thread-861#
[ExecuteTaskStep] Getting task "ce7c8295-be4b-4b61-af41-5d9cf9c1b012"...#
#2026 05 08 03:53:16.191#Z#DEBUG#196a5c01-4a91-11f1-8594-eeee0a955217.OPERATION#flowable-async-job-executor-thread-861#
[ExecuteTaskStep] Task execution status: failed#
#2026 05 08 03:53:16.192#Z#DEBUG#196a5c01-4a91-11f1-8594-eeee0a955217.OPERATION#flowable-async-job-executor-thread-861#
[ExecuteTaskStep] Getting application guid "Loja-db-deployer"...#
#2026 05 08 03:53:16.298#Z#ERROR#196a5c01-4a91-11f1-8594-eeee0a955217.OPERATION#flowable-async-job-executor-thread-861#
[ExecuteTaskStep] Execution of task "deploy" on application "Loja-db-deployer" failed.
Download the application logs via the dmol command and check them for more information.#
#2026 05 08 03:53:16.308#Z#ERROR#196a5c01-4a91-11f1-8594-eeee0a955217.OPERATION#flowable-async-job-executor-thread-861#
Exception caught#
org.cloudfoundry.multiapps.common.SLException: A step of the process has failed. Retrying it may solve the issue.
	at org.cloudfoundry.multiapps.controller.process.steps.SyncFlowableStep.executeInternal(SyncFlowableStep.java:83)
	at org.cloudfoundry.multiapps.controller.process.steps.SyncFlowableStep.lambda$execute$0(SyncFlowableStep.java:71)
	at org.cloudfoundry.multiapps.controller.core.util.LoggingUtil.logWithCorrelationId(LoggingUtil.java:14)
	at org.cloudfoundry.multiapps.controller.process.steps.SyncFlowableStep.execute(SyncFlowableStep.java:71)
	at org.flowable.engine.impl.delegate.invocation.JavaDelegateInvocation.invoke(JavaDelegateInvocation.java:35)
	at org.flowable.engine.impl.delegate.invocation.DelegateInvocation.proceed(DelegateInvocation.java:32)
	at org.flowable.engine.impl.delegate.invocation.DefaultDelegateInterceptor.handleInvocation(DefaultDelegateInterceptor.java:26)
	at org.flowable.engine.impl.bpmn.behavior.ServiceTaskDelegateExpressionActivityBehavior.execute(ServiceTaskDelegateExpressionActivityBehavior.java:177)
	at org.flowable.engine.impl.agenda.ContinueProcessOperation.executeActivityBehavior(ContinueProcessOperation.java:298)
	at org.flowable.engine.impl.agenda.ContinueProcessOperation.executeSynchronous(ContinueProcessOperation.java:175)
	at org.flowable.engine.impl.agenda.ContinueProcessOperation.continueThroughFlowNode(ContinueProcessOperation.java:125)
	at org.flowable.engine.impl.agenda.ContinueProcessOperation.run(ContinueProcessOperation.java:88)
	at org.flowable.common.engine.impl.AbstractEngineConfiguration.lambda$new$0(AbstractEngineConfiguration.java:198)
	at org.flowable.engine.impl.interceptor.CommandInvoker.executeOperation(CommandInvoker.java:189)
	at org.flowable.engine.impl.interceptor.CommandInvoker.executeOperations(CommandInvoker.java:128)
	at org.flowable.engine.impl.interceptor.CommandInvoker.execute(CommandInvoker.java:80)
	at org.flowable.engine.impl.interceptor.BpmnOverrideContextInterceptor.execute(BpmnOverrideContextInterceptor.java:26)
	at org.flowable.common.engine.impl.interceptor.TransactionContextInterceptor.execute(TransactionContextInterceptor.java:53)
	at org.flowable.common.engine.impl.interceptor.CommandContextInterceptor.execute(CommandContextInterceptor.java:105)
	at org.flowable.common.spring.SpringTransactionInterceptor.lambda$execute$0(SpringTransactionInterceptor.java:57)
	at org.springframework.transaction.support.TransactionTemplate.execute(TransactionTemplate.java:140)
	at org.flowable.common.spring.SpringTransactionInterceptor.execute(SpringTransactionInterceptor.java:57)
	at org.flowable.common.engine.impl.interceptor.LogInterceptor.execute(LogInterceptor.java:30)
	at org.flowable.common.engine.impl.cfg.CommandExecutorImpl.execute(CommandExecutorImpl.java:56)
	at org.flowable.common.engine.impl.cfg.CommandExecutorImpl.execute(CommandExecutorImpl.java:51)
	at org.flowable.job.service.impl.asyncexecutor.ExecuteAsyncRunnable.handleTransactionalJob(ExecuteAsyncRunnable.java:177)
	at org.flowable.job.service.impl.asyncexecutor.ExecuteAsyncRunnable.executeJob(ExecuteAsyncRunnable.java:146)
	at org.flowable.job.service.impl.asyncexecutor.ExecuteAsyncRunnable.runInternally(ExecuteAsyncRunnable.java:122)
	at org.flowable.job.service.impl.asyncexecutor.ExecuteAsyncRunnable.run(ExecuteAsyncRunnable.java:96)
	at java.base/java.util.concurrent.ThreadPoolExecutor.runWorker(ThreadPoolExecutor.java:1090)
	at java.base/java.util.concurrent.ThreadPoolExecutor$Worker.run(ThreadPoolExecutor.java:614)
	at java.base/java.lang.Thread.run(Thread.java:1474)
#2026 05 08 03:53:16.318#Z#DEBUG#196a5c01-4a91-11f1-8594-eeee0a955217.OPERATION#flowable-async-job-executor-thread-861#
Step "Execute Task" finished#
