#2026 05 07 21:42:53.974#Z#DEBUG#988ff13c-4a5d-11f1-8594-eeee0a955217.Loja-db-deployer#flowable-async-job-executor-thread-8887#
[PollStageAppStatusExecution] 540913b5-ee82-43db-a33d-eb5577322406 [2026-05-07T21:36:15.000648] Added process: "web" (STDOUT, API)#
#2026 05 07 21:42:53.974#Z#DEBUG#988ff13c-4a5d-11f1-8594-eeee0a955217.Loja-db-deployer#flowable-async-job-executor-thread-8887#
[PollStageAppStatusExecution] 540913b5-ee82-43db-a33d-eb5577322406 [2026-05-07T21:36:15.005955] Created app with guid 540913b5-ee82-43db-a33d-eb5577322406 (STDOUT, API)#
#2026 05 07 21:42:53.974#Z#DEBUG#988ff13c-4a5d-11f1-8594-eeee0a955217.Loja-db-deployer#flowable-async-job-executor-thread-8887#
[PollStageAppStatusExecution] 540913b5-ee82-43db-a33d-eb5577322406 [2026-05-07T21:36:15.096939] Updating process: "web" (STDOUT, API)#
#2026 05 07 21:42:53.974#Z#DEBUG#988ff13c-4a5d-11f1-8594-eeee0a955217.Loja-db-deployer#flowable-async-job-executor-thread-8887#
[PollStageAppStatusExecution] 540913b5-ee82-43db-a33d-eb5577322406 [2026-05-07T21:36:15.158708] Scaling process: "web" (STDOUT, API)#
#2026 05 07 21:42:53.974#Z#DEBUG#988ff13c-4a5d-11f1-8594-eeee0a955217.Loja-db-deployer#flowable-async-job-executor-thread-8887#
[PollStageAppStatusExecution] 540913b5-ee82-43db-a33d-eb5577322406 [2026-05-07T21:36:32.946709] Uploading app package for app with guid 540913b5-ee82-43db-a33d-eb5577322406 (STDOUT, API)#
#2026 05 07 21:42:53.974#Z#DEBUG#988ff13c-4a5d-11f1-8594-eeee0a955217.Loja-db-deployer#flowable-async-job-executor-thread-8887#
[PollStageAppStatusExecution] 540913b5-ee82-43db-a33d-eb5577322406 [2026-05-07T21:36:33.151303] Updated app with guid 540913b5-ee82-43db-a33d-eb5577322406 ({"environment_variables"=>"[PRIVATE DATA HIDDEN]"}) (STDOUT, API)#
#2026 05 07 21:42:53.974#Z#DEBUG#988ff13c-4a5d-11f1-8594-eeee0a955217.Loja-db-deployer#flowable-async-job-executor-thread-8887#
[PollStageAppStatusExecution] 540913b5-ee82-43db-a33d-eb5577322406 [2026-05-07T21:36:42.927865] Creating build for app with guid 540913b5-ee82-43db-a33d-eb5577322406 (STDOUT, API)#
#2026 05 07 21:42:53.974#Z#DEBUG#988ff13c-4a5d-11f1-8594-eeee0a955217.Loja-db-deployer#flowable-async-job-executor-thread-8887#
[PollStageAppStatusExecution] 540913b5-ee82-43db-a33d-eb5577322406 [2026-05-07T21:36:43.361601] Downloading nodejs_buildpack... (STDOUT, STG)#
#2026 05 07 21:42:53.974#Z#DEBUG#988ff13c-4a5d-11f1-8594-eeee0a955217.Loja-db-deployer#flowable-async-job-executor-thread-8887#
[PollStageAppStatusExecution] 540913b5-ee82-43db-a33d-eb5577322406 [2026-05-07T21:36:43.410628] Downloaded nodejs_buildpack (STDOUT, STG)#
#2026 05 07 21:42:53.974#Z#DEBUG#988ff13c-4a5d-11f1-8594-eeee0a955217.Loja-db-deployer#flowable-async-job-executor-thread-8887#
[PollStageAppStatusExecution] 540913b5-ee82-43db-a33d-eb5577322406 [2026-05-07T21:36:43.410698] Cell 77283d80-dfa7-40ba-ba4e-265aef112085 creating container for instance 90d1adf1-115f-49df-b959-5f00e0297357 (STDOUT, STG)#
#2026 05 07 21:42:53.974#Z#DEBUG#988ff13c-4a5d-11f1-8594-eeee0a955217.Loja-db-deployer#flowable-async-job-executor-thread-8887#
[PollStageAppStatusExecution] 540913b5-ee82-43db-a33d-eb5577322406 [2026-05-07T21:36:43.876406] Security group rules were updated (STDOUT, STG)#
#2026 05 07 21:42:53.974#Z#DEBUG#988ff13c-4a5d-11f1-8594-eeee0a955217.Loja-db-deployer#flowable-async-job-executor-thread-8887#
[PollStageAppStatusExecution] 540913b5-ee82-43db-a33d-eb5577322406 [2026-05-07T21:36:43.946206] Cell 77283d80-dfa7-40ba-ba4e-265aef112085 successfully created container for instance 90d1adf1-115f-49df-b959-5f00e0297357 (STDOUT, STG)#
#2026 05 07 21:42:53.974#Z#DEBUG#988ff13c-4a5d-11f1-8594-eeee0a955217.Loja-db-deployer#flowable-async-job-executor-thread-8887#
[PollStageAppStatusExecution] 540913b5-ee82-43db-a33d-eb5577322406 [2026-05-07T21:36:44.249531] Downloading app package... (STDOUT, STG)#
#2026 05 07 21:42:53.974#Z#DEBUG#988ff13c-4a5d-11f1-8594-eeee0a955217.Loja-db-deployer#flowable-async-job-executor-thread-8887#
[PollStageAppStatusExecution] 540913b5-ee82-43db-a33d-eb5577322406 [2026-05-07T21:36:44.509893] Downloaded app package (2.3M) (STDOUT, STG)#
#2026 05 07 21:42:53.974#Z#DEBUG#988ff13c-4a5d-11f1-8594-eeee0a955217.Loja-db-deployer#flowable-async-job-executor-thread-8887#
[PollStageAppStatusExecution] 540913b5-ee82-43db-a33d-eb5577322406 [2026-05-07T21:36:44.580001] -----> Nodejs Buildpack version 1.8.44 (STDOUT, STG)#
#2026 05 07 21:42:53.974#Z#DEBUG#988ff13c-4a5d-11f1-8594-eeee0a955217.Loja-db-deployer#flowable-async-job-executor-thread-8887#
[PollStageAppStatusExecution] 540913b5-ee82-43db-a33d-eb5577322406 [2026-05-07T21:36:44.678554] -----> Bootstrapping python (STDOUT, STG)#
#2026 05 07 21:42:53.974#Z#DEBUG#988ff13c-4a5d-11f1-8594-eeee0a955217.Loja-db-deployer#flowable-async-job-executor-thread-8887#
[PollStageAppStatusExecution] 540913b5-ee82-43db-a33d-eb5577322406 [2026-05-07T21:36:44.678575] -----> Installing python 3.11.14 (STDOUT, STG)#
#2026 05 07 21:42:53.974#Z#DEBUG#988ff13c-4a5d-11f1-8594-eeee0a955217.Loja-db-deployer#flowable-async-job-executor-thread-8887#
[PollStageAppStatusExecution] 540913b5-ee82-43db-a33d-eb5577322406 [2026-05-07T21:36:44.678584] Copy [/tmp/buildpacks/978cee5ec9c58000/dependencies/b5e0345ae0ae1932e7d56fffaa49a487/python_3.11.14_linux_x64_cflinuxfs4_66f53248.tgz] (STDOUT, STG)#
#2026 05 07 21:42:53.974#Z#DEBUG#988ff13c-4a5d-11f1-8594-eeee0a955217.Loja-db-deployer#flowable-async-job-executor-thread-8887#
[PollStageAppStatusExecution] 540913b5-ee82-43db-a33d-eb5577322406 [2026-05-07T21:36:47.710789] -----> Installing binaries (STDOUT, STG)#
#2026 05 07 21:42:53.974#Z#DEBUG#988ff13c-4a5d-11f1-8594-eeee0a955217.Loja-db-deployer#flowable-async-job-executor-thread-8887#
[PollStageAppStatusExecution] 540913b5-ee82-43db-a33d-eb5577322406 [2026-05-07T21:36:47.710828] engines.node (package.json): >=18 (STDOUT, STG)#
#2026 05 07 21:42:53.974#Z#DEBUG#988ff13c-4a5d-11f1-8594-eeee0a955217.Loja-db-deployer#flowable-async-job-executor-thread-8887#
[PollStageAppStatusExecution] 540913b5-ee82-43db-a33d-eb5577322406 [2026-05-07T21:36:47.710832] engines.npm (package.json): unspecified (use default) (STDOUT, STG)#
#2026 05 07 21:42:53.974#Z#DEBUG#988ff13c-4a5d-11f1-8594-eeee0a955217.Loja-db-deployer#flowable-async-job-executor-thread-8887#
[PollStageAppStatusExecution] 540913b5-ee82-43db-a33d-eb5577322406 [2026-05-07T21:36:47.710836] [31;1m**WARNING**[0m Dangerous semver range (>) in engines.node. See: http://docs.cloudfoundry.org/buildpacks/node/node-tips.html (STDOUT, STG)#
#2026 05 07 21:42:53.974#Z#DEBUG#988ff13c-4a5d-11f1-8594-eeee0a955217.Loja-db-deployer#flowable-async-job-executor-thread-8887#
[PollStageAppStatusExecution] 540913b5-ee82-43db-a33d-eb5577322406 [2026-05-07T21:36:47.710936] -----> Installing node 24.13.0 (STDOUT, STG)#
#2026 05 07 21:42:53.974#Z#DEBUG#988ff13c-4a5d-11f1-8594-eeee0a955217.Loja-db-deployer#flowable-async-job-executor-thread-8887#
[PollStageAppStatusExecution] 540913b5-ee82-43db-a33d-eb5577322406 [2026-05-07T21:36:47.711040] Copy [/tmp/buildpacks/978cee5ec9c58000/dependencies/2f5692219fecc3eee6e6d507a6bfe7b9/node_24.13.0_linux_x64_cflinuxfs4_a816dee1.tgz] (STDOUT, STG)#
#2026 05 07 21:42:53.974#Z#DEBUG#988ff13c-4a5d-11f1-8594-eeee0a955217.Loja-db-deployer#flowable-async-job-executor-thread-8887#
[PollStageAppStatusExecution] 540913b5-ee82-43db-a33d-eb5577322406 [2026-05-07T21:36:49.589668] Using default npm version: 11.6.2 (STDOUT, STG)#
#2026 05 07 21:42:53.974#Z#DEBUG#988ff13c-4a5d-11f1-8594-eeee0a955217.Loja-db-deployer#flowable-async-job-executor-thread-8887#
[PollStageAppStatusExecution] 540913b5-ee82-43db-a33d-eb5577322406 [2026-05-07T21:36:49.589688] -----> Installing yarn 1.22.22 (STDOUT, STG)#
#2026 05 07 21:42:53.974#Z#DEBUG#988ff13c-4a5d-11f1-8594-eeee0a955217.Loja-db-deployer#flowable-async-job-executor-thread-8887#
[PollStageAppStatusExecution] 540913b5-ee82-43db-a33d-eb5577322406 [2026-05-07T21:36:49.589842] Copy [/tmp/buildpacks/978cee5ec9c58000/dependencies/e3a39aedd1236924d69cc2d0637a8ed2/yarn_1.22.22_linux_noarch_any-stack_4911d0a6.tgz] (STDOUT, STG)#
#2026 05 07 21:42:53.974#Z#DEBUG#988ff13c-4a5d-11f1-8594-eeee0a955217.Loja-db-deployer#flowable-async-job-executor-thread-8887#
[PollStageAppStatusExecution] 540913b5-ee82-43db-a33d-eb5577322406 [2026-05-07T21:36:49.868921] Installed yarn 1.22.22 (STDOUT, STG)#
#2026 05 07 21:42:53.974#Z#DEBUG#988ff13c-4a5d-11f1-8594-eeee0a955217.Loja-db-deployer#flowable-async-job-executor-thread-8887#
[PollStageAppStatusExecution] 540913b5-ee82-43db-a33d-eb5577322406 [2026-05-07T21:36:49.868980] -----> Creating runtime environment (STDOUT, STG)#
#2026 05 07 21:42:53.974#Z#DEBUG#988ff13c-4a5d-11f1-8594-eeee0a955217.Loja-db-deployer#flowable-async-job-executor-thread-8887#
[PollStageAppStatusExecution] 540913b5-ee82-43db-a33d-eb5577322406 [2026-05-07T21:36:49.870762] NODE_ENV=production (STDOUT, STG)#
#2026 05 07 21:42:53.974#Z#DEBUG#988ff13c-4a5d-11f1-8594-eeee0a955217.Loja-db-deployer#flowable-async-job-executor-thread-8887#
[PollStageAppStatusExecution] 540913b5-ee82-43db-a33d-eb5577322406 [2026-05-07T21:36:49.870777] NODE_HOME=/tmp/contents1261620422/deps/0/node (STDOUT, STG)#
#2026 05 07 21:42:53.974#Z#DEBUG#988ff13c-4a5d-11f1-8594-eeee0a955217.Loja-db-deployer#flowable-async-job-executor-thread-8887#
[PollStageAppStatusExecution] 540913b5-ee82-43db-a33d-eb5577322406 [2026-05-07T21:36:49.870780] NODE_MODULES_CACHE=true (STDOUT, STG)#
#2026 05 07 21:42:53.974#Z#DEBUG#988ff13c-4a5d-11f1-8594-eeee0a955217.Loja-db-deployer#flowable-async-job-executor-thread-8887#
[PollStageAppStatusExecution] 540913b5-ee82-43db-a33d-eb5577322406 [2026-05-07T21:36:49.870782] NODE_VERBOSE=false (STDOUT, STG)#
#2026 05 07 21:42:53.974#Z#DEBUG#988ff13c-4a5d-11f1-8594-eeee0a955217.Loja-db-deployer#flowable-async-job-executor-thread-8887#
[PollStageAppStatusExecution] 540913b5-ee82-43db-a33d-eb5577322406 [2026-05-07T21:36:49.870784] NPM_CONFIG_LOGLEVEL=error (STDOUT, STG)#
#2026 05 07 21:42:53.974#Z#DEBUG#988ff13c-4a5d-11f1-8594-eeee0a955217.Loja-db-deployer#flowable-async-job-executor-thread-8887#
[PollStageAppStatusExecution] 540913b5-ee82-43db-a33d-eb5577322406 [2026-05-07T21:36:49.870787] NPM_CONFIG_PRODUCTION=true (STDOUT, STG)#
#2026 05 07 21:42:53.974#Z#DEBUG#988ff13c-4a5d-11f1-8594-eeee0a955217.Loja-db-deployer#flowable-async-job-executor-thread-8887#
[PollStageAppStatusExecution] 540913b5-ee82-43db-a33d-eb5577322406 [2026-05-07T21:36:49.870836] -----> Building dependencies (STDOUT, STG)#
#2026 05 07 21:42:53.974#Z#DEBUG#988ff13c-4a5d-11f1-8594-eeee0a955217.Loja-db-deployer#flowable-async-job-executor-thread-8887#
[PollStageAppStatusExecution] 540913b5-ee82-43db-a33d-eb5577322406 [2026-05-07T21:36:49.870857] Prebuild detected (node_modules already exists) (STDOUT, STG)#
#2026 05 07 21:42:53.974#Z#DEBUG#988ff13c-4a5d-11f1-8594-eeee0a955217.Loja-db-deployer#flowable-async-job-executor-thread-8887#
[PollStageAppStatusExecution] 540913b5-ee82-43db-a33d-eb5577322406 [2026-05-07T21:36:49.870872] Rebuilding any native modules (STDOUT, STG)#
#2026 05 07 21:42:53.974#Z#DEBUG#988ff13c-4a5d-11f1-8594-eeee0a955217.Loja-db-deployer#flowable-async-job-executor-thread-8887#
[PollStageAppStatusExecution] 540913b5-ee82-43db-a33d-eb5577322406 [2026-05-07T21:36:50.322731] rebuilt dependencies successfully (STDOUT, STG)#
#2026 05 07 21:42:53.974#Z#DEBUG#988ff13c-4a5d-11f1-8594-eeee0a955217.Loja-db-deployer#flowable-async-job-executor-thread-8887#
[PollStageAppStatusExecution] 540913b5-ee82-43db-a33d-eb5577322406 [2026-05-07T21:36:50.418695] Installing any new modules (package.json + package-lock.json) (STDOUT, STG)#
#2026 05 07 21:42:53.974#Z#DEBUG#988ff13c-4a5d-11f1-8594-eeee0a955217.Loja-db-deployer#flowable-async-job-executor-thread-8887#
[PollStageAppStatusExecution] 540913b5-ee82-43db-a33d-eb5577322406 [2026-05-07T21:36:50.779804] up to date in 299ms (STDOUT, STG)#
#2026 05 07 21:42:53.974#Z#DEBUG#988ff13c-4a5d-11f1-8594-eeee0a955217.Loja-db-deployer#flowable-async-job-executor-thread-8887#
[PollStageAppStatusExecution] 540913b5-ee82-43db-a33d-eb5577322406 [2026-05-07T21:36:50.780187] 4 packages are looking for funding (STDOUT, STG)#
#2026 05 07 21:42:53.974#Z#DEBUG#988ff13c-4a5d-11f1-8594-eeee0a955217.Loja-db-deployer#flowable-async-job-executor-thread-8887#
[PollStageAppStatusExecution] 540913b5-ee82-43db-a33d-eb5577322406 [2026-05-07T21:36:50.780209] run `npm fund` for details (STDOUT, STG)#
#2026 05 07 21:42:53.974#Z#DEBUG#988ff13c-4a5d-11f1-8594-eeee0a955217.Loja-db-deployer#flowable-async-job-executor-thread-8887#
[PollStageAppStatusExecution] 540913b5-ee82-43db-a33d-eb5577322406 [2026-05-07T21:36:51.193385] Contrast Security no credentials found. Will not write environment files. (STDOUT, STG)#
#2026 05 07 21:42:53.974#Z#DEBUG#988ff13c-4a5d-11f1-8594-eeee0a955217.Loja-db-deployer#flowable-async-job-executor-thread-8887#
[PollStageAppStatusExecution] 540913b5-ee82-43db-a33d-eb5577322406 [2026-05-07T21:36:58.853221] Exit status 0 (STDOUT, STG)#
#2026 05 07 21:42:53.974#Z#DEBUG#988ff13c-4a5d-11f1-8594-eeee0a955217.Loja-db-deployer#flowable-async-job-executor-thread-8887#
[PollStageAppStatusExecution] 540913b5-ee82-43db-a33d-eb5577322406 [2026-05-07T21:36:58.853263] Uploading droplet, build artifacts cache... (STDOUT, STG)#
#2026 05 07 21:42:53.974#Z#DEBUG#988ff13c-4a5d-11f1-8594-eeee0a955217.Loja-db-deployer#flowable-async-job-executor-thread-8887#
[PollStageAppStatusExecution] 540913b5-ee82-43db-a33d-eb5577322406 [2026-05-07T21:36:58.853309] Uploading build artifacts cache... (STDOUT, STG)#
#2026 05 07 21:42:53.974#Z#DEBUG#988ff13c-4a5d-11f1-8594-eeee0a955217.Loja-db-deployer#flowable-async-job-executor-thread-8887#
[PollStageAppStatusExecution] 540913b5-ee82-43db-a33d-eb5577322406 [2026-05-07T21:36:58.853318] Uploading droplet... (STDOUT, STG)#
#2026 05 07 21:42:53.974#Z#DEBUG#988ff13c-4a5d-11f1-8594-eeee0a955217.Loja-db-deployer#flowable-async-job-executor-thread-8887#
[PollStageAppStatusExecution] 540913b5-ee82-43db-a33d-eb5577322406 [2026-05-07T21:36:58.868606] Uploaded build artifacts cache (217B) (STDOUT, STG)#
#2026 05 07 21:42:53.974#Z#DEBUG#988ff13c-4a5d-11f1-8594-eeee0a955217.Loja-db-deployer#flowable-async-job-executor-thread-8887#
[PollStageAppStatusExecution] 540913b5-ee82-43db-a33d-eb5577322406 [2026-05-07T21:36:59.391989] Creating droplet for app with guid 540913b5-ee82-43db-a33d-eb5577322406 (STDOUT, API)#
#2026 05 07 21:42:53.974#Z#DEBUG#988ff13c-4a5d-11f1-8594-eeee0a955217.Loja-db-deployer#flowable-async-job-executor-thread-8887#
[PollStageAppStatusExecution] 540913b5-ee82-43db-a33d-eb5577322406 [2026-05-07T21:37:01.456686] Uploaded droplet (58.4M) (STDOUT, STG)#
#2026 05 07 21:42:53.974#Z#DEBUG#988ff13c-4a5d-11f1-8594-eeee0a955217.Loja-db-deployer#flowable-async-job-executor-thread-8887#
[PollStageAppStatusExecution] 540913b5-ee82-43db-a33d-eb5577322406 [2026-05-07T21:37:01.471630] Uploading complete (STDOUT, STG)#
#2026 05 07 21:42:53.974#Z#DEBUG#988ff13c-4a5d-11f1-8594-eeee0a955217.Loja-db-deployer#flowable-async-job-executor-thread-8887#
[PollStageAppStatusExecution] 540913b5-ee82-43db-a33d-eb5577322406 [2026-05-07T21:37:02.167846] Cell 77283d80-dfa7-40ba-ba4e-265aef112085 stopping instance 90d1adf1-115f-49df-b959-5f00e0297357 (STDOUT, STG)#
#2026 05 07 21:42:53.974#Z#DEBUG#988ff13c-4a5d-11f1-8594-eeee0a955217.Loja-db-deployer#flowable-async-job-executor-thread-8887#
[PollStageAppStatusExecution] 540913b5-ee82-43db-a33d-eb5577322406 [2026-05-07T21:37:02.167933] Cell 77283d80-dfa7-40ba-ba4e-265aef112085 destroying container for instance 90d1adf1-115f-49df-b959-5f00e0297357 (STDOUT, STG)#
#2026 05 07 21:42:53.974#Z#DEBUG#988ff13c-4a5d-11f1-8594-eeee0a955217.Loja-db-deployer#flowable-async-job-executor-thread-8887#
[PollStageAppStatusExecution] 540913b5-ee82-43db-a33d-eb5577322406 [2026-05-07T21:37:02.218990] Staging complete for build 90d1adf1-115f-49df-b959-5f00e0297357 (STDOUT, API)#
#2026 05 07 21:42:53.974#Z#DEBUG#988ff13c-4a5d-11f1-8594-eeee0a955217.Loja-db-deployer#flowable-async-job-executor-thread-8887#
[PollStageAppStatusExecution] 540913b5-ee82-43db-a33d-eb5577322406 [2026-05-07T21:37:02.912716] Updated app with guid 540913b5-ee82-43db-a33d-eb5577322406 ({:droplet_guid=>"ff51d582-cb71-4104-ab17-dd412f096b5b"}) (STDOUT, API)#
#2026 05 07 21:42:53.974#Z#DEBUG#988ff13c-4a5d-11f1-8594-eeee0a955217.Loja-db-deployer#flowable-async-job-executor-thread-8887#
[PollStageAppStatusExecution] 540913b5-ee82-43db-a33d-eb5577322406 [2026-05-07T21:37:03.406471] Cell 77283d80-dfa7-40ba-ba4e-265aef112085 creating container for instance 0a0ae1fd-9f1e-4499-b072-370b114d8019 (STDOUT, CELL)#
#2026 05 07 21:42:53.974#Z#DEBUG#988ff13c-4a5d-11f1-8594-eeee0a955217.Loja-db-deployer#flowable-async-job-executor-thread-8887#
[PollStageAppStatusExecution] 540913b5-ee82-43db-a33d-eb5577322406 [2026-05-07T21:37:03.918514] Security group rules were updated (STDOUT, CELL)#
#2026 05 07 21:42:53.974#Z#DEBUG#988ff13c-4a5d-11f1-8594-eeee0a955217.Loja-db-deployer#flowable-async-job-executor-thread-8887#
[PollStageAppStatusExecution] 540913b5-ee82-43db-a33d-eb5577322406 [2026-05-07T21:37:03.994837] Cell 77283d80-dfa7-40ba-ba4e-265aef112085 successfully created container for instance 0a0ae1fd-9f1e-4499-b072-370b114d8019 (STDOUT, CELL)#
#2026 05 07 21:42:53.974#Z#DEBUG#988ff13c-4a5d-11f1-8594-eeee0a955217.Loja-db-deployer#flowable-async-job-executor-thread-8887#
[PollStageAppStatusExecution] 540913b5-ee82-43db-a33d-eb5577322406 [2026-05-07T21:37:04.160264] Cell 77283d80-dfa7-40ba-ba4e-265aef112085 successfully destroyed container for instance 90d1adf1-115f-49df-b959-5f00e0297357 (STDOUT, STG)#
#2026 05 07 21:42:53.974#Z#DEBUG#988ff13c-4a5d-11f1-8594-eeee0a955217.Loja-db-deployer#flowable-async-job-executor-thread-8887#
[PollStageAppStatusExecution] 540913b5-ee82-43db-a33d-eb5577322406 [2026-05-07T21:37:08.050142] Invoking pre-start scripts. (STDOUT, APP/TASK/deploy)#
#2026 05 07 21:42:53.974#Z#DEBUG#988ff13c-4a5d-11f1-8594-eeee0a955217.Loja-db-deployer#flowable-async-job-executor-thread-8887#
[PollStageAppStatusExecution] 540913b5-ee82-43db-a33d-eb5577322406 [2026-05-07T21:37:08.197208] Invoking start command. (STDOUT, APP/TASK/deploy)#
#2026 05 07 21:42:53.974#Z#DEBUG#988ff13c-4a5d-11f1-8594-eeee0a955217.Loja-db-deployer#flowable-async-job-executor-thread-8887#
[PollStageAppStatusExecution] 540913b5-ee82-43db-a33d-eb5577322406 [2026-05-07T21:37:08.521185] > start (STDOUT, APP/TASK/deploy)#
#2026 05 07 21:42:53.974#Z#DEBUG#988ff13c-4a5d-11f1-8594-eeee0a955217.Loja-db-deployer#flowable-async-job-executor-thread-8887#
[PollStageAppStatusExecution] 540913b5-ee82-43db-a33d-eb5577322406 [2026-05-07T21:37:08.521207] > node node_modules/@sap/hdi-deploy/deploy.js --use-hdb --parameter com.sap.hana.di.table/try_fast_table_migration=true (STDOUT, APP/TASK/deploy)#
#2026 05 07 21:42:53.974#Z#DEBUG#988ff13c-4a5d-11f1-8594-eeee0a955217.Loja-db-deployer#flowable-async-job-executor-thread-8887#
[PollStageAppStatusExecution] 540913b5-ee82-43db-a33d-eb5577322406 [2026-05-07T21:37:08.636218] VCAP_SERVICES: (STDOUT, APP/TASK/deploy)#
#2026 05 07 21:42:53.974#Z#DEBUG#988ff13c-4a5d-11f1-8594-eeee0a955217.Loja-db-deployer#flowable-async-job-executor-thread-8887#
[PollStageAppStatusExecution] 540913b5-ee82-43db-a33d-eb5577322406 [2026-05-07T21:37:08.636400] { (STDOUT, APP/TASK/deploy)#
#2026 05 07 21:42:53.974#Z#DEBUG#988ff13c-4a5d-11f1-8594-eeee0a955217.Loja-db-deployer#flowable-async-job-executor-thread-8887#
[PollStageAppStatusExecution] 540913b5-ee82-43db-a33d-eb5577322406 [2026-05-07T21:37:08.636418] "hana": [ (STDOUT, APP/TASK/deploy)#
#2026 05 07 21:42:53.974#Z#DEBUG#988ff13c-4a5d-11f1-8594-eeee0a955217.Loja-db-deployer#flowable-async-job-executor-thread-8887#
[PollStageAppStatusExecution] 540913b5-ee82-43db-a33d-eb5577322406 [2026-05-07T21:37:08.636421] { (STDOUT, APP/TASK/deploy)#
#2026 05 07 21:42:53.974#Z#DEBUG#988ff13c-4a5d-11f1-8594-eeee0a955217.Loja-db-deployer#flowable-async-job-executor-thread-8887#
[PollStageAppStatusExecution] 540913b5-ee82-43db-a33d-eb5577322406 [2026-05-07T21:37:08.636424] "name": "Loja-db", (STDOUT, APP/TASK/deploy)#
#2026 05 07 21:42:53.974#Z#DEBUG#988ff13c-4a5d-11f1-8594-eeee0a955217.Loja-db-deployer#flowable-async-job-executor-thread-8887#
[PollStageAppStatusExecution] 540913b5-ee82-43db-a33d-eb5577322406 [2026-05-07T21:37:08.636426] "label": "hana", (STDOUT, APP/TASK/deploy)#
#2026 05 07 21:42:53.974#Z#DEBUG#988ff13c-4a5d-11f1-8594-eeee0a955217.Loja-db-deployer#flowable-async-job-executor-thread-8887#
[PollStageAppStatusExecution] 540913b5-ee82-43db-a33d-eb5577322406 [2026-05-07T21:37:08.636429] "plan": "hdi-shared", (STDOUT, APP/TASK/deploy)#
#2026 05 07 21:42:53.974#Z#DEBUG#988ff13c-4a5d-11f1-8594-eeee0a955217.Loja-db-deployer#flowable-async-job-executor-thread-8887#
[PollStageAppStatusExecution] 540913b5-ee82-43db-a33d-eb5577322406 [2026-05-07T21:37:08.636433] "credentials": { (STDOUT, APP/TASK/deploy)#
#2026 05 07 21:42:53.974#Z#DEBUG#988ff13c-4a5d-11f1-8594-eeee0a955217.Loja-db-deployer#flowable-async-job-executor-thread-8887#
[PollStageAppStatusExecution] 540913b5-ee82-43db-a33d-eb5577322406 [2026-05-07T21:37:08.636436] "schema": "0BDA3929606647C1BC458C01854A3A3F", (STDOUT, APP/TASK/deploy)#
#2026 05 07 21:42:53.974#Z#DEBUG#988ff13c-4a5d-11f1-8594-eeee0a955217.Loja-db-deployer#flowable-async-job-executor-thread-8887#
[PollStageAppStatusExecution] 540913b5-ee82-43db-a33d-eb5577322406 [2026-05-07T21:37:08.636439] "database_id": "eaff8753-1771-4da6-a1a7-1f979574194f", (STDOUT, APP/TASK/deploy)#
#2026 05 07 21:42:53.974#Z#DEBUG#988ff13c-4a5d-11f1-8594-eeee0a955217.Loja-db-deployer#flowable-async-job-executor-thread-8887#
[PollStageAppStatusExecution] 540913b5-ee82-43db-a33d-eb5577322406 [2026-05-07T21:37:08.636442] "user": "0BDA3929606647C1BC458C01854A3A3F_6AQN1HUN77CIGLZYWTAQVCC3Z_RT", (STDOUT, APP/TASK/deploy)#
#2026 05 07 21:42:53.974#Z#DEBUG#988ff13c-4a5d-11f1-8594-eeee0a955217.Loja-db-deployer#flowable-async-job-executor-thread-8887#
[PollStageAppStatusExecution] 540913b5-ee82-43db-a33d-eb5577322406 [2026-05-07T21:37:08.636445] "hdi_user": "0BDA3929606647C1BC458C01854A3A3F_6AQN1HUN77CIGLZYWTAQVCC3Z_DT" (STDOUT, APP/TASK/deploy)#
#2026 05 07 21:42:53.974#Z#DEBUG#988ff13c-4a5d-11f1-8594-eeee0a955217.Loja-db-deployer#flowable-async-job-executor-thread-8887#
[PollStageAppStatusExecution] 540913b5-ee82-43db-a33d-eb5577322406 [2026-05-07T21:37:08.636447] }, (STDOUT, APP/TASK/deploy)#
#2026 05 07 21:42:53.974#Z#DEBUG#988ff13c-4a5d-11f1-8594-eeee0a955217.Loja-db-deployer#flowable-async-job-executor-thread-8887#
[PollStageAppStatusExecution] 540913b5-ee82-43db-a33d-eb5577322406 [2026-05-07T21:37:08.636450] "tags": [ (STDOUT, APP/TASK/deploy)#
#2026 05 07 21:42:53.974#Z#DEBUG#988ff13c-4a5d-11f1-8594-eeee0a955217.Loja-db-deployer#flowable-async-job-executor-thread-8887#
[PollStageAppStatusExecution] 540913b5-ee82-43db-a33d-eb5577322406 [2026-05-07T21:37:08.636451] "hana", (STDOUT, APP/TASK/deploy)#
#2026 05 07 21:42:53.974#Z#DEBUG#988ff13c-4a5d-11f1-8594-eeee0a955217.Loja-db-deployer#flowable-async-job-executor-thread-8887#
[PollStageAppStatusExecution] 540913b5-ee82-43db-a33d-eb5577322406 [2026-05-07T21:37:08.636454] "database", (STDOUT, APP/TASK/deploy)#
#2026 05 07 21:42:53.974#Z#DEBUG#988ff13c-4a5d-11f1-8594-eeee0a955217.Loja-db-deployer#flowable-async-job-executor-thread-8887#
[PollStageAppStatusExecution] 540913b5-ee82-43db-a33d-eb5577322406 [2026-05-07T21:37:08.636456] "relational" (STDOUT, APP/TASK/deploy)#
#2026 05 07 21:42:53.974#Z#DEBUG#988ff13c-4a5d-11f1-8594-eeee0a955217.Loja-db-deployer#flowable-async-job-executor-thread-8887#
[PollStageAppStatusExecution] 540913b5-ee82-43db-a33d-eb5577322406 [2026-05-07T21:37:08.636457] ] (STDOUT, APP/TASK/deploy)#
#2026 05 07 21:42:53.974#Z#DEBUG#988ff13c-4a5d-11f1-8594-eeee0a955217.Loja-db-deployer#flowable-async-job-executor-thread-8887#
[PollStageAppStatusExecution] 540913b5-ee82-43db-a33d-eb5577322406 [2026-05-07T21:37:08.636459] } (STDOUT, APP/TASK/deploy)#
#2026 05 07 21:42:53.974#Z#DEBUG#988ff13c-4a5d-11f1-8594-eeee0a955217.Loja-db-deployer#flowable-async-job-executor-thread-8887#
[PollStageAppStatusExecution] 540913b5-ee82-43db-a33d-eb5577322406 [2026-05-07T21:37:08.636461] ] (STDOUT, APP/TASK/deploy)#
#2026 05 07 21:42:53.974#Z#DEBUG#988ff13c-4a5d-11f1-8594-eeee0a955217.Loja-db-deployer#flowable-async-job-executor-thread-8887#
[PollStageAppStatusExecution] 540913b5-ee82-43db-a33d-eb5577322406 [2026-05-07T21:37:08.636467] } (STDOUT, APP/TASK/deploy)#
#2026 05 07 21:42:53.974#Z#DEBUG#988ff13c-4a5d-11f1-8594-eeee0a955217.Loja-db-deployer#flowable-async-job-executor-thread-8887#
[PollStageAppStatusExecution] 540913b5-ee82-43db-a33d-eb5577322406 [2026-05-07T21:37:14.753675] @sap/hdi-deploy, version 5.6.1 (mode default), server version unknown (0.0.0.0), cloud version , node version 24.13.0, HDI version -1, container API version -1 (STDOUT, APP/TASK/deploy)#
#2026 05 07 21:42:53.974#Z#DEBUG#988ff13c-4a5d-11f1-8594-eeee0a955217.Loja-db-deployer#flowable-async-job-executor-thread-8887#
[PollStageAppStatusExecution] 540913b5-ee82-43db-a33d-eb5577322406 [2026-05-07T21:37:14.753987] Deployment started at 2026-05-07 21:37:14 (STDOUT, APP/TASK/deploy)#
#2026 05 07 21:42:53.974#Z#DEBUG#988ff13c-4a5d-11f1-8594-eeee0a955217.Loja-db-deployer#flowable-async-job-executor-thread-8887#
[PollStageAppStatusExecution] 540913b5-ee82-43db-a33d-eb5577322406 [2026-05-07T21:37:14.754187] Using hdb@2.27.1 for connection (STDOUT, APP/TASK/deploy)#
#2026 05 07 21:42:53.974#Z#DEBUG#988ff13c-4a5d-11f1-8594-eeee0a955217.Loja-db-deployer#flowable-async-job-executor-thread-8887#
[PollStageAppStatusExecution] 540913b5-ee82-43db-a33d-eb5577322406 [2026-05-07T21:37:14.754214] Detection of server version failed; root cause: Could not connect to any host: [ eaff8753-1771-4da6-a1a7-1f979574194f.hna1.prod-us10.hanacloud.ondemand.com:443 -  ] (STDOUT, APP/TASK/deploy)#
#2026 05 07 21:42:53.974#Z#DEBUG#988ff13c-4a5d-11f1-8594-eeee0a955217.Loja-db-deployer#flowable-async-job-executor-thread-8887#
[PollStageAppStatusExecution] 540913b5-ee82-43db-a33d-eb5577322406 [2026-05-07T21:37:14.754309] Detection of cloud version failed; root cause: Could not connect to any host: [ eaff8753-1771-4da6-a1a7-1f979574194f.hna1.prod-us10.hanacloud.ondemand.com:443 -  ] (STDOUT, APP/TASK/deploy)#
#2026 05 07 21:42:53.974#Z#DEBUG#988ff13c-4a5d-11f1-8594-eeee0a955217.Loja-db-deployer#flowable-async-job-executor-thread-8887#
[PollStageAppStatusExecution] 540913b5-ee82-43db-a33d-eb5577322406 [2026-05-07T21:37:14.754318] Detection of container API version failed; root cause: Could not connect to any host: [ eaff8753-1771-4da6-a1a7-1f979574194f.hna1.prod-us10.hanacloud.ondemand.com:443 -  ] (STDOUT, APP/TASK/deploy)#
#2026 05 07 21:42:53.974#Z#DEBUG#988ff13c-4a5d-11f1-8594-eeee0a955217.Loja-db-deployer#flowable-async-job-executor-thread-8887#
[PollStageAppStatusExecution] 540913b5-ee82-43db-a33d-eb5577322406 [2026-05-07T21:37:14.754322] Detection of HDI version failed; root cause: Could not connect to any host: [ eaff8753-1771-4da6-a1a7-1f979574194f.hna1.prod-us10.hanacloud.ondemand.com:443 -  ] (STDOUT, APP/TASK/deploy)#
#2026 05 07 21:42:53.974#Z#DEBUG#988ff13c-4a5d-11f1-8594-eeee0a955217.Loja-db-deployer#flowable-async-job-executor-thread-8887#
[PollStageAppStatusExecution] 540913b5-ee82-43db-a33d-eb5577322406 [2026-05-07T21:37:14.754771] Deployment ended at 2026-05-07 21:37:14 (STDOUT, APP/TASK/deploy)#
#2026 05 07 21:42:53.974#Z#DEBUG#988ff13c-4a5d-11f1-8594-eeee0a955217.Loja-db-deployer#flowable-async-job-executor-thread-8887#
[PollStageAppStatusExecution] 540913b5-ee82-43db-a33d-eb5577322406 [2026-05-07T21:37:14.754897] Error: Option parameter is not supported by the server; based on detected server version unknown (STDERR, APP/TASK/deploy)#
#2026 05 07 21:42:53.974#Z#DEBUG#988ff13c-4a5d-11f1-8594-eeee0a955217.Loja-db-deployer#flowable-async-job-executor-thread-8887#
[PollStageAppStatusExecution] 540913b5-ee82-43db-a33d-eb5577322406 [2026-05-07T21:37:14.755239] (6s 199ms) (STDOUT, APP/TASK/deploy)#
#2026 05 07 21:42:53.974#Z#DEBUG#988ff13c-4a5d-11f1-8594-eeee0a955217.Loja-db-deployer#flowable-async-job-executor-thread-8887#
[PollStageAppStatusExecution] 540913b5-ee82-43db-a33d-eb5577322406 [2026-05-07T21:37:14.825531] Exit status 1 (STDOUT, APP/TASK/deploy)#
#2026 05 07 21:42:53.974#Z#DEBUG#988ff13c-4a5d-11f1-8594-eeee0a955217.Loja-db-deployer#flowable-async-job-executor-thread-8887#
[PollStageAppStatusExecution] 540913b5-ee82-43db-a33d-eb5577322406 [2026-05-07T21:37:15.251204] Cell 77283d80-dfa7-40ba-ba4e-265aef112085 stopping instance 0a0ae1fd-9f1e-4499-b072-370b114d8019 (STDOUT, CELL)#
#2026 05 07 21:42:53.974#Z#DEBUG#988ff13c-4a5d-11f1-8594-eeee0a955217.Loja-db-deployer#flowable-async-job-executor-thread-8887#
[PollStageAppStatusExecution] 540913b5-ee82-43db-a33d-eb5577322406 [2026-05-07T21:37:15.251227] Cell 77283d80-dfa7-40ba-ba4e-265aef112085 destroying container for instance 0a0ae1fd-9f1e-4499-b072-370b114d8019 (STDOUT, CELL)#
#2026 05 07 21:42:53.974#Z#DEBUG#988ff13c-4a5d-11f1-8594-eeee0a955217.Loja-db-deployer#flowable-async-job-executor-thread-8887#
[PollStageAppStatusExecution] 540913b5-ee82-43db-a33d-eb5577322406 [2026-05-07T21:37:17.166707] Cell 77283d80-dfa7-40ba-ba4e-265aef112085 successfully destroyed container for instance 0a0ae1fd-9f1e-4499-b072-370b114d8019 (STDOUT, CELL)#
#2026 05 07 21:42:53.974#Z#DEBUG#988ff13c-4a5d-11f1-8594-eeee0a955217.Loja-db-deployer#flowable-async-job-executor-thread-8887#
[PollStageAppStatusExecution] 540913b5-ee82-43db-a33d-eb5577322406 [2026-05-07T21:37:24.762083] Cell d1cc041a-d5a1-41d6-b9f6-6cda736ce3f0 creating container for instance ee514c4e-b55f-43dd-b4f3-57a046a047e2 (STDOUT, CELL)#
#2026 05 07 21:42:53.974#Z#DEBUG#988ff13c-4a5d-11f1-8594-eeee0a955217.Loja-db-deployer#flowable-async-job-executor-thread-8887#
[PollStageAppStatusExecution] 540913b5-ee82-43db-a33d-eb5577322406 [2026-05-07T21:37:25.301108] Security group rules were updated (STDOUT, CELL)#
#2026 05 07 21:42:53.974#Z#DEBUG#988ff13c-4a5d-11f1-8594-eeee0a955217.Loja-db-deployer#flowable-async-job-executor-thread-8887#
[PollStageAppStatusExecution] 540913b5-ee82-43db-a33d-eb5577322406 [2026-05-07T21:37:25.380192] Cell d1cc041a-d5a1-41d6-b9f6-6cda736ce3f0 successfully created container for instance ee514c4e-b55f-43dd-b4f3-57a046a047e2 (STDOUT, CELL)#
#2026 05 07 21:42:53.974#Z#DEBUG#988ff13c-4a5d-11f1-8594-eeee0a955217.Loja-db-deployer#flowable-async-job-executor-thread-8887#
[PollStageAppStatusExecution] 540913b5-ee82-43db-a33d-eb5577322406 [2026-05-07T21:37:28.651569] Invoking pre-start scripts. (STDOUT, APP/TASK/deploy)#
#2026 05 07 21:42:53.974#Z#DEBUG#988ff13c-4a5d-11f1-8594-eeee0a955217.Loja-db-deployer#flowable-async-job-executor-thread-8887#
[PollStageAppStatusExecution] 540913b5-ee82-43db-a33d-eb5577322406 [2026-05-07T21:37:28.803967] Invoking start command. (STDOUT, APP/TASK/deploy)#
#2026 05 07 21:42:53.974#Z#DEBUG#988ff13c-4a5d-11f1-8594-eeee0a955217.Loja-db-deployer#flowable-async-job-executor-thread-8887#
[PollStageAppStatusExecution] 540913b5-ee82-43db-a33d-eb5577322406 [2026-05-07T21:37:29.144413] > start (STDOUT, APP/TASK/deploy)#
#2026 05 07 21:42:53.974#Z#DEBUG#988ff13c-4a5d-11f1-8594-eeee0a955217.Loja-db-deployer#flowable-async-job-executor-thread-8887#
[PollStageAppStatusExecution] 540913b5-ee82-43db-a33d-eb5577322406 [2026-05-07T21:37:29.144438] > node node_modules/@sap/hdi-deploy/deploy.js --use-hdb --parameter com.sap.hana.di.table/try_fast_table_migration=true (STDOUT, APP/TASK/deploy)#
#2026 05 07 21:42:53.974#Z#DEBUG#988ff13c-4a5d-11f1-8594-eeee0a955217.Loja-db-deployer#flowable-async-job-executor-thread-8887#
[PollStageAppStatusExecution] 540913b5-ee82-43db-a33d-eb5577322406 [2026-05-07T21:37:29.261968] VCAP_SERVICES: (STDOUT, APP/TASK/deploy)#
#2026 05 07 21:42:53.974#Z#DEBUG#988ff13c-4a5d-11f1-8594-eeee0a955217.Loja-db-deployer#flowable-async-job-executor-thread-8887#
[PollStageAppStatusExecution] 540913b5-ee82-43db-a33d-eb5577322406 [2026-05-07T21:37:29.262216] { (STDOUT, APP/TASK/deploy)#
#2026 05 07 21:42:53.974#Z#DEBUG#988ff13c-4a5d-11f1-8594-eeee0a955217.Loja-db-deployer#flowable-async-job-executor-thread-8887#
[PollStageAppStatusExecution] 540913b5-ee82-43db-a33d-eb5577322406 [2026-05-07T21:37:29.262244] "hana": [ (STDOUT, APP/TASK/deploy)#
#2026 05 07 21:42:53.974#Z#DEBUG#988ff13c-4a5d-11f1-8594-eeee0a955217.Loja-db-deployer#flowable-async-job-executor-thread-8887#
[PollStageAppStatusExecution] 540913b5-ee82-43db-a33d-eb5577322406 [2026-05-07T21:37:29.262247] { (STDOUT, APP/TASK/deploy)#
#2026 05 07 21:42:53.974#Z#DEBUG#988ff13c-4a5d-11f1-8594-eeee0a955217.Loja-db-deployer#flowable-async-job-executor-thread-8887#
[PollStageAppStatusExecution] 540913b5-ee82-43db-a33d-eb5577322406 [2026-05-07T21:37:29.262251] "name": "Loja-db", (STDOUT, APP/TASK/deploy)#
#2026 05 07 21:42:53.974#Z#DEBUG#988ff13c-4a5d-11f1-8594-eeee0a955217.Loja-db-deployer#flowable-async-job-executor-thread-8887#
[PollStageAppStatusExecution] 540913b5-ee82-43db-a33d-eb5577322406 [2026-05-07T21:37:29.262263] "label": "hana", (STDOUT, APP/TASK/deploy)#
#2026 05 07 21:42:53.974#Z#DEBUG#988ff13c-4a5d-11f1-8594-eeee0a955217.Loja-db-deployer#flowable-async-job-executor-thread-8887#
[PollStageAppStatusExecution] 540913b5-ee82-43db-a33d-eb5577322406 [2026-05-07T21:37:29.262266] "plan": "hdi-shared", (STDOUT, APP/TASK/deploy)#
#2026 05 07 21:42:53.974#Z#DEBUG#988ff13c-4a5d-11f1-8594-eeee0a955217.Loja-db-deployer#flowable-async-job-executor-thread-8887#
[PollStageAppStatusExecution] 540913b5-ee82-43db-a33d-eb5577322406 [2026-05-07T21:37:29.262269] "credentials": { (STDOUT, APP/TASK/deploy)#
#2026 05 07 21:42:53.974#Z#DEBUG#988ff13c-4a5d-11f1-8594-eeee0a955217.Loja-db-deployer#flowable-async-job-executor-thread-8887#
[PollStageAppStatusExecution] 540913b5-ee82-43db-a33d-eb5577322406 [2026-05-07T21:37:29.262275] "schema": "0BDA3929606647C1BC458C01854A3A3F", (STDOUT, APP/TASK/deploy)#
#2026 05 07 21:42:53.974#Z#DEBUG#988ff13c-4a5d-11f1-8594-eeee0a955217.Loja-db-deployer#flowable-async-job-executor-thread-8887#
[PollStageAppStatusExecution] 540913b5-ee82-43db-a33d-eb5577322406 [2026-05-07T21:37:29.262278] "database_id": "eaff8753-1771-4da6-a1a7-1f979574194f", (STDOUT, APP/TASK/deploy)#
#2026 05 07 21:42:53.974#Z#DEBUG#988ff13c-4a5d-11f1-8594-eeee0a955217.Loja-db-deployer#flowable-async-job-executor-thread-8887#
[PollStageAppStatusExecution] 540913b5-ee82-43db-a33d-eb5577322406 [2026-05-07T21:37:29.262281] "user": "0BDA3929606647C1BC458C01854A3A3F_6AQN1HUN77CIGLZYWTAQVCC3Z_RT", (STDOUT, APP/TASK/deploy)#
#2026 05 07 21:42:53.974#Z#DEBUG#988ff13c-4a5d-11f1-8594-eeee0a955217.Loja-db-deployer#flowable-async-job-executor-thread-8887#
[PollStageAppStatusExecution] 540913b5-ee82-43db-a33d-eb5577322406 [2026-05-07T21:37:29.262283] "hdi_user": "0BDA3929606647C1BC458C01854A3A3F_6AQN1HUN77CIGLZYWTAQVCC3Z_DT" (STDOUT, APP/TASK/deploy)#
#2026 05 07 21:42:53.974#Z#DEBUG#988ff13c-4a5d-11f1-8594-eeee0a955217.Loja-db-deployer#flowable-async-job-executor-thread-8887#
[PollStageAppStatusExecution] 540913b5-ee82-43db-a33d-eb5577322406 [2026-05-07T21:37:29.262285] }, (STDOUT, APP/TASK/deploy)#
#2026 05 07 21:42:53.974#Z#DEBUG#988ff13c-4a5d-11f1-8594-eeee0a955217.Loja-db-deployer#flowable-async-job-executor-thread-8887#
[PollStageAppStatusExecution] 540913b5-ee82-43db-a33d-eb5577322406 [2026-05-07T21:37:29.262289] "tags": [ (STDOUT, APP/TASK/deploy)#
#2026 05 07 21:42:53.974#Z#DEBUG#988ff13c-4a5d-11f1-8594-eeee0a955217.Loja-db-deployer#flowable-async-job-executor-thread-8887#
[PollStageAppStatusExecution] 540913b5-ee82-43db-a33d-eb5577322406 [2026-05-07T21:37:29.262293] "hana", (STDOUT, APP/TASK/deploy)#
#2026 05 07 21:42:53.974#Z#DEBUG#988ff13c-4a5d-11f1-8594-eeee0a955217.Loja-db-deployer#flowable-async-job-executor-thread-8887#
[PollStageAppStatusExecution] 540913b5-ee82-43db-a33d-eb5577322406 [2026-05-07T21:37:29.262295] "database", (STDOUT, APP/TASK/deploy)#
#2026 05 07 21:42:53.974#Z#DEBUG#988ff13c-4a5d-11f1-8594-eeee0a955217.Loja-db-deployer#flowable-async-job-executor-thread-8887#
[PollStageAppStatusExecution] 540913b5-ee82-43db-a33d-eb5577322406 [2026-05-07T21:37:29.262297] "relational" (STDOUT, APP/TASK/deploy)#
#2026 05 07 21:42:53.974#Z#DEBUG#988ff13c-4a5d-11f1-8594-eeee0a955217.Loja-db-deployer#flowable-async-job-executor-thread-8887#
[PollStageAppStatusExecution] 540913b5-ee82-43db-a33d-eb5577322406 [2026-05-07T21:37:29.262300] ] (STDOUT, APP/TASK/deploy)#
#2026 05 07 21:42:53.974#Z#DEBUG#988ff13c-4a5d-11f1-8594-eeee0a955217.Loja-db-deployer#flowable-async-job-executor-thread-8887#
[PollStageAppStatusExecution] 540913b5-ee82-43db-a33d-eb5577322406 [2026-05-07T21:37:29.262301] } (STDOUT, APP/TASK/deploy)#
#2026 05 07 21:42:53.974#Z#DEBUG#988ff13c-4a5d-11f1-8594-eeee0a955217.Loja-db-deployer#flowable-async-job-executor-thread-8887#
[PollStageAppStatusExecution] 540913b5-ee82-43db-a33d-eb5577322406 [2026-05-07T21:37:29.262322] ] (STDOUT, APP/TASK/deploy)#
#2026 05 07 21:42:53.974#Z#DEBUG#988ff13c-4a5d-11f1-8594-eeee0a955217.Loja-db-deployer#flowable-async-job-executor-thread-8887#
[PollStageAppStatusExecution] 540913b5-ee82-43db-a33d-eb5577322406 [2026-05-07T21:37:29.262324] } (STDOUT, APP/TASK/deploy)#
#2026 05 07 21:42:53.974#Z#DEBUG#988ff13c-4a5d-11f1-8594-eeee0a955217.Loja-db-deployer#flowable-async-job-executor-thread-8887#
[PollStageAppStatusExecution] 540913b5-ee82-43db-a33d-eb5577322406 [2026-05-07T21:37:35.363342] @sap/hdi-deploy, version 5.6.1 (mode default), server version unknown (0.0.0.0), cloud version , node version 24.13.0, HDI version -1, container API version -1 (STDOUT, APP/TASK/deploy)#
#2026 05 07 21:42:53.974#Z#DEBUG#988ff13c-4a5d-11f1-8594-eeee0a955217.Loja-db-deployer#flowable-async-job-executor-thread-8887#
[PollStageAppStatusExecution] 540913b5-ee82-43db-a33d-eb5577322406 [2026-05-07T21:37:35.363680] Deployment started at 2026-05-07 21:37:35 (STDOUT, APP/TASK/deploy)#
#2026 05 07 21:42:53.974#Z#DEBUG#988ff13c-4a5d-11f1-8594-eeee0a955217.Loja-db-deployer#flowable-async-job-executor-thread-8887#
[PollStageAppStatusExecution] 540913b5-ee82-43db-a33d-eb5577322406 [2026-05-07T21:37:35.363926] Using hdb@2.27.1 for connection (STDOUT, APP/TASK/deploy)#
#2026 05 07 21:42:53.974#Z#DEBUG#988ff13c-4a5d-11f1-8594-eeee0a955217.Loja-db-deployer#flowable-async-job-executor-thread-8887#
[PollStageAppStatusExecution] 540913b5-ee82-43db-a33d-eb5577322406 [2026-05-07T21:37:35.363945] Detection of server version failed; root cause: Could not connect to any host: [ eaff8753-1771-4da6-a1a7-1f979574194f.hna1.prod-us10.hanacloud.ondemand.com:443 -  ] (STDOUT, APP/TASK/deploy)#
#2026 05 07 21:42:53.974#Z#DEBUG#988ff13c-4a5d-11f1-8594-eeee0a955217.Loja-db-deployer#flowable-async-job-executor-thread-8887#
[PollStageAppStatusExecution] 540913b5-ee82-43db-a33d-eb5577322406 [2026-05-07T21:37:35.363950] Detection of cloud version failed; root cause: Could not connect to any host: [ eaff8753-1771-4da6-a1a7-1f979574194f.hna1.prod-us10.hanacloud.ondemand.com:443 -  ] (STDOUT, APP/TASK/deploy)#
#2026 05 07 21:42:53.974#Z#DEBUG#988ff13c-4a5d-11f1-8594-eeee0a955217.Loja-db-deployer#flowable-async-job-executor-thread-8887#
[PollStageAppStatusExecution] 540913b5-ee82-43db-a33d-eb5577322406 [2026-05-07T21:37:35.363954] Detection of container API version failed; root cause: Could not connect to any host: [ eaff8753-1771-4da6-a1a7-1f979574194f.hna1.prod-us10.hanacloud.ondemand.com:443 -  ] (STDOUT, APP/TASK/deploy)#
#2026 05 07 21:42:53.974#Z#DEBUG#988ff13c-4a5d-11f1-8594-eeee0a955217.Loja-db-deployer#flowable-async-job-executor-thread-8887#
[PollStageAppStatusExecution] 540913b5-ee82-43db-a33d-eb5577322406 [2026-05-07T21:37:35.363957] Detection of HDI version failed; root cause: Could not connect to any host: [ eaff8753-1771-4da6-a1a7-1f979574194f.hna1.prod-us10.hanacloud.ondemand.com:443 -  ] (STDOUT, APP/TASK/deploy)#
#2026 05 07 21:42:53.974#Z#DEBUG#988ff13c-4a5d-11f1-8594-eeee0a955217.Loja-db-deployer#flowable-async-job-executor-thread-8887#
[PollStageAppStatusExecution] 540913b5-ee82-43db-a33d-eb5577322406 [2026-05-07T21:37:35.364340] Deployment ended at 2026-05-07 21:37:35 (STDOUT, APP/TASK/deploy)#
#2026 05 07 21:42:53.974#Z#DEBUG#988ff13c-4a5d-11f1-8594-eeee0a955217.Loja-db-deployer#flowable-async-job-executor-thread-8887#
[PollStageAppStatusExecution] 540913b5-ee82-43db-a33d-eb5577322406 [2026-05-07T21:37:35.364494] Error: Option parameter is not supported by the server; based on detected server version unknown (STDERR, APP/TASK/deploy)#
#2026 05 07 21:42:53.974#Z#DEBUG#988ff13c-4a5d-11f1-8594-eeee0a955217.Loja-db-deployer#flowable-async-job-executor-thread-8887#
[PollStageAppStatusExecution] 540913b5-ee82-43db-a33d-eb5577322406 [2026-05-07T21:37:35.364834] (6s 188ms) (STDOUT, APP/TASK/deploy)#
#2026 05 07 21:42:53.974#Z#DEBUG#988ff13c-4a5d-11f1-8594-eeee0a955217.Loja-db-deployer#flowable-async-job-executor-thread-8887#
[PollStageAppStatusExecution] 540913b5-ee82-43db-a33d-eb5577322406 [2026-05-07T21:37:35.438035] Exit status 1 (STDOUT, APP/TASK/deploy)#
#2026 05 07 21:42:53.974#Z#DEBUG#988ff13c-4a5d-11f1-8594-eeee0a955217.Loja-db-deployer#flowable-async-job-executor-thread-8887#
[PollStageAppStatusExecution] 540913b5-ee82-43db-a33d-eb5577322406 [2026-05-07T21:37:36.275800] Cell d1cc041a-d5a1-41d6-b9f6-6cda736ce3f0 stopping instance ee514c4e-b55f-43dd-b4f3-57a046a047e2 (STDOUT, CELL)#
#2026 05 07 21:42:53.974#Z#DEBUG#988ff13c-4a5d-11f1-8594-eeee0a955217.Loja-db-deployer#flowable-async-job-executor-thread-8887#
[PollStageAppStatusExecution] 540913b5-ee82-43db-a33d-eb5577322406 [2026-05-07T21:37:36.275840] Cell d1cc041a-d5a1-41d6-b9f6-6cda736ce3f0 destroying container for instance ee514c4e-b55f-43dd-b4f3-57a046a047e2 (STDOUT, CELL)#
#2026 05 07 21:42:53.974#Z#DEBUG#988ff13c-4a5d-11f1-8594-eeee0a955217.Loja-db-deployer#flowable-async-job-executor-thread-8887#
[PollStageAppStatusExecution] 540913b5-ee82-43db-a33d-eb5577322406 [2026-05-07T21:37:38.486585] Cell d1cc041a-d5a1-41d6-b9f6-6cda736ce3f0 successfully destroyed container for instance ee514c4e-b55f-43dd-b4f3-57a046a047e2 (STDOUT, CELL)#
#2026 05 07 21:42:53.974#Z#DEBUG#988ff13c-4a5d-11f1-8594-eeee0a955217.Loja-db-deployer#flowable-async-job-executor-thread-8887#
[PollStageAppStatusExecution] 540913b5-ee82-43db-a33d-eb5577322406 [2026-05-07T21:37:46.137196] Cell 77283d80-dfa7-40ba-ba4e-265aef112085 creating container for instance 3b576676-7cc2-4790-8807-210046394e3a (STDOUT, CELL)#
#2026 05 07 21:42:53.974#Z#DEBUG#988ff13c-4a5d-11f1-8594-eeee0a955217.Loja-db-deployer#flowable-async-job-executor-thread-8887#
[PollStageAppStatusExecution] 540913b5-ee82-43db-a33d-eb5577322406 [2026-05-07T21:37:46.645724] Security group rules were updated (STDOUT, CELL)#
#2026 05 07 21:42:53.974#Z#DEBUG#988ff13c-4a5d-11f1-8594-eeee0a955217.Loja-db-deployer#flowable-async-job-executor-thread-8887#
[PollStageAppStatusExecution] 540913b5-ee82-43db-a33d-eb5577322406 [2026-05-07T21:37:46.717445] Cell 77283d80-dfa7-40ba-ba4e-265aef112085 successfully created container for instance 3b576676-7cc2-4790-8807-210046394e3a (STDOUT, CELL)#
#2026 05 07 21:42:53.974#Z#DEBUG#988ff13c-4a5d-11f1-8594-eeee0a955217.Loja-db-deployer#flowable-async-job-executor-thread-8887#
[PollStageAppStatusExecution] 540913b5-ee82-43db-a33d-eb5577322406 [2026-05-07T21:37:49.864465] Invoking pre-start scripts. (STDOUT, APP/TASK/deploy)#
#2026 05 07 21:42:53.974#Z#DEBUG#988ff13c-4a5d-11f1-8594-eeee0a955217.Loja-db-deployer#flowable-async-job-executor-thread-8887#
[PollStageAppStatusExecution] 540913b5-ee82-43db-a33d-eb5577322406 [2026-05-07T21:37:50.011545] Invoking start command. (STDOUT, APP/TASK/deploy)#
#2026 05 07 21:42:53.974#Z#DEBUG#988ff13c-4a5d-11f1-8594-eeee0a955217.Loja-db-deployer#flowable-async-job-executor-thread-8887#
[PollStageAppStatusExecution] 540913b5-ee82-43db-a33d-eb5577322406 [2026-05-07T21:37:50.331767] > start (STDOUT, APP/TASK/deploy)#
#2026 05 07 21:42:53.974#Z#DEBUG#988ff13c-4a5d-11f1-8594-eeee0a955217.Loja-db-deployer#flowable-async-job-executor-thread-8887#
[PollStageAppStatusExecution] 540913b5-ee82-43db-a33d-eb5577322406 [2026-05-07T21:37:50.331800] > node node_modules/@sap/hdi-deploy/deploy.js --use-hdb --parameter com.sap.hana.di.table/try_fast_table_migration=true (STDOUT, APP/TASK/deploy)#
#2026 05 07 21:42:53.974#Z#DEBUG#988ff13c-4a5d-11f1-8594-eeee0a955217.Loja-db-deployer#flowable-async-job-executor-thread-8887#
[PollStageAppStatusExecution] 540913b5-ee82-43db-a33d-eb5577322406 [2026-05-07T21:37:50.445061] VCAP_SERVICES: (STDOUT, APP/TASK/deploy)#
#2026 05 07 21:42:53.974#Z#DEBUG#988ff13c-4a5d-11f1-8594-eeee0a955217.Loja-db-deployer#flowable-async-job-executor-thread-8887#
[PollStageAppStatusExecution] 540913b5-ee82-43db-a33d-eb5577322406 [2026-05-07T21:37:50.445306] { (STDOUT, APP/TASK/deploy)#
#2026 05 07 21:42:53.974#Z#DEBUG#988ff13c-4a5d-11f1-8594-eeee0a955217.Loja-db-deployer#flowable-async-job-executor-thread-8887#
[PollStageAppStatusExecution] 540913b5-ee82-43db-a33d-eb5577322406 [2026-05-07T21:37:50.445328] "hana": [ (STDOUT, APP/TASK/deploy)#
#2026 05 07 21:42:53.974#Z#DEBUG#988ff13c-4a5d-11f1-8594-eeee0a955217.Loja-db-deployer#flowable-async-job-executor-thread-8887#
[PollStageAppStatusExecution] 540913b5-ee82-43db-a33d-eb5577322406 [2026-05-07T21:37:50.445331] { (STDOUT, APP/TASK/deploy)#
#2026 05 07 21:42:53.974#Z#DEBUG#988ff13c-4a5d-11f1-8594-eeee0a955217.Loja-db-deployer#flowable-async-job-executor-thread-8887#
[PollStageAppStatusExecution] 540913b5-ee82-43db-a33d-eb5577322406 [2026-05-07T21:37:50.445335] "name": "Loja-db", (STDOUT, APP/TASK/deploy)#
#2026 05 07 21:42:53.974#Z#DEBUG#988ff13c-4a5d-11f1-8594-eeee0a955217.Loja-db-deployer#flowable-async-job-executor-thread-8887#
[PollStageAppStatusExecution] 540913b5-ee82-43db-a33d-eb5577322406 [2026-05-07T21:37:50.445337] "label": "hana", (STDOUT, APP/TASK/deploy)#
#2026 05 07 21:42:53.974#Z#DEBUG#988ff13c-4a5d-11f1-8594-eeee0a955217.Loja-db-deployer#flowable-async-job-executor-thread-8887#
[PollStageAppStatusExecution] 540913b5-ee82-43db-a33d-eb5577322406 [2026-05-07T21:37:50.445339] "plan": "hdi-shared", (STDOUT, APP/TASK/deploy)#
#2026 05 07 21:42:53.974#Z#DEBUG#988ff13c-4a5d-11f1-8594-eeee0a955217.Loja-db-deployer#flowable-async-job-executor-thread-8887#
[PollStageAppStatusExecution] 540913b5-ee82-43db-a33d-eb5577322406 [2026-05-07T21:37:50.445341] "credentials": { (STDOUT, APP/TASK/deploy)#
#2026 05 07 21:42:53.974#Z#DEBUG#988ff13c-4a5d-11f1-8594-eeee0a955217.Loja-db-deployer#flowable-async-job-executor-thread-8887#
[PollStageAppStatusExecution] 540913b5-ee82-43db-a33d-eb5577322406 [2026-05-07T21:37:50.445344] "schema": "0BDA3929606647C1BC458C01854A3A3F", (STDOUT, APP/TASK/deploy)#
#2026 05 07 21:42:53.974#Z#DEBUG#988ff13c-4a5d-11f1-8594-eeee0a955217.Loja-db-deployer#flowable-async-job-executor-thread-8887#
[PollStageAppStatusExecution] 540913b5-ee82-43db-a33d-eb5577322406 [2026-05-07T21:37:50.445346] "database_id": "eaff8753-1771-4da6-a1a7-1f979574194f", (STDOUT, APP/TASK/deploy)#
#2026 05 07 21:42:53.974#Z#DEBUG#988ff13c-4a5d-11f1-8594-eeee0a955217.Loja-db-deployer#flowable-async-job-executor-thread-8887#
[PollStageAppStatusExecution] 540913b5-ee82-43db-a33d-eb5577322406 [2026-05-07T21:37:50.445348] "user": "0BDA3929606647C1BC458C01854A3A3F_6AQN1HUN77CIGLZYWTAQVCC3Z_RT", (STDOUT, APP/TASK/deploy)#
#2026 05 07 21:42:53.974#Z#DEBUG#988ff13c-4a5d-11f1-8594-eeee0a955217.Loja-db-deployer#flowable-async-job-executor-thread-8887#
[PollStageAppStatusExecution] 540913b5-ee82-43db-a33d-eb5577322406 [2026-05-07T21:37:50.445354] "hdi_user": "0BDA3929606647C1BC458C01854A3A3F_6AQN1HUN77CIGLZYWTAQVCC3Z_DT" (STDOUT, APP/TASK/deploy)#
#2026 05 07 21:42:53.974#Z#DEBUG#988ff13c-4a5d-11f1-8594-eeee0a955217.Loja-db-deployer#flowable-async-job-executor-thread-8887#
[PollStageAppStatusExecution] 540913b5-ee82-43db-a33d-eb5577322406 [2026-05-07T21:37:50.445355] }, (STDOUT, APP/TASK/deploy)#
#2026 05 07 21:42:53.974#Z#DEBUG#988ff13c-4a5d-11f1-8594-eeee0a955217.Loja-db-deployer#flowable-async-job-executor-thread-8887#
[PollStageAppStatusExecution] 540913b5-ee82-43db-a33d-eb5577322406 [2026-05-07T21:37:50.445357] "tags": [ (STDOUT, APP/TASK/deploy)#
#2026 05 07 21:42:53.974#Z#DEBUG#988ff13c-4a5d-11f1-8594-eeee0a955217.Loja-db-deployer#flowable-async-job-executor-thread-8887#
[PollStageAppStatusExecution] 540913b5-ee82-43db-a33d-eb5577322406 [2026-05-07T21:37:50.445358] "hana", (STDOUT, APP/TASK/deploy)#
#2026 05 07 21:42:53.974#Z#DEBUG#988ff13c-4a5d-11f1-8594-eeee0a955217.Loja-db-deployer#flowable-async-job-executor-thread-8887#
[PollStageAppStatusExecution] 540913b5-ee82-43db-a33d-eb5577322406 [2026-05-07T21:37:50.445360] "database", (STDOUT, APP/TASK/deploy)#
#2026 05 07 21:42:53.974#Z#DEBUG#988ff13c-4a5d-11f1-8594-eeee0a955217.Loja-db-deployer#flowable-async-job-executor-thread-8887#
[PollStageAppStatusExecution] 540913b5-ee82-43db-a33d-eb5577322406 [2026-05-07T21:37:50.445364] "relational" (STDOUT, APP/TASK/deploy)#
#2026 05 07 21:42:53.974#Z#DEBUG#988ff13c-4a5d-11f1-8594-eeee0a955217.Loja-db-deployer#flowable-async-job-executor-thread-8887#
[PollStageAppStatusExecution] 540913b5-ee82-43db-a33d-eb5577322406 [2026-05-07T21:37:50.445366] ] (STDOUT, APP/TASK/deploy)#
#2026 05 07 21:42:53.974#Z#DEBUG#988ff13c-4a5d-11f1-8594-eeee0a955217.Loja-db-deployer#flowable-async-job-executor-thread-8887#
[PollStageAppStatusExecution] 540913b5-ee82-43db-a33d-eb5577322406 [2026-05-07T21:37:50.445367] } (STDOUT, APP/TASK/deploy)#
#2026 05 07 21:42:53.974#Z#DEBUG#988ff13c-4a5d-11f1-8594-eeee0a955217.Loja-db-deployer#flowable-async-job-executor-thread-8887#
[PollStageAppStatusExecution] 540913b5-ee82-43db-a33d-eb5577322406 [2026-05-07T21:37:50.445369] ] (STDOUT, APP/TASK/deploy)#
#2026 05 07 21:42:53.974#Z#DEBUG#988ff13c-4a5d-11f1-8594-eeee0a955217.Loja-db-deployer#flowable-async-job-executor-thread-8887#
[PollStageAppStatusExecution] 540913b5-ee82-43db-a33d-eb5577322406 [2026-05-07T21:37:50.445370] } (STDOUT, APP/TASK/deploy)#
#2026 05 07 21:42:53.974#Z#DEBUG#988ff13c-4a5d-11f1-8594-eeee0a955217.Loja-db-deployer#flowable-async-job-executor-thread-8887#
[PollStageAppStatusExecution] 540913b5-ee82-43db-a33d-eb5577322406 [2026-05-07T21:37:56.545690] @sap/hdi-deploy, version 5.6.1 (mode default), server version unknown (0.0.0.0), cloud version , node version 24.13.0, HDI version -1, container API version -1 (STDOUT, APP/TASK/deploy)#
#2026 05 07 21:42:53.974#Z#DEBUG#988ff13c-4a5d-11f1-8594-eeee0a955217.Loja-db-deployer#flowable-async-job-executor-thread-8887#
[PollStageAppStatusExecution] 540913b5-ee82-43db-a33d-eb5577322406 [2026-05-07T21:37:56.545930] Deployment started at 2026-05-07 21:37:56 (STDOUT, APP/TASK/deploy)#
#2026 05 07 21:42:53.974#Z#DEBUG#988ff13c-4a5d-11f1-8594-eeee0a955217.Loja-db-deployer#flowable-async-job-executor-thread-8887#
[PollStageAppStatusExecution] 540913b5-ee82-43db-a33d-eb5577322406 [2026-05-07T21:37:56.546179] Using hdb@2.27.1 for connection (STDOUT, APP/TASK/deploy)#
#2026 05 07 21:42:53.974#Z#DEBUG#988ff13c-4a5d-11f1-8594-eeee0a955217.Loja-db-deployer#flowable-async-job-executor-thread-8887#
[PollStageAppStatusExecution] 540913b5-ee82-43db-a33d-eb5577322406 [2026-05-07T21:37:56.546199] Detection of server version failed; root cause: Could not connect to any host: [ eaff8753-1771-4da6-a1a7-1f979574194f.hna1.prod-us10.hanacloud.ondemand.com:443 -  ] (STDOUT, APP/TASK/deploy)#
#2026 05 07 21:42:53.974#Z#DEBUG#988ff13c-4a5d-11f1-8594-eeee0a955217.Loja-db-deployer#flowable-async-job-executor-thread-8887#
[PollStageAppStatusExecution] 540913b5-ee82-43db-a33d-eb5577322406 [2026-05-07T21:37:56.546203] Detection of cloud version failed; root cause: Could not connect to any host: [ eaff8753-1771-4da6-a1a7-1f979574194f.hna1.prod-us10.hanacloud.ondemand.com:443 -  ] (STDOUT, APP/TASK/deploy)#
#2026 05 07 21:42:53.974#Z#DEBUG#988ff13c-4a5d-11f1-8594-eeee0a955217.Loja-db-deployer#flowable-async-job-executor-thread-8887#
[PollStageAppStatusExecution] 540913b5-ee82-43db-a33d-eb5577322406 [2026-05-07T21:37:56.546208] Detection of container API version failed; root cause: Could not connect to any host: [ eaff8753-1771-4da6-a1a7-1f979574194f.hna1.prod-us10.hanacloud.ondemand.com:443 -  ] (STDOUT, APP/TASK/deploy)#
#2026 05 07 21:42:53.974#Z#DEBUG#988ff13c-4a5d-11f1-8594-eeee0a955217.Loja-db-deployer#flowable-async-job-executor-thread-8887#
[PollStageAppStatusExecution] 540913b5-ee82-43db-a33d-eb5577322406 [2026-05-07T21:37:56.546210] Detection of HDI version failed; root cause: Could not connect to any host: [ eaff8753-1771-4da6-a1a7-1f979574194f.hna1.prod-us10.hanacloud.ondemand.com:443 -  ] (STDOUT, APP/TASK/deploy)#
#2026 05 07 21:42:53.974#Z#DEBUG#988ff13c-4a5d-11f1-8594-eeee0a955217.Loja-db-deployer#flowable-async-job-executor-thread-8887#
[PollStageAppStatusExecution] 540913b5-ee82-43db-a33d-eb5577322406 [2026-05-07T21:37:56.546698] Deployment ended at 2026-05-07 21:37:56 (STDOUT, APP/TASK/deploy)#
#2026 05 07 21:42:53.974#Z#DEBUG#988ff13c-4a5d-11f1-8594-eeee0a955217.Loja-db-deployer#flowable-async-job-executor-thread-8887#
[PollStageAppStatusExecution] 540913b5-ee82-43db-a33d-eb5577322406 [2026-05-07T21:37:56.546850] Error: Option parameter is not supported by the server; based on detected server version unknown (STDERR, APP/TASK/deploy)#
#2026 05 07 21:42:53.974#Z#DEBUG#988ff13c-4a5d-11f1-8594-eeee0a955217.Loja-db-deployer#flowable-async-job-executor-thread-8887#
[PollStageAppStatusExecution] 540913b5-ee82-43db-a33d-eb5577322406 [2026-05-07T21:37:56.547224] (6s 185ms) (STDOUT, APP/TASK/deploy)#
#2026 05 07 21:42:53.974#Z#DEBUG#988ff13c-4a5d-11f1-8594-eeee0a955217.Loja-db-deployer#flowable-async-job-executor-thread-8887#
[PollStageAppStatusExecution] 540913b5-ee82-43db-a33d-eb5577322406 [2026-05-07T21:37:56.623786] Exit status 1 (STDOUT, APP/TASK/deploy)#
#2026 05 07 21:42:53.974#Z#DEBUG#988ff13c-4a5d-11f1-8594-eeee0a955217.Loja-db-deployer#flowable-async-job-executor-thread-8887#
[PollStageAppStatusExecution] 540913b5-ee82-43db-a33d-eb5577322406 [2026-05-07T21:37:57.394314] Cell 77283d80-dfa7-40ba-ba4e-265aef112085 stopping instance 3b576676-7cc2-4790-8807-210046394e3a (STDOUT, CELL)#
#2026 05 07 21:42:53.974#Z#DEBUG#988ff13c-4a5d-11f1-8594-eeee0a955217.Loja-db-deployer#flowable-async-job-executor-thread-8887#
[PollStageAppStatusExecution] 540913b5-ee82-43db-a33d-eb5577322406 [2026-05-07T21:37:57.394351] Cell 77283d80-dfa7-40ba-ba4e-265aef112085 destroying container for instance 3b576676-7cc2-4790-8807-210046394e3a (STDOUT, CELL)#
#2026 05 07 21:42:53.974#Z#DEBUG#988ff13c-4a5d-11f1-8594-eeee0a955217.Loja-db-deployer#flowable-async-job-executor-thread-8887#
[PollStageAppStatusExecution] 540913b5-ee82-43db-a33d-eb5577322406 [2026-05-07T21:38:02.415875] Cell 77283d80-dfa7-40ba-ba4e-265aef112085 successfully destroyed container for instance 3b576676-7cc2-4790-8807-210046394e3a (STDOUT, CELL)#
#2026 05 07 21:42:53.974#Z#DEBUG#988ff13c-4a5d-11f1-8594-eeee0a955217.Loja-db-deployer#flowable-async-job-executor-thread-8887#
[PollStageAppStatusExecution] 540913b5-ee82-43db-a33d-eb5577322406 [2026-05-07T21:38:04.386050] Cell 684caff8-89cd-492b-be01-b3d0835f1763 creating container for instance 94cfaa08-cc28-4d4c-9e55-48d1b70622f8 (STDOUT, CELL)#
#2026 05 07 21:42:53.974#Z#DEBUG#988ff13c-4a5d-11f1-8594-eeee0a955217.Loja-db-deployer#flowable-async-job-executor-thread-8887#
[PollStageAppStatusExecution] 540913b5-ee82-43db-a33d-eb5577322406 [2026-05-07T21:38:04.932785] Security group rules were updated (STDOUT, CELL)#
#2026 05 07 21:42:53.974#Z#DEBUG#988ff13c-4a5d-11f1-8594-eeee0a955217.Loja-db-deployer#flowable-async-job-executor-thread-8887#
[PollStageAppStatusExecution] 540913b5-ee82-43db-a33d-eb5577322406 [2026-05-07T21:38:05.035152] Cell 684caff8-89cd-492b-be01-b3d0835f1763 successfully created container for instance 94cfaa08-cc28-4d4c-9e55-48d1b70622f8 (STDOUT, CELL)#
#2026 05 07 21:42:53.974#Z#DEBUG#988ff13c-4a5d-11f1-8594-eeee0a955217.Loja-db-deployer#flowable-async-job-executor-thread-8887#
[PollStageAppStatusExecution] 540913b5-ee82-43db-a33d-eb5577322406 [2026-05-07T21:38:08.839006] Invoking pre-start scripts. (STDOUT, APP/TASK/deploy)#
#2026 05 07 21:42:53.974#Z#DEBUG#988ff13c-4a5d-11f1-8594-eeee0a955217.Loja-db-deployer#flowable-async-job-executor-thread-8887#
[PollStageAppStatusExecution] 540913b5-ee82-43db-a33d-eb5577322406 [2026-05-07T21:38:08.993332] Invoking start command. (STDOUT, APP/TASK/deploy)#
#2026 05 07 21:42:53.974#Z#DEBUG#988ff13c-4a5d-11f1-8594-eeee0a955217.Loja-db-deployer#flowable-async-job-executor-thread-8887#
[PollStageAppStatusExecution] 540913b5-ee82-43db-a33d-eb5577322406 [2026-05-07T21:38:09.332303] > start (STDOUT, APP/TASK/deploy)#
#2026 05 07 21:42:53.974#Z#DEBUG#988ff13c-4a5d-11f1-8594-eeee0a955217.Loja-db-deployer#flowable-async-job-executor-thread-8887#
[PollStageAppStatusExecution] 540913b5-ee82-43db-a33d-eb5577322406 [2026-05-07T21:38:09.332328] > node node_modules/@sap/hdi-deploy/deploy.js --use-hdb --parameter com.sap.hana.di.table/try_fast_table_migration=true (STDOUT, APP/TASK/deploy)#
#2026 05 07 21:42:53.974#Z#DEBUG#988ff13c-4a5d-11f1-8594-eeee0a955217.Loja-db-deployer#flowable-async-job-executor-thread-8887#
[PollStageAppStatusExecution] 540913b5-ee82-43db-a33d-eb5577322406 [2026-05-07T21:38:09.445942] VCAP_SERVICES: (STDOUT, APP/TASK/deploy)#
#2026 05 07 21:42:53.974#Z#DEBUG#988ff13c-4a5d-11f1-8594-eeee0a955217.Loja-db-deployer#flowable-async-job-executor-thread-8887#
[PollStageAppStatusExecution] 540913b5-ee82-43db-a33d-eb5577322406 [2026-05-07T21:38:09.446130] { (STDOUT, APP/TASK/deploy)#
#2026 05 07 21:42:53.974#Z#DEBUG#988ff13c-4a5d-11f1-8594-eeee0a955217.Loja-db-deployer#flowable-async-job-executor-thread-8887#
[PollStageAppStatusExecution] 540913b5-ee82-43db-a33d-eb5577322406 [2026-05-07T21:38:09.446141] "hana": [ (STDOUT, APP/TASK/deploy)#
#2026 05 07 21:42:53.974#Z#DEBUG#988ff13c-4a5d-11f1-8594-eeee0a955217.Loja-db-deployer#flowable-async-job-executor-thread-8887#
[PollStageAppStatusExecution] 540913b5-ee82-43db-a33d-eb5577322406 [2026-05-07T21:38:09.446144] { (STDOUT, APP/TASK/deploy)#
#2026 05 07 21:42:53.974#Z#DEBUG#988ff13c-4a5d-11f1-8594-eeee0a955217.Loja-db-deployer#flowable-async-job-executor-thread-8887#
[PollStageAppStatusExecution] 540913b5-ee82-43db-a33d-eb5577322406 [2026-05-07T21:38:09.446147] "name": "Loja-db", (STDOUT, APP/TASK/deploy)#
#2026 05 07 21:42:53.974#Z#DEBUG#988ff13c-4a5d-11f1-8594-eeee0a955217.Loja-db-deployer#flowable-async-job-executor-thread-8887#
[PollStageAppStatusExecution] 540913b5-ee82-43db-a33d-eb5577322406 [2026-05-07T21:38:09.446148] "label": "hana", (STDOUT, APP/TASK/deploy)#
#2026 05 07 21:42:53.974#Z#DEBUG#988ff13c-4a5d-11f1-8594-eeee0a955217.Loja-db-deployer#flowable-async-job-executor-thread-8887#
[PollStageAppStatusExecution] 540913b5-ee82-43db-a33d-eb5577322406 [2026-05-07T21:38:09.446151] "plan": "hdi-shared", (STDOUT, APP/TASK/deploy)#
#2026 05 07 21:42:53.974#Z#DEBUG#988ff13c-4a5d-11f1-8594-eeee0a955217.Loja-db-deployer#flowable-async-job-executor-thread-8887#
[PollStageAppStatusExecution] 540913b5-ee82-43db-a33d-eb5577322406 [2026-05-07T21:38:09.446152] "credentials": { (STDOUT, APP/TASK/deploy)#
#2026 05 07 21:42:53.974#Z#DEBUG#988ff13c-4a5d-11f1-8594-eeee0a955217.Loja-db-deployer#flowable-async-job-executor-thread-8887#
[PollStageAppStatusExecution] 540913b5-ee82-43db-a33d-eb5577322406 [2026-05-07T21:38:09.446155] "schema": "0BDA3929606647C1BC458C01854A3A3F", (STDOUT, APP/TASK/deploy)#
#2026 05 07 21:42:53.974#Z#DEBUG#988ff13c-4a5d-11f1-8594-eeee0a955217.Loja-db-deployer#flowable-async-job-executor-thread-8887#
[PollStageAppStatusExecution] 540913b5-ee82-43db-a33d-eb5577322406 [2026-05-07T21:38:09.446156] "database_id": "eaff8753-1771-4da6-a1a7-1f979574194f", (STDOUT, APP/TASK/deploy)#
#2026 05 07 21:42:53.974#Z#DEBUG#988ff13c-4a5d-11f1-8594-eeee0a955217.Loja-db-deployer#flowable-async-job-executor-thread-8887#
[PollStageAppStatusExecution] 540913b5-ee82-43db-a33d-eb5577322406 [2026-05-07T21:38:09.446159] "user": "0BDA3929606647C1BC458C01854A3A3F_6AQN1HUN77CIGLZYWTAQVCC3Z_RT", (STDOUT, APP/TASK/deploy)#
#2026 05 07 21:42:53.974#Z#DEBUG#988ff13c-4a5d-11f1-8594-eeee0a955217.Loja-db-deployer#flowable-async-job-executor-thread-8887#
[PollStageAppStatusExecution] 540913b5-ee82-43db-a33d-eb5577322406 [2026-05-07T21:38:09.446161] "hdi_user": "0BDA3929606647C1BC458C01854A3A3F_6AQN1HUN77CIGLZYWTAQVCC3Z_DT" (STDOUT, APP/TASK/deploy)#
#2026 05 07 21:42:53.974#Z#DEBUG#988ff13c-4a5d-11f1-8594-eeee0a955217.Loja-db-deployer#flowable-async-job-executor-thread-8887#
[PollStageAppStatusExecution] 540913b5-ee82-43db-a33d-eb5577322406 [2026-05-07T21:38:09.446162] }, (STDOUT, APP/TASK/deploy)#
#2026 05 07 21:42:53.974#Z#DEBUG#988ff13c-4a5d-11f1-8594-eeee0a955217.Loja-db-deployer#flowable-async-job-executor-thread-8887#
[PollStageAppStatusExecution] 540913b5-ee82-43db-a33d-eb5577322406 [2026-05-07T21:38:09.446167] "tags": [ (STDOUT, APP/TASK/deploy)#
#2026 05 07 21:42:53.974#Z#DEBUG#988ff13c-4a5d-11f1-8594-eeee0a955217.Loja-db-deployer#flowable-async-job-executor-thread-8887#
[PollStageAppStatusExecution] 540913b5-ee82-43db-a33d-eb5577322406 [2026-05-07T21:38:09.446168] "hana", (STDOUT, APP/TASK/deploy)#
#2026 05 07 21:42:53.974#Z#DEBUG#988ff13c-4a5d-11f1-8594-eeee0a955217.Loja-db-deployer#flowable-async-job-executor-thread-8887#
[PollStageAppStatusExecution] 540913b5-ee82-43db-a33d-eb5577322406 [2026-05-07T21:38:09.446171] "database", (STDOUT, APP/TASK/deploy)#
#2026 05 07 21:42:53.974#Z#DEBUG#988ff13c-4a5d-11f1-8594-eeee0a955217.Loja-db-deployer#flowable-async-job-executor-thread-8887#
[PollStageAppStatusExecution] 540913b5-ee82-43db-a33d-eb5577322406 [2026-05-07T21:38:09.446175] "relational" (STDOUT, APP/TASK/deploy)#
#2026 05 07 21:42:53.974#Z#DEBUG#988ff13c-4a5d-11f1-8594-eeee0a955217.Loja-db-deployer#flowable-async-job-executor-thread-8887#
[PollStageAppStatusExecution] 540913b5-ee82-43db-a33d-eb5577322406 [2026-05-07T21:38:09.446176] ] (STDOUT, APP/TASK/deploy)#
#2026 05 07 21:42:53.974#Z#DEBUG#988ff13c-4a5d-11f1-8594-eeee0a955217.Loja-db-deployer#flowable-async-job-executor-thread-8887#
[PollStageAppStatusExecution] 540913b5-ee82-43db-a33d-eb5577322406 [2026-05-07T21:38:09.446179] } (STDOUT, APP/TASK/deploy)#
#2026 05 07 21:42:53.974#Z#DEBUG#988ff13c-4a5d-11f1-8594-eeee0a955217.Loja-db-deployer#flowable-async-job-executor-thread-8887#
[PollStageAppStatusExecution] 540913b5-ee82-43db-a33d-eb5577322406 [2026-05-07T21:38:09.446187] ] (STDOUT, APP/TASK/deploy)#
#2026 05 07 21:42:53.974#Z#DEBUG#988ff13c-4a5d-11f1-8594-eeee0a955217.Loja-db-deployer#flowable-async-job-executor-thread-8887#
[PollStageAppStatusExecution] 540913b5-ee82-43db-a33d-eb5577322406 [2026-05-07T21:38:09.446190] } (STDOUT, APP/TASK/deploy)#
#2026 05 07 21:42:53.974#Z#DEBUG#988ff13c-4a5d-11f1-8594-eeee0a955217.Loja-db-deployer#flowable-async-job-executor-thread-8887#
[PollStageAppStatusExecution] 540913b5-ee82-43db-a33d-eb5577322406 [2026-05-07T21:38:15.546456] @sap/hdi-deploy, version 5.6.1 (mode default), server version unknown (0.0.0.0), cloud version , node version 24.13.0, HDI version -1, container API version -1 (STDOUT, APP/TASK/deploy)#
#2026 05 07 21:42:53.974#Z#DEBUG#988ff13c-4a5d-11f1-8594-eeee0a955217.Loja-db-deployer#flowable-async-job-executor-thread-8887#
[PollStageAppStatusExecution] 540913b5-ee82-43db-a33d-eb5577322406 [2026-05-07T21:38:15.546753] Deployment started at 2026-05-07 21:38:15 (STDOUT, APP/TASK/deploy)#
#2026 05 07 21:42:53.974#Z#DEBUG#988ff13c-4a5d-11f1-8594-eeee0a955217.Loja-db-deployer#flowable-async-job-executor-thread-8887#
[PollStageAppStatusExecution] 540913b5-ee82-43db-a33d-eb5577322406 [2026-05-07T21:38:15.546958] Using hdb@2.27.1 for connection (STDOUT, APP/TASK/deploy)#
#2026 05 07 21:42:53.974#Z#DEBUG#988ff13c-4a5d-11f1-8594-eeee0a955217.Loja-db-deployer#flowable-async-job-executor-thread-8887#
[PollStageAppStatusExecution] 540913b5-ee82-43db-a33d-eb5577322406 [2026-05-07T21:38:15.546978] Detection of server version failed; root cause: Could not connect to any host: [ eaff8753-1771-4da6-a1a7-1f979574194f.hna1.prod-us10.hanacloud.ondemand.com:443 -  ] (STDOUT, APP/TASK/deploy)#
#2026 05 07 21:42:53.974#Z#DEBUG#988ff13c-4a5d-11f1-8594-eeee0a955217.Loja-db-deployer#flowable-async-job-executor-thread-8887#
[PollStageAppStatusExecution] 540913b5-ee82-43db-a33d-eb5577322406 [2026-05-07T21:38:15.546982] Detection of cloud version failed; root cause: Could not connect to any host: [ eaff8753-1771-4da6-a1a7-1f979574194f.hna1.prod-us10.hanacloud.ondemand.com:443 -  ] (STDOUT, APP/TASK/deploy)#
#2026 05 07 21:42:53.974#Z#DEBUG#988ff13c-4a5d-11f1-8594-eeee0a955217.Loja-db-deployer#flowable-async-job-executor-thread-8887#
[PollStageAppStatusExecution] 540913b5-ee82-43db-a33d-eb5577322406 [2026-05-07T21:38:15.546984] Detection of container API version failed; root cause: Could not connect to any host: [ eaff8753-1771-4da6-a1a7-1f979574194f.hna1.prod-us10.hanacloud.ondemand.com:443 -  ] (STDOUT, APP/TASK/deploy)#
#2026 05 07 21:42:53.974#Z#DEBUG#988ff13c-4a5d-11f1-8594-eeee0a955217.Loja-db-deployer#flowable-async-job-executor-thread-8887#
[PollStageAppStatusExecution] 540913b5-ee82-43db-a33d-eb5577322406 [2026-05-07T21:38:15.547004] Detection of HDI version failed; root cause: Could not connect to any host: [ eaff8753-1771-4da6-a1a7-1f979574194f.hna1.prod-us10.hanacloud.ondemand.com:443 -  ] (STDOUT, APP/TASK/deploy)#
#2026 05 07 21:42:53.974#Z#DEBUG#988ff13c-4a5d-11f1-8594-eeee0a955217.Loja-db-deployer#flowable-async-job-executor-thread-8887#
[PollStageAppStatusExecution] 540913b5-ee82-43db-a33d-eb5577322406 [2026-05-07T21:38:15.547368] Deployment ended at 2026-05-07 21:38:15 (STDOUT, APP/TASK/deploy)#
#2026 05 07 21:42:53.974#Z#DEBUG#988ff13c-4a5d-11f1-8594-eeee0a955217.Loja-db-deployer#flowable-async-job-executor-thread-8887#
[PollStageAppStatusExecution] 540913b5-ee82-43db-a33d-eb5577322406 [2026-05-07T21:38:15.547594] Error: Option parameter is not supported by the server; based on detected server version unknown (STDERR, APP/TASK/deploy)#
#2026 05 07 21:42:53.974#Z#DEBUG#988ff13c-4a5d-11f1-8594-eeee0a955217.Loja-db-deployer#flowable-async-job-executor-thread-8887#
[PollStageAppStatusExecution] 540913b5-ee82-43db-a33d-eb5577322406 [2026-05-07T21:38:15.547896] (6s 183ms) (STDOUT, APP/TASK/deploy)#
#2026 05 07 21:42:53.974#Z#DEBUG#988ff13c-4a5d-11f1-8594-eeee0a955217.Loja-db-deployer#flowable-async-job-executor-thread-8887#
[PollStageAppStatusExecution] 540913b5-ee82-43db-a33d-eb5577322406 [2026-05-07T21:38:15.623018] Exit status 1 (STDOUT, APP/TASK/deploy)#
#2026 05 07 21:42:53.974#Z#DEBUG#988ff13c-4a5d-11f1-8594-eeee0a955217.Loja-db-deployer#flowable-async-job-executor-thread-8887#
[PollStageAppStatusExecution] 540913b5-ee82-43db-a33d-eb5577322406 [2026-05-07T21:38:16.129099] Cell 684caff8-89cd-492b-be01-b3d0835f1763 stopping instance 94cfaa08-cc28-4d4c-9e55-48d1b70622f8 (STDOUT, CELL)#
#2026 05 07 21:42:53.974#Z#DEBUG#988ff13c-4a5d-11f1-8594-eeee0a955217.Loja-db-deployer#flowable-async-job-executor-thread-8887#
[PollStageAppStatusExecution] 540913b5-ee82-43db-a33d-eb5577322406 [2026-05-07T21:38:16.129142] Cell 684caff8-89cd-492b-be01-b3d0835f1763 destroying container for instance 94cfaa08-cc28-4d4c-9e55-48d1b70622f8 (STDOUT, CELL)#
#2026 05 07 21:42:53.974#Z#DEBUG#988ff13c-4a5d-11f1-8594-eeee0a955217.Loja-db-deployer#flowable-async-job-executor-thread-8887#
[PollStageAppStatusExecution] 540913b5-ee82-43db-a33d-eb5577322406 [2026-05-07T21:38:18.880661] Cell 684caff8-89cd-492b-be01-b3d0835f1763 successfully destroyed container for instance 94cfaa08-cc28-4d4c-9e55-48d1b70622f8 (STDOUT, CELL)#
#2026 05 07 21:42:53.974#Z#DEBUG#988ff13c-4a5d-11f1-8594-eeee0a955217.Loja-db-deployer#flowable-async-job-executor-thread-8887#
[PollStageAppStatusExecution] 540913b5-ee82-43db-a33d-eb5577322406 [2026-05-07T21:42:24.360788] Updated app with guid 540913b5-ee82-43db-a33d-eb5577322406 ({"lifecycle"=>{"data"=>{"buildpacks"=>["nodejs_buildpack"]}, "type"=>"buildpack"}}) (STDOUT, API)#
#2026 05 07 21:42:53.974#Z#DEBUG#988ff13c-4a5d-11f1-8594-eeee0a955217.Loja-db-deployer#flowable-async-job-executor-thread-8887#
[PollStageAppStatusExecution] 540913b5-ee82-43db-a33d-eb5577322406 [2026-05-07T21:42:24.438347] Updating process: "web" (STDOUT, API)#
#2026 05 07 21:42:53.974#Z#DEBUG#988ff13c-4a5d-11f1-8594-eeee0a955217.Loja-db-deployer#flowable-async-job-executor-thread-8887#
[PollStageAppStatusExecution] 540913b5-ee82-43db-a33d-eb5577322406 [2026-05-07T21:42:33.939888] Uploading app package for app with guid 540913b5-ee82-43db-a33d-eb5577322406 (STDOUT, API)#
#2026 05 07 21:42:53.974#Z#DEBUG#988ff13c-4a5d-11f1-8594-eeee0a955217.Loja-db-deployer#flowable-async-job-executor-thread-8887#
[PollStageAppStatusExecution] 540913b5-ee82-43db-a33d-eb5577322406 [2026-05-07T21:42:34.129272] Updated app with guid 540913b5-ee82-43db-a33d-eb5577322406 ({"environment_variables"=>"[PRIVATE DATA HIDDEN]"}) (STDOUT, API)#
#2026 05 07 21:42:53.974#Z#DEBUG#988ff13c-4a5d-11f1-8594-eeee0a955217.Loja-db-deployer#flowable-async-job-executor-thread-8887#
[PollStageAppStatusExecution] 540913b5-ee82-43db-a33d-eb5577322406 [2026-05-07T21:42:44.011907] Creating build for app with guid 540913b5-ee82-43db-a33d-eb5577322406 (STDOUT, API)#
#2026 05 07 21:42:53.974#Z#DEBUG#988ff13c-4a5d-11f1-8594-eeee0a955217.Loja-db-deployer#flowable-async-job-executor-thread-8887#
[PollStageAppStatusExecution] 540913b5-ee82-43db-a33d-eb5577322406 [2026-05-07T21:42:44.407550] Downloading nodejs_buildpack... (STDOUT, STG)#
#2026 05 07 21:42:53.974#Z#DEBUG#988ff13c-4a5d-11f1-8594-eeee0a955217.Loja-db-deployer#flowable-async-job-executor-thread-8887#
[PollStageAppStatusExecution] 540913b5-ee82-43db-a33d-eb5577322406 [2026-05-07T21:42:44.455555] Downloaded nodejs_buildpack (STDOUT, STG)#
#2026 05 07 21:42:53.974#Z#DEBUG#988ff13c-4a5d-11f1-8594-eeee0a955217.Loja-db-deployer#flowable-async-job-executor-thread-8887#
[PollStageAppStatusExecution] 540913b5-ee82-43db-a33d-eb5577322406 [2026-05-07T21:42:44.455627] Cell 684caff8-89cd-492b-be01-b3d0835f1763 creating container for instance ab616911-8d10-48c3-9909-e553391d3ef8 (STDOUT, STG)#
#2026 05 07 21:42:53.974#Z#DEBUG#988ff13c-4a5d-11f1-8594-eeee0a955217.Loja-db-deployer#flowable-async-job-executor-thread-8887#
[PollStageAppStatusExecution] 540913b5-ee82-43db-a33d-eb5577322406 [2026-05-07T21:42:44.984405] Security group rules were updated (STDOUT, STG)#
#2026 05 07 21:42:53.974#Z#DEBUG#988ff13c-4a5d-11f1-8594-eeee0a955217.Loja-db-deployer#flowable-async-job-executor-thread-8887#
[PollStageAppStatusExecution] 540913b5-ee82-43db-a33d-eb5577322406 [2026-05-07T21:42:45.043716] Cell 684caff8-89cd-492b-be01-b3d0835f1763 successfully created container for instance ab616911-8d10-48c3-9909-e553391d3ef8 (STDOUT, STG)#
#2026 05 07 21:42:53.974#Z#DEBUG#988ff13c-4a5d-11f1-8594-eeee0a955217.Loja-db-deployer#flowable-async-job-executor-thread-8887#
[PollStageAppStatusExecution] 540913b5-ee82-43db-a33d-eb5577322406 [2026-05-07T21:42:45.856508] Downloading app package... (STDOUT, STG)#
#2026 05 07 21:42:53.974#Z#DEBUG#988ff13c-4a5d-11f1-8594-eeee0a955217.Loja-db-deployer#flowable-async-job-executor-thread-8887#
[PollStageAppStatusExecution] 540913b5-ee82-43db-a33d-eb5577322406 [2026-05-07T21:42:45.856553] Downloading build artifacts cache... (STDOUT, STG)#
#2026 05 07 21:42:53.974#Z#DEBUG#988ff13c-4a5d-11f1-8594-eeee0a955217.Loja-db-deployer#flowable-async-job-executor-thread-8887#
[PollStageAppStatusExecution] 540913b5-ee82-43db-a33d-eb5577322406 [2026-05-07T21:42:45.925847] Downloaded build artifacts cache (217B) (STDOUT, STG)#
#2026 05 07 21:42:53.974#Z#DEBUG#988ff13c-4a5d-11f1-8594-eeee0a955217.Loja-db-deployer#flowable-async-job-executor-thread-8887#
[PollStageAppStatusExecution] 540913b5-ee82-43db-a33d-eb5577322406 [2026-05-07T21:42:46.148555] Downloaded app package (2.3M) (STDOUT, STG)#
#2026 05 07 21:42:53.974#Z#DEBUG#988ff13c-4a5d-11f1-8594-eeee0a955217.Loja-db-deployer#flowable-async-job-executor-thread-8887#
[PollStageAppStatusExecution] 540913b5-ee82-43db-a33d-eb5577322406 [2026-05-07T21:42:46.227770] -----> Nodejs Buildpack version 1.8.44 (STDOUT, STG)#
#2026 05 07 21:42:53.974#Z#DEBUG#988ff13c-4a5d-11f1-8594-eeee0a955217.Loja-db-deployer#flowable-async-job-executor-thread-8887#
[PollStageAppStatusExecution] 540913b5-ee82-43db-a33d-eb5577322406 [2026-05-07T21:42:46.339006] -----> Bootstrapping python (STDOUT, STG)#
#2026 05 07 21:42:53.974#Z#DEBUG#988ff13c-4a5d-11f1-8594-eeee0a955217.Loja-db-deployer#flowable-async-job-executor-thread-8887#
[PollStageAppStatusExecution] 540913b5-ee82-43db-a33d-eb5577322406 [2026-05-07T21:42:46.339028] -----> Installing python 3.11.14 (STDOUT, STG)#
#2026 05 07 21:42:53.974#Z#DEBUG#988ff13c-4a5d-11f1-8594-eeee0a955217.Loja-db-deployer#flowable-async-job-executor-thread-8887#
[PollStageAppStatusExecution] 540913b5-ee82-43db-a33d-eb5577322406 [2026-05-07T21:42:46.339071] Copy [/tmp/buildpacks/978cee5ec9c58000/dependencies/b5e0345ae0ae1932e7d56fffaa49a487/python_3.11.14_linux_x64_cflinuxfs4_66f53248.tgz] (STDOUT, STG)#
#2026 05 07 21:42:53.974#Z#DEBUG#988ff13c-4a5d-11f1-8594-eeee0a955217.Loja-db-deployer#flowable-async-job-executor-thread-8887#
[PollStageAppStatusExecution] 540913b5-ee82-43db-a33d-eb5577322406 [2026-05-07T21:42:49.600355] -----> Installing binaries (STDOUT, STG)#
#2026 05 07 21:42:53.974#Z#DEBUG#988ff13c-4a5d-11f1-8594-eeee0a955217.Loja-db-deployer#flowable-async-job-executor-thread-8887#
[PollStageAppStatusExecution] 540913b5-ee82-43db-a33d-eb5577322406 [2026-05-07T21:42:49.600415] engines.node (package.json): >=18 (STDOUT, STG)#
#2026 05 07 21:42:53.974#Z#DEBUG#988ff13c-4a5d-11f1-8594-eeee0a955217.Loja-db-deployer#flowable-async-job-executor-thread-8887#
[PollStageAppStatusExecution] 540913b5-ee82-43db-a33d-eb5577322406 [2026-05-07T21:42:49.600430] engines.npm (package.json): unspecified (use default) (STDOUT, STG)#
#2026 05 07 21:42:53.974#Z#DEBUG#988ff13c-4a5d-11f1-8594-eeee0a955217.Loja-db-deployer#flowable-async-job-executor-thread-8887#
[PollStageAppStatusExecution] 540913b5-ee82-43db-a33d-eb5577322406 [2026-05-07T21:42:49.600501] [31;1m**WARNING**[0m Dangerous semver range (>) in engines.node. See: http://docs.cloudfoundry.org/buildpacks/node/node-tips.html (STDOUT, STG)#
#2026 05 07 21:42:53.974#Z#DEBUG#988ff13c-4a5d-11f1-8594-eeee0a955217.Loja-db-deployer#flowable-async-job-executor-thread-8887#
[PollStageAppStatusExecution] 540913b5-ee82-43db-a33d-eb5577322406 [2026-05-07T21:42:49.600539] -----> Installing node 24.13.0 (STDOUT, STG)#
#2026 05 07 21:42:53.974#Z#DEBUG#988ff13c-4a5d-11f1-8594-eeee0a955217.Loja-db-deployer#flowable-async-job-executor-thread-8887#
[PollStageAppStatusExecution] 540913b5-ee82-43db-a33d-eb5577322406 [2026-05-07T21:42:49.600711] Copy [/tmp/buildpacks/978cee5ec9c58000/dependencies/2f5692219fecc3eee6e6d507a6bfe7b9/node_24.13.0_linux_x64_cflinuxfs4_a816dee1.tgz] (STDOUT, STG)#
#2026 05 07 21:42:53.974#Z#DEBUG#988ff13c-4a5d-11f1-8594-eeee0a955217.Loja-db-deployer#flowable-async-job-executor-thread-8887#
[PollStageAppStatusExecution] 540913b5-ee82-43db-a33d-eb5577322406 [2026-05-07T21:42:51.623071] Using default npm version: 11.6.2 (STDOUT, STG)#
#2026 05 07 21:42:53.974#Z#DEBUG#988ff13c-4a5d-11f1-8594-eeee0a955217.Loja-db-deployer#flowable-async-job-executor-thread-8887#
[PollStageAppStatusExecution] 540913b5-ee82-43db-a33d-eb5577322406 [2026-05-07T21:42:51.623100] -----> Installing yarn 1.22.22 (STDOUT, STG)#
#2026 05 07 21:42:53.974#Z#DEBUG#988ff13c-4a5d-11f1-8594-eeee0a955217.Loja-db-deployer#flowable-async-job-executor-thread-8887#
[PollStageAppStatusExecution] 540913b5-ee82-43db-a33d-eb5577322406 [2026-05-07T21:42:51.623105] Copy [/tmp/buildpacks/978cee5ec9c58000/dependencies/e3a39aedd1236924d69cc2d0637a8ed2/yarn_1.22.22_linux_noarch_any-stack_4911d0a6.tgz] (STDOUT, STG)#
#2026 05 07 21:42:53.974#Z#DEBUG#988ff13c-4a5d-11f1-8594-eeee0a955217.Loja-db-deployer#flowable-async-job-executor-thread-8887#
[PollStageAppStatusExecution] 540913b5-ee82-43db-a33d-eb5577322406 [2026-05-07T21:42:51.900039] Installed yarn 1.22.22 (STDOUT, STG)#
#2026 05 07 21:42:53.974#Z#DEBUG#988ff13c-4a5d-11f1-8594-eeee0a955217.Loja-db-deployer#flowable-async-job-executor-thread-8887#
[PollStageAppStatusExecution] 540913b5-ee82-43db-a33d-eb5577322406 [2026-05-07T21:42:51.900054] -----> Creating runtime environment (STDOUT, STG)#
#2026 05 07 21:42:53.974#Z#DEBUG#988ff13c-4a5d-11f1-8594-eeee0a955217.Loja-db-deployer#flowable-async-job-executor-thread-8887#
[PollStageAppStatusExecution] 540913b5-ee82-43db-a33d-eb5577322406 [2026-05-07T21:42:51.902096] NODE_ENV=production (STDOUT, STG)#
#2026 05 07 21:42:53.974#Z#DEBUG#988ff13c-4a5d-11f1-8594-eeee0a955217.Loja-db-deployer#flowable-async-job-executor-thread-8887#
[PollStageAppStatusExecution] 540913b5-ee82-43db-a33d-eb5577322406 [2026-05-07T21:42:51.902113] NODE_HOME=/tmp/contents4074948995/deps/0/node (STDOUT, STG)#
#2026 05 07 21:42:53.974#Z#DEBUG#988ff13c-4a5d-11f1-8594-eeee0a955217.Loja-db-deployer#flowable-async-job-executor-thread-8887#
[PollStageAppStatusExecution] 540913b5-ee82-43db-a33d-eb5577322406 [2026-05-07T21:42:51.902115] NODE_MODULES_CACHE=true (STDOUT, STG)#
#2026 05 07 21:42:53.974#Z#DEBUG#988ff13c-4a5d-11f1-8594-eeee0a955217.Loja-db-deployer#flowable-async-job-executor-thread-8887#
[PollStageAppStatusExecution] 540913b5-ee82-43db-a33d-eb5577322406 [2026-05-07T21:42:51.902117] NODE_VERBOSE=false (STDOUT, STG)#
#2026 05 07 21:42:53.974#Z#DEBUG#988ff13c-4a5d-11f1-8594-eeee0a955217.Loja-db-deployer#flowable-async-job-executor-thread-8887#
[PollStageAppStatusExecution] 540913b5-ee82-43db-a33d-eb5577322406 [2026-05-07T21:42:51.902119] NPM_CONFIG_LOGLEVEL=error (STDOUT, STG)#
#2026 05 07 21:42:53.974#Z#DEBUG#988ff13c-4a5d-11f1-8594-eeee0a955217.Loja-db-deployer#flowable-async-job-executor-thread-8887#
[PollStageAppStatusExecution] 540913b5-ee82-43db-a33d-eb5577322406 [2026-05-07T21:42:51.902121] NPM_CONFIG_PRODUCTION=true (STDOUT, STG)#
#2026 05 07 21:42:53.974#Z#DEBUG#988ff13c-4a5d-11f1-8594-eeee0a955217.Loja-db-deployer#flowable-async-job-executor-thread-8887#
[PollStageAppStatusExecution] 540913b5-ee82-43db-a33d-eb5577322406 [2026-05-07T21:42:51.902123] -----> Building dependencies (STDOUT, STG)#
#2026 05 07 21:42:53.974#Z#DEBUG#988ff13c-4a5d-11f1-8594-eeee0a955217.Loja-db-deployer#flowable-async-job-executor-thread-8887#
[PollStageAppStatusExecution] 540913b5-ee82-43db-a33d-eb5577322406 [2026-05-07T21:42:51.902127] Prebuild detected (node_modules already exists) (STDOUT, STG)#
#2026 05 07 21:42:53.974#Z#DEBUG#988ff13c-4a5d-11f1-8594-eeee0a955217.Loja-db-deployer#flowable-async-job-executor-thread-8887#
[PollStageAppStatusExecution] 540913b5-ee82-43db-a33d-eb5577322406 [2026-05-07T21:42:51.902130] Rebuilding any native modules (STDOUT, STG)#
#2026 05 07 21:42:53.974#Z#DEBUG#988ff13c-4a5d-11f1-8594-eeee0a955217.Loja-db-deployer#flowable-async-job-executor-thread-8887#
[PollStageAppStatusExecution] 540913b5-ee82-43db-a33d-eb5577322406 [2026-05-07T21:42:52.350107] rebuilt dependencies successfully (STDOUT, STG)#
#2026 05 07 21:42:53.974#Z#DEBUG#988ff13c-4a5d-11f1-8594-eeee0a955217.Loja-db-deployer#flowable-async-job-executor-thread-8887#
[PollStageAppStatusExecution] 540913b5-ee82-43db-a33d-eb5577322406 [2026-05-07T21:42:52.412620] Installing any new modules (package.json + package-lock.json) (STDOUT, STG)#
#2026 05 07 21:42:53.974#Z#DEBUG#988ff13c-4a5d-11f1-8594-eeee0a955217.Loja-db-deployer#flowable-async-job-executor-thread-8887#
[PollStageAppStatusExecution] 540913b5-ee82-43db-a33d-eb5577322406 [2026-05-07T21:42:52.809942] up to date in 330ms (STDOUT, STG)#
#2026 05 07 21:42:53.974#Z#DEBUG#988ff13c-4a5d-11f1-8594-eeee0a955217.Loja-db-deployer#flowable-async-job-executor-thread-8887#
[PollStageAppStatusExecution] 540913b5-ee82-43db-a33d-eb5577322406 [2026-05-07T21:42:52.810488] 4 packages are looking for funding (STDOUT, STG)#
#2026 05 07 21:42:53.974#Z#DEBUG#988ff13c-4a5d-11f1-8594-eeee0a955217.Loja-db-deployer#flowable-async-job-executor-thread-8887#
[PollStageAppStatusExecution] 540913b5-ee82-43db-a33d-eb5577322406 [2026-05-07T21:42:52.810592] run `npm fund` for details (STDOUT, STG)#
#2026 05 07 21:42:53.974#Z#DEBUG#988ff13c-4a5d-11f1-8594-eeee0a955217.Loja-db-deployer#flowable-async-job-executor-thread-8887#
[PollStageAppStatusExecution] 540913b5-ee82-43db-a33d-eb5577322406 [2026-05-07T21:42:53.352073] Contrast Security no credentials found. Will not write environment files. (STDOUT, STG)#
#2026 05 07 21:43:03.994#Z#DEBUG#988ff13c-4a5d-11f1-8594-eeee0a955217.Loja-db-deployer#flowable-async-job-executor-thread-13984#
[PollStageAppStatusExecution] 540913b5-ee82-43db-a33d-eb5577322406 [2026-05-07T21:43:01.097112] Exit status 0 (STDOUT, STG)#
#2026 05 07 21:43:03.994#Z#DEBUG#988ff13c-4a5d-11f1-8594-eeee0a955217.Loja-db-deployer#flowable-async-job-executor-thread-13984#
[PollStageAppStatusExecution] 540913b5-ee82-43db-a33d-eb5577322406 [2026-05-07T21:43:01.097162] Uploading droplet, build artifacts cache... (STDOUT, STG)#
#2026 05 07 21:43:03.994#Z#DEBUG#988ff13c-4a5d-11f1-8594-eeee0a955217.Loja-db-deployer#flowable-async-job-executor-thread-13984#
[PollStageAppStatusExecution] 540913b5-ee82-43db-a33d-eb5577322406 [2026-05-07T21:43:01.097191] Uploading droplet... (STDOUT, STG)#
#2026 05 07 21:43:03.994#Z#DEBUG#988ff13c-4a5d-11f1-8594-eeee0a955217.Loja-db-deployer#flowable-async-job-executor-thread-13984#
[PollStageAppStatusExecution] 540913b5-ee82-43db-a33d-eb5577322406 [2026-05-07T21:43:01.097248] Uploading build artifacts cache... (STDOUT, STG)#
#2026 05 07 21:43:03.994#Z#DEBUG#988ff13c-4a5d-11f1-8594-eeee0a955217.Loja-db-deployer#flowable-async-job-executor-thread-13984#
[PollStageAppStatusExecution] 540913b5-ee82-43db-a33d-eb5577322406 [2026-05-07T21:43:01.113921] Uploaded build artifacts cache (226B) (STDOUT, STG)#
#2026 05 07 21:43:03.994#Z#DEBUG#988ff13c-4a5d-11f1-8594-eeee0a955217.Loja-db-deployer#flowable-async-job-executor-thread-13984#
[PollStageAppStatusExecution] 540913b5-ee82-43db-a33d-eb5577322406 [2026-05-07T21:43:01.694405] Creating droplet for app with guid 540913b5-ee82-43db-a33d-eb5577322406 (STDOUT, API)#
#2026 05 07 21:43:14.004#Z#DEBUG#988ff13c-4a5d-11f1-8594-eeee0a955217.Loja-db-deployer#flowable-async-job-executor-thread-13993#
[PollStageAppStatusExecution] 540913b5-ee82-43db-a33d-eb5577322406 [2026-05-07T21:43:06.759732] Uploaded droplet (58.4M) (STDOUT, STG)#
#2026 05 07 21:43:14.004#Z#DEBUG#988ff13c-4a5d-11f1-8594-eeee0a955217.Loja-db-deployer#flowable-async-job-executor-thread-13993#
[PollStageAppStatusExecution] 540913b5-ee82-43db-a33d-eb5577322406 [2026-05-07T21:43:06.776895] Uploading complete (STDOUT, STG)#
#2026 05 07 21:43:14.004#Z#DEBUG#988ff13c-4a5d-11f1-8594-eeee0a955217.Loja-db-deployer#flowable-async-job-executor-thread-13993#
[PollStageAppStatusExecution] 540913b5-ee82-43db-a33d-eb5577322406 [2026-05-07T21:43:07.191354] Cell 684caff8-89cd-492b-be01-b3d0835f1763 stopping instance ab616911-8d10-48c3-9909-e553391d3ef8 (STDOUT, STG)#
#2026 05 07 21:43:14.004#Z#DEBUG#988ff13c-4a5d-11f1-8594-eeee0a955217.Loja-db-deployer#flowable-async-job-executor-thread-13993#
[PollStageAppStatusExecution] 540913b5-ee82-43db-a33d-eb5577322406 [2026-05-07T21:43:07.191384] Cell 684caff8-89cd-492b-be01-b3d0835f1763 destroying container for instance ab616911-8d10-48c3-9909-e553391d3ef8 (STDOUT, STG)#
#2026 05 07 21:43:14.004#Z#DEBUG#988ff13c-4a5d-11f1-8594-eeee0a955217.Loja-db-deployer#flowable-async-job-executor-thread-13993#
[PollStageAppStatusExecution] 540913b5-ee82-43db-a33d-eb5577322406 [2026-05-07T21:43:07.243567] Staging complete for build ab616911-8d10-48c3-9909-e553391d3ef8 (STDOUT, API)#
#2026 05 07 21:43:14.004#Z#DEBUG#988ff13c-4a5d-11f1-8594-eeee0a955217.Loja-db-deployer#flowable-async-job-executor-thread-13993#
[PollStageAppStatusExecution] 540913b5-ee82-43db-a33d-eb5577322406 [2026-05-07T21:43:09.186891] Cell 684caff8-89cd-492b-be01-b3d0835f1763 successfully destroyed container for instance ab616911-8d10-48c3-9909-e553391d3ef8 (STDOUT, STG)#
#2026 05 07 21:43:24.096#Z#DEBUG#988ff13c-4a5d-11f1-8594-eeee0a955217.Loja-db-deployer#flowable-async-job-executor-thread-13999#
[PollExecuteTaskStatusExecution] 540913b5-ee82-43db-a33d-eb5577322406 [2026-05-07T21:36:15.000648] Added process: "web" (STDOUT, API)#
#2026 05 07 21:43:24.096#Z#DEBUG#988ff13c-4a5d-11f1-8594-eeee0a955217.Loja-db-deployer#flowable-async-job-executor-thread-13999#
[PollExecuteTaskStatusExecution] 540913b5-ee82-43db-a33d-eb5577322406 [2026-05-07T21:36:15.005955] Created app with guid 540913b5-ee82-43db-a33d-eb5577322406 (STDOUT, API)#
#2026 05 07 21:43:24.096#Z#DEBUG#988ff13c-4a5d-11f1-8594-eeee0a955217.Loja-db-deployer#flowable-async-job-executor-thread-13999#
[PollExecuteTaskStatusExecution] 540913b5-ee82-43db-a33d-eb5577322406 [2026-05-07T21:36:15.096939] Updating process: "web" (STDOUT, API)#
#2026 05 07 21:43:24.096#Z#DEBUG#988ff13c-4a5d-11f1-8594-eeee0a955217.Loja-db-deployer#flowable-async-job-executor-thread-13999#
[PollExecuteTaskStatusExecution] 540913b5-ee82-43db-a33d-eb5577322406 [2026-05-07T21:36:15.158708] Scaling process: "web" (STDOUT, API)#
#2026 05 07 21:43:24.096#Z#DEBUG#988ff13c-4a5d-11f1-8594-eeee0a955217.Loja-db-deployer#flowable-async-job-executor-thread-13999#
[PollExecuteTaskStatusExecution] 540913b5-ee82-43db-a33d-eb5577322406 [2026-05-07T21:36:32.946709] Uploading app package for app with guid 540913b5-ee82-43db-a33d-eb5577322406 (STDOUT, API)#
#2026 05 07 21:43:24.096#Z#DEBUG#988ff13c-4a5d-11f1-8594-eeee0a955217.Loja-db-deployer#flowable-async-job-executor-thread-13999#
[PollExecuteTaskStatusExecution] 540913b5-ee82-43db-a33d-eb5577322406 [2026-05-07T21:36:33.151303] Updated app with guid 540913b5-ee82-43db-a33d-eb5577322406 ({"environment_variables"=>"[PRIVATE DATA HIDDEN]"}) (STDOUT, API)#
#2026 05 07 21:43:24.096#Z#DEBUG#988ff13c-4a5d-11f1-8594-eeee0a955217.Loja-db-deployer#flowable-async-job-executor-thread-13999#
[PollExecuteTaskStatusExecution] 540913b5-ee82-43db-a33d-eb5577322406 [2026-05-07T21:36:42.927865] Creating build for app with guid 540913b5-ee82-43db-a33d-eb5577322406 (STDOUT, API)#
#2026 05 07 21:43:24.096#Z#DEBUG#988ff13c-4a5d-11f1-8594-eeee0a955217.Loja-db-deployer#flowable-async-job-executor-thread-13999#
[PollExecuteTaskStatusExecution] 540913b5-ee82-43db-a33d-eb5577322406 [2026-05-07T21:36:43.361601] Downloading nodejs_buildpack... (STDOUT, STG)#
#2026 05 07 21:43:24.096#Z#DEBUG#988ff13c-4a5d-11f1-8594-eeee0a955217.Loja-db-deployer#flowable-async-job-executor-thread-13999#
[PollExecuteTaskStatusExecution] 540913b5-ee82-43db-a33d-eb5577322406 [2026-05-07T21:36:43.410628] Downloaded nodejs_buildpack (STDOUT, STG)#
#2026 05 07 21:43:24.096#Z#DEBUG#988ff13c-4a5d-11f1-8594-eeee0a955217.Loja-db-deployer#flowable-async-job-executor-thread-13999#
[PollExecuteTaskStatusExecution] 540913b5-ee82-43db-a33d-eb5577322406 [2026-05-07T21:36:43.410698] Cell 77283d80-dfa7-40ba-ba4e-265aef112085 creating container for instance 90d1adf1-115f-49df-b959-5f00e0297357 (STDOUT, STG)#
#2026 05 07 21:43:24.096#Z#DEBUG#988ff13c-4a5d-11f1-8594-eeee0a955217.Loja-db-deployer#flowable-async-job-executor-thread-13999#
[PollExecuteTaskStatusExecution] 540913b5-ee82-43db-a33d-eb5577322406 [2026-05-07T21:36:43.876406] Security group rules were updated (STDOUT, STG)#
#2026 05 07 21:43:24.096#Z#DEBUG#988ff13c-4a5d-11f1-8594-eeee0a955217.Loja-db-deployer#flowable-async-job-executor-thread-13999#
[PollExecuteTaskStatusExecution] 540913b5-ee82-43db-a33d-eb5577322406 [2026-05-07T21:36:43.946206] Cell 77283d80-dfa7-40ba-ba4e-265aef112085 successfully created container for instance 90d1adf1-115f-49df-b959-5f00e0297357 (STDOUT, STG)#
#2026 05 07 21:43:24.096#Z#DEBUG#988ff13c-4a5d-11f1-8594-eeee0a955217.Loja-db-deployer#flowable-async-job-executor-thread-13999#
[PollExecuteTaskStatusExecution] 540913b5-ee82-43db-a33d-eb5577322406 [2026-05-07T21:36:44.249531] Downloading app package... (STDOUT, STG)#
#2026 05 07 21:43:24.096#Z#DEBUG#988ff13c-4a5d-11f1-8594-eeee0a955217.Loja-db-deployer#flowable-async-job-executor-thread-13999#
[PollExecuteTaskStatusExecution] 540913b5-ee82-43db-a33d-eb5577322406 [2026-05-07T21:36:44.509893] Downloaded app package (2.3M) (STDOUT, STG)#
#2026 05 07 21:43:24.096#Z#DEBUG#988ff13c-4a5d-11f1-8594-eeee0a955217.Loja-db-deployer#flowable-async-job-executor-thread-13999#
[PollExecuteTaskStatusExecution] 540913b5-ee82-43db-a33d-eb5577322406 [2026-05-07T21:36:44.580001] -----> Nodejs Buildpack version 1.8.44 (STDOUT, STG)#
#2026 05 07 21:43:24.096#Z#DEBUG#988ff13c-4a5d-11f1-8594-eeee0a955217.Loja-db-deployer#flowable-async-job-executor-thread-13999#
[PollExecuteTaskStatusExecution] 540913b5-ee82-43db-a33d-eb5577322406 [2026-05-07T21:36:44.678554] -----> Bootstrapping python (STDOUT, STG)#
#2026 05 07 21:43:24.096#Z#DEBUG#988ff13c-4a5d-11f1-8594-eeee0a955217.Loja-db-deployer#flowable-async-job-executor-thread-13999#
[PollExecuteTaskStatusExecution] 540913b5-ee82-43db-a33d-eb5577322406 [2026-05-07T21:36:44.678575] -----> Installing python 3.11.14 (STDOUT, STG)#
#2026 05 07 21:43:24.096#Z#DEBUG#988ff13c-4a5d-11f1-8594-eeee0a955217.Loja-db-deployer#flowable-async-job-executor-thread-13999#
[PollExecuteTaskStatusExecution] 540913b5-ee82-43db-a33d-eb5577322406 [2026-05-07T21:36:44.678584] Copy [/tmp/buildpacks/978cee5ec9c58000/dependencies/b5e0345ae0ae1932e7d56fffaa49a487/python_3.11.14_linux_x64_cflinuxfs4_66f53248.tgz] (STDOUT, STG)#
#2026 05 07 21:43:24.096#Z#DEBUG#988ff13c-4a5d-11f1-8594-eeee0a955217.Loja-db-deployer#flowable-async-job-executor-thread-13999#
[PollExecuteTaskStatusExecution] 540913b5-ee82-43db-a33d-eb5577322406 [2026-05-07T21:36:47.710789] -----> Installing binaries (STDOUT, STG)#
#2026 05 07 21:43:24.096#Z#DEBUG#988ff13c-4a5d-11f1-8594-eeee0a955217.Loja-db-deployer#flowable-async-job-executor-thread-13999#
[PollExecuteTaskStatusExecution] 540913b5-ee82-43db-a33d-eb5577322406 [2026-05-07T21:36:47.710828] engines.node (package.json): >=18 (STDOUT, STG)#
#2026 05 07 21:43:24.096#Z#DEBUG#988ff13c-4a5d-11f1-8594-eeee0a955217.Loja-db-deployer#flowable-async-job-executor-thread-13999#
[PollExecuteTaskStatusExecution] 540913b5-ee82-43db-a33d-eb5577322406 [2026-05-07T21:36:47.710832] engines.npm (package.json): unspecified (use default) (STDOUT, STG)#
#2026 05 07 21:43:24.096#Z#DEBUG#988ff13c-4a5d-11f1-8594-eeee0a955217.Loja-db-deployer#flowable-async-job-executor-thread-13999#
[PollExecuteTaskStatusExecution] 540913b5-ee82-43db-a33d-eb5577322406 [2026-05-07T21:36:47.710836] [31;1m**WARNING**[0m Dangerous semver range (>) in engines.node. See: http://docs.cloudfoundry.org/buildpacks/node/node-tips.html (STDOUT, STG)#
#2026 05 07 21:43:24.096#Z#DEBUG#988ff13c-4a5d-11f1-8594-eeee0a955217.Loja-db-deployer#flowable-async-job-executor-thread-13999#
[PollExecuteTaskStatusExecution] 540913b5-ee82-43db-a33d-eb5577322406 [2026-05-07T21:36:47.710936] -----> Installing node 24.13.0 (STDOUT, STG)#
#2026 05 07 21:43:24.096#Z#DEBUG#988ff13c-4a5d-11f1-8594-eeee0a955217.Loja-db-deployer#flowable-async-job-executor-thread-13999#
[PollExecuteTaskStatusExecution] 540913b5-ee82-43db-a33d-eb5577322406 [2026-05-07T21:36:47.711040] Copy [/tmp/buildpacks/978cee5ec9c58000/dependencies/2f5692219fecc3eee6e6d507a6bfe7b9/node_24.13.0_linux_x64_cflinuxfs4_a816dee1.tgz] (STDOUT, STG)#
#2026 05 07 21:43:24.096#Z#DEBUG#988ff13c-4a5d-11f1-8594-eeee0a955217.Loja-db-deployer#flowable-async-job-executor-thread-13999#
[PollExecuteTaskStatusExecution] 540913b5-ee82-43db-a33d-eb5577322406 [2026-05-07T21:36:49.589668] Using default npm version: 11.6.2 (STDOUT, STG)#
#2026 05 07 21:43:24.096#Z#DEBUG#988ff13c-4a5d-11f1-8594-eeee0a955217.Loja-db-deployer#flowable-async-job-executor-thread-13999#
[PollExecuteTaskStatusExecution] 540913b5-ee82-43db-a33d-eb5577322406 [2026-05-07T21:36:49.589688] -----> Installing yarn 1.22.22 (STDOUT, STG)#
#2026 05 07 21:43:24.096#Z#DEBUG#988ff13c-4a5d-11f1-8594-eeee0a955217.Loja-db-deployer#flowable-async-job-executor-thread-13999#
[PollExecuteTaskStatusExecution] 540913b5-ee82-43db-a33d-eb5577322406 [2026-05-07T21:36:49.589842] Copy [/tmp/buildpacks/978cee5ec9c58000/dependencies/e3a39aedd1236924d69cc2d0637a8ed2/yarn_1.22.22_linux_noarch_any-stack_4911d0a6.tgz] (STDOUT, STG)#
#2026 05 07 21:43:24.096#Z#DEBUG#988ff13c-4a5d-11f1-8594-eeee0a955217.Loja-db-deployer#flowable-async-job-executor-thread-13999#
[PollExecuteTaskStatusExecution] 540913b5-ee82-43db-a33d-eb5577322406 [2026-05-07T21:36:49.868921] Installed yarn 1.22.22 (STDOUT, STG)#
#2026 05 07 21:43:24.096#Z#DEBUG#988ff13c-4a5d-11f1-8594-eeee0a955217.Loja-db-deployer#flowable-async-job-executor-thread-13999#
[PollExecuteTaskStatusExecution] 540913b5-ee82-43db-a33d-eb5577322406 [2026-05-07T21:36:49.868980] -----> Creating runtime environment (STDOUT, STG)#
#2026 05 07 21:43:24.096#Z#DEBUG#988ff13c-4a5d-11f1-8594-eeee0a955217.Loja-db-deployer#flowable-async-job-executor-thread-13999#
[PollExecuteTaskStatusExecution] 540913b5-ee82-43db-a33d-eb5577322406 [2026-05-07T21:36:49.870762] NODE_ENV=production (STDOUT, STG)#
#2026 05 07 21:43:24.096#Z#DEBUG#988ff13c-4a5d-11f1-8594-eeee0a955217.Loja-db-deployer#flowable-async-job-executor-thread-13999#
[PollExecuteTaskStatusExecution] 540913b5-ee82-43db-a33d-eb5577322406 [2026-05-07T21:36:49.870777] NODE_HOME=/tmp/contents1261620422/deps/0/node (STDOUT, STG)#
#2026 05 07 21:43:24.096#Z#DEBUG#988ff13c-4a5d-11f1-8594-eeee0a955217.Loja-db-deployer#flowable-async-job-executor-thread-13999#
[PollExecuteTaskStatusExecution] 540913b5-ee82-43db-a33d-eb5577322406 [2026-05-07T21:36:49.870780] NODE_MODULES_CACHE=true (STDOUT, STG)#
#2026 05 07 21:43:24.096#Z#DEBUG#988ff13c-4a5d-11f1-8594-eeee0a955217.Loja-db-deployer#flowable-async-job-executor-thread-13999#
[PollExecuteTaskStatusExecution] 540913b5-ee82-43db-a33d-eb5577322406 [2026-05-07T21:36:49.870782] NODE_VERBOSE=false (STDOUT, STG)#
#2026 05 07 21:43:24.096#Z#DEBUG#988ff13c-4a5d-11f1-8594-eeee0a955217.Loja-db-deployer#flowable-async-job-executor-thread-13999#
[PollExecuteTaskStatusExecution] 540913b5-ee82-43db-a33d-eb5577322406 [2026-05-07T21:36:49.870784] NPM_CONFIG_LOGLEVEL=error (STDOUT, STG)#
#2026 05 07 21:43:24.096#Z#DEBUG#988ff13c-4a5d-11f1-8594-eeee0a955217.Loja-db-deployer#flowable-async-job-executor-thread-13999#
[PollExecuteTaskStatusExecution] 540913b5-ee82-43db-a33d-eb5577322406 [2026-05-07T21:36:49.870787] NPM_CONFIG_PRODUCTION=true (STDOUT, STG)#
#2026 05 07 21:43:24.096#Z#DEBUG#988ff13c-4a5d-11f1-8594-eeee0a955217.Loja-db-deployer#flowable-async-job-executor-thread-13999#
[PollExecuteTaskStatusExecution] 540913b5-ee82-43db-a33d-eb5577322406 [2026-05-07T21:36:49.870836] -----> Building dependencies (STDOUT, STG)#
#2026 05 07 21:43:24.096#Z#DEBUG#988ff13c-4a5d-11f1-8594-eeee0a955217.Loja-db-deployer#flowable-async-job-executor-thread-13999#
[PollExecuteTaskStatusExecution] 540913b5-ee82-43db-a33d-eb5577322406 [2026-05-07T21:36:49.870857] Prebuild detected (node_modules already exists) (STDOUT, STG)#
#2026 05 07 21:43:24.096#Z#DEBUG#988ff13c-4a5d-11f1-8594-eeee0a955217.Loja-db-deployer#flowable-async-job-executor-thread-13999#
[PollExecuteTaskStatusExecution] 540913b5-ee82-43db-a33d-eb5577322406 [2026-05-07T21:36:49.870872] Rebuilding any native modules (STDOUT, STG)#
#2026 05 07 21:43:24.096#Z#DEBUG#988ff13c-4a5d-11f1-8594-eeee0a955217.Loja-db-deployer#flowable-async-job-executor-thread-13999#
[PollExecuteTaskStatusExecution] 540913b5-ee82-43db-a33d-eb5577322406 [2026-05-07T21:36:50.322731] rebuilt dependencies successfully (STDOUT, STG)#
#2026 05 07 21:43:24.096#Z#DEBUG#988ff13c-4a5d-11f1-8594-eeee0a955217.Loja-db-deployer#flowable-async-job-executor-thread-13999#
[PollExecuteTaskStatusExecution] 540913b5-ee82-43db-a33d-eb5577322406 [2026-05-07T21:36:50.418695] Installing any new modules (package.json + package-lock.json) (STDOUT, STG)#
#2026 05 07 21:43:24.096#Z#DEBUG#988ff13c-4a5d-11f1-8594-eeee0a955217.Loja-db-deployer#flowable-async-job-executor-thread-13999#
[PollExecuteTaskStatusExecution] 540913b5-ee82-43db-a33d-eb5577322406 [2026-05-07T21:36:50.779804] up to date in 299ms (STDOUT, STG)#
#2026 05 07 21:43:24.096#Z#DEBUG#988ff13c-4a5d-11f1-8594-eeee0a955217.Loja-db-deployer#flowable-async-job-executor-thread-13999#
[PollExecuteTaskStatusExecution] 540913b5-ee82-43db-a33d-eb5577322406 [2026-05-07T21:36:50.780187] 4 packages are looking for funding (STDOUT, STG)#
#2026 05 07 21:43:24.096#Z#DEBUG#988ff13c-4a5d-11f1-8594-eeee0a955217.Loja-db-deployer#flowable-async-job-executor-thread-13999#
[PollExecuteTaskStatusExecution] 540913b5-ee82-43db-a33d-eb5577322406 [2026-05-07T21:36:50.780209] run `npm fund` for details (STDOUT, STG)#
#2026 05 07 21:43:24.096#Z#DEBUG#988ff13c-4a5d-11f1-8594-eeee0a955217.Loja-db-deployer#flowable-async-job-executor-thread-13999#
[PollExecuteTaskStatusExecution] 540913b5-ee82-43db-a33d-eb5577322406 [2026-05-07T21:36:51.193385] Contrast Security no credentials found. Will not write environment files. (STDOUT, STG)#
#2026 05 07 21:43:24.096#Z#DEBUG#988ff13c-4a5d-11f1-8594-eeee0a955217.Loja-db-deployer#flowable-async-job-executor-thread-13999#
[PollExecuteTaskStatusExecution] 540913b5-ee82-43db-a33d-eb5577322406 [2026-05-07T21:36:58.853221] Exit status 0 (STDOUT, STG)#
#2026 05 07 21:43:24.096#Z#DEBUG#988ff13c-4a5d-11f1-8594-eeee0a955217.Loja-db-deployer#flowable-async-job-executor-thread-13999#
[PollExecuteTaskStatusExecution] 540913b5-ee82-43db-a33d-eb5577322406 [2026-05-07T21:36:58.853263] Uploading droplet, build artifacts cache... (STDOUT, STG)#
#2026 05 07 21:43:24.096#Z#DEBUG#988ff13c-4a5d-11f1-8594-eeee0a955217.Loja-db-deployer#flowable-async-job-executor-thread-13999#
[PollExecuteTaskStatusExecution] 540913b5-ee82-43db-a33d-eb5577322406 [2026-05-07T21:36:58.853309] Uploading build artifacts cache... (STDOUT, STG)#
#2026 05 07 21:43:24.096#Z#DEBUG#988ff13c-4a5d-11f1-8594-eeee0a955217.Loja-db-deployer#flowable-async-job-executor-thread-13999#
[PollExecuteTaskStatusExecution] 540913b5-ee82-43db-a33d-eb5577322406 [2026-05-07T21:36:58.853318] Uploading droplet... (STDOUT, STG)#
#2026 05 07 21:43:24.096#Z#DEBUG#988ff13c-4a5d-11f1-8594-eeee0a955217.Loja-db-deployer#flowable-async-job-executor-thread-13999#
[PollExecuteTaskStatusExecution] 540913b5-ee82-43db-a33d-eb5577322406 [2026-05-07T21:36:58.868606] Uploaded build artifacts cache (217B) (STDOUT, STG)#
#2026 05 07 21:43:24.096#Z#DEBUG#988ff13c-4a5d-11f1-8594-eeee0a955217.Loja-db-deployer#flowable-async-job-executor-thread-13999#
[PollExecuteTaskStatusExecution] 540913b5-ee82-43db-a33d-eb5577322406 [2026-05-07T21:36:59.391989] Creating droplet for app with guid 540913b5-ee82-43db-a33d-eb5577322406 (STDOUT, API)#
#2026 05 07 21:43:24.096#Z#DEBUG#988ff13c-4a5d-11f1-8594-eeee0a955217.Loja-db-deployer#flowable-async-job-executor-thread-13999#
[PollExecuteTaskStatusExecution] 540913b5-ee82-43db-a33d-eb5577322406 [2026-05-07T21:37:01.456686] Uploaded droplet (58.4M) (STDOUT, STG)#
#2026 05 07 21:43:24.096#Z#DEBUG#988ff13c-4a5d-11f1-8594-eeee0a955217.Loja-db-deployer#flowable-async-job-executor-thread-13999#
[PollExecuteTaskStatusExecution] 540913b5-ee82-43db-a33d-eb5577322406 [2026-05-07T21:37:01.471630] Uploading complete (STDOUT, STG)#
#2026 05 07 21:43:24.096#Z#DEBUG#988ff13c-4a5d-11f1-8594-eeee0a955217.Loja-db-deployer#flowable-async-job-executor-thread-13999#
[PollExecuteTaskStatusExecution] 540913b5-ee82-43db-a33d-eb5577322406 [2026-05-07T21:37:02.167846] Cell 77283d80-dfa7-40ba-ba4e-265aef112085 stopping instance 90d1adf1-115f-49df-b959-5f00e0297357 (STDOUT, STG)#
#2026 05 07 21:43:24.096#Z#DEBUG#988ff13c-4a5d-11f1-8594-eeee0a955217.Loja-db-deployer#flowable-async-job-executor-thread-13999#
[PollExecuteTaskStatusExecution] 540913b5-ee82-43db-a33d-eb5577322406 [2026-05-07T21:37:02.167933] Cell 77283d80-dfa7-40ba-ba4e-265aef112085 destroying container for instance 90d1adf1-115f-49df-b959-5f00e0297357 (STDOUT, STG)#
#2026 05 07 21:43:24.096#Z#DEBUG#988ff13c-4a5d-11f1-8594-eeee0a955217.Loja-db-deployer#flowable-async-job-executor-thread-13999#
[PollExecuteTaskStatusExecution] 540913b5-ee82-43db-a33d-eb5577322406 [2026-05-07T21:37:02.218990] Staging complete for build 90d1adf1-115f-49df-b959-5f00e0297357 (STDOUT, API)#
#2026 05 07 21:43:24.096#Z#DEBUG#988ff13c-4a5d-11f1-8594-eeee0a955217.Loja-db-deployer#flowable-async-job-executor-thread-13999#
[PollExecuteTaskStatusExecution] 540913b5-ee82-43db-a33d-eb5577322406 [2026-05-07T21:37:02.912716] Updated app with guid 540913b5-ee82-43db-a33d-eb5577322406 ({:droplet_guid=>"ff51d582-cb71-4104-ab17-dd412f096b5b"}) (STDOUT, API)#
#2026 05 07 21:43:24.096#Z#DEBUG#988ff13c-4a5d-11f1-8594-eeee0a955217.Loja-db-deployer#flowable-async-job-executor-thread-13999#
[PollExecuteTaskStatusExecution] 540913b5-ee82-43db-a33d-eb5577322406 [2026-05-07T21:37:03.406471] Cell 77283d80-dfa7-40ba-ba4e-265aef112085 creating container for instance 0a0ae1fd-9f1e-4499-b072-370b114d8019 (STDOUT, CELL)#
#2026 05 07 21:43:24.096#Z#DEBUG#988ff13c-4a5d-11f1-8594-eeee0a955217.Loja-db-deployer#flowable-async-job-executor-thread-13999#
[PollExecuteTaskStatusExecution] 540913b5-ee82-43db-a33d-eb5577322406 [2026-05-07T21:37:03.918514] Security group rules were updated (STDOUT, CELL)#
#2026 05 07 21:43:24.096#Z#DEBUG#988ff13c-4a5d-11f1-8594-eeee0a955217.Loja-db-deployer#flowable-async-job-executor-thread-13999#
[PollExecuteTaskStatusExecution] 540913b5-ee82-43db-a33d-eb5577322406 [2026-05-07T21:37:03.994837] Cell 77283d80-dfa7-40ba-ba4e-265aef112085 successfully created container for instance 0a0ae1fd-9f1e-4499-b072-370b114d8019 (STDOUT, CELL)#
#2026 05 07 21:43:24.096#Z#DEBUG#988ff13c-4a5d-11f1-8594-eeee0a955217.Loja-db-deployer#flowable-async-job-executor-thread-13999#
[PollExecuteTaskStatusExecution] 540913b5-ee82-43db-a33d-eb5577322406 [2026-05-07T21:37:04.160264] Cell 77283d80-dfa7-40ba-ba4e-265aef112085 successfully destroyed container for instance 90d1adf1-115f-49df-b959-5f00e0297357 (STDOUT, STG)#
#2026 05 07 21:43:24.096#Z#DEBUG#988ff13c-4a5d-11f1-8594-eeee0a955217.Loja-db-deployer#flowable-async-job-executor-thread-13999#
[PollExecuteTaskStatusExecution] 540913b5-ee82-43db-a33d-eb5577322406 [2026-05-07T21:37:08.050142] Invoking pre-start scripts. (STDOUT, APP/TASK/deploy)#
#2026 05 07 21:43:24.096#Z#DEBUG#988ff13c-4a5d-11f1-8594-eeee0a955217.Loja-db-deployer#flowable-async-job-executor-thread-13999#
[PollExecuteTaskStatusExecution] 540913b5-ee82-43db-a33d-eb5577322406 [2026-05-07T21:37:08.197208] Invoking start command. (STDOUT, APP/TASK/deploy)#
#2026 05 07 21:43:24.096#Z#DEBUG#988ff13c-4a5d-11f1-8594-eeee0a955217.Loja-db-deployer#flowable-async-job-executor-thread-13999#
[PollExecuteTaskStatusExecution] 540913b5-ee82-43db-a33d-eb5577322406 [2026-05-07T21:37:08.521185] > start (STDOUT, APP/TASK/deploy)#
#2026 05 07 21:43:24.096#Z#DEBUG#988ff13c-4a5d-11f1-8594-eeee0a955217.Loja-db-deployer#flowable-async-job-executor-thread-13999#
[PollExecuteTaskStatusExecution] 540913b5-ee82-43db-a33d-eb5577322406 [2026-05-07T21:37:08.521207] > node node_modules/@sap/hdi-deploy/deploy.js --use-hdb --parameter com.sap.hana.di.table/try_fast_table_migration=true (STDOUT, APP/TASK/deploy)#
#2026 05 07 21:43:24.096#Z#DEBUG#988ff13c-4a5d-11f1-8594-eeee0a955217.Loja-db-deployer#flowable-async-job-executor-thread-13999#
[PollExecuteTaskStatusExecution] 540913b5-ee82-43db-a33d-eb5577322406 [2026-05-07T21:37:08.636218] VCAP_SERVICES: (STDOUT, APP/TASK/deploy)#
#2026 05 07 21:43:24.096#Z#DEBUG#988ff13c-4a5d-11f1-8594-eeee0a955217.Loja-db-deployer#flowable-async-job-executor-thread-13999#
[PollExecuteTaskStatusExecution] 540913b5-ee82-43db-a33d-eb5577322406 [2026-05-07T21:37:08.636400] { (STDOUT, APP/TASK/deploy)#
#2026 05 07 21:43:24.096#Z#DEBUG#988ff13c-4a5d-11f1-8594-eeee0a955217.Loja-db-deployer#flowable-async-job-executor-thread-13999#
[PollExecuteTaskStatusExecution] 540913b5-ee82-43db-a33d-eb5577322406 [2026-05-07T21:37:08.636418] "hana": [ (STDOUT, APP/TASK/deploy)#
#2026 05 07 21:43:24.096#Z#DEBUG#988ff13c-4a5d-11f1-8594-eeee0a955217.Loja-db-deployer#flowable-async-job-executor-thread-13999#
[PollExecuteTaskStatusExecution] 540913b5-ee82-43db-a33d-eb5577322406 [2026-05-07T21:37:08.636421] { (STDOUT, APP/TASK/deploy)#
#2026 05 07 21:43:24.096#Z#DEBUG#988ff13c-4a5d-11f1-8594-eeee0a955217.Loja-db-deployer#flowable-async-job-executor-thread-13999#
[PollExecuteTaskStatusExecution] 540913b5-ee82-43db-a33d-eb5577322406 [2026-05-07T21:37:08.636424] "name": "Loja-db", (STDOUT, APP/TASK/deploy)#
#2026 05 07 21:43:24.096#Z#DEBUG#988ff13c-4a5d-11f1-8594-eeee0a955217.Loja-db-deployer#flowable-async-job-executor-thread-13999#
[PollExecuteTaskStatusExecution] 540913b5-ee82-43db-a33d-eb5577322406 [2026-05-07T21:37:08.636426] "label": "hana", (STDOUT, APP/TASK/deploy)#
#2026 05 07 21:43:24.096#Z#DEBUG#988ff13c-4a5d-11f1-8594-eeee0a955217.Loja-db-deployer#flowable-async-job-executor-thread-13999#
[PollExecuteTaskStatusExecution] 540913b5-ee82-43db-a33d-eb5577322406 [2026-05-07T21:37:08.636429] "plan": "hdi-shared", (STDOUT, APP/TASK/deploy)#
#2026 05 07 21:43:24.096#Z#DEBUG#988ff13c-4a5d-11f1-8594-eeee0a955217.Loja-db-deployer#flowable-async-job-executor-thread-13999#
[PollExecuteTaskStatusExecution] 540913b5-ee82-43db-a33d-eb5577322406 [2026-05-07T21:37:08.636433] "credentials": { (STDOUT, APP/TASK/deploy)#
#2026 05 07 21:43:24.096#Z#DEBUG#988ff13c-4a5d-11f1-8594-eeee0a955217.Loja-db-deployer#flowable-async-job-executor-thread-13999#
[PollExecuteTaskStatusExecution] 540913b5-ee82-43db-a33d-eb5577322406 [2026-05-07T21:37:08.636436] "schema": "0BDA3929606647C1BC458C01854A3A3F", (STDOUT, APP/TASK/deploy)#
#2026 05 07 21:43:24.096#Z#DEBUG#988ff13c-4a5d-11f1-8594-eeee0a955217.Loja-db-deployer#flowable-async-job-executor-thread-13999#
[PollExecuteTaskStatusExecution] 540913b5-ee82-43db-a33d-eb5577322406 [2026-05-07T21:37:08.636439] "database_id": "eaff8753-1771-4da6-a1a7-1f979574194f", (STDOUT, APP/TASK/deploy)#
#2026 05 07 21:43:24.096#Z#DEBUG#988ff13c-4a5d-11f1-8594-eeee0a955217.Loja-db-deployer#flowable-async-job-executor-thread-13999#
[PollExecuteTaskStatusExecution] 540913b5-ee82-43db-a33d-eb5577322406 [2026-05-07T21:37:08.636442] "user": "0BDA3929606647C1BC458C01854A3A3F_6AQN1HUN77CIGLZYWTAQVCC3Z_RT", (STDOUT, APP/TASK/deploy)#
#2026 05 07 21:43:24.096#Z#DEBUG#988ff13c-4a5d-11f1-8594-eeee0a955217.Loja-db-deployer#flowable-async-job-executor-thread-13999#
[PollExecuteTaskStatusExecution] 540913b5-ee82-43db-a33d-eb5577322406 [2026-05-07T21:37:08.636445] "hdi_user": "0BDA3929606647C1BC458C01854A3A3F_6AQN1HUN77CIGLZYWTAQVCC3Z_DT" (STDOUT, APP/TASK/deploy)#
#2026 05 07 21:43:24.096#Z#DEBUG#988ff13c-4a5d-11f1-8594-eeee0a955217.Loja-db-deployer#flowable-async-job-executor-thread-13999#
[PollExecuteTaskStatusExecution] 540913b5-ee82-43db-a33d-eb5577322406 [2026-05-07T21:37:08.636447] }, (STDOUT, APP/TASK/deploy)#
#2026 05 07 21:43:24.096#Z#DEBUG#988ff13c-4a5d-11f1-8594-eeee0a955217.Loja-db-deployer#flowable-async-job-executor-thread-13999#
[PollExecuteTaskStatusExecution] 540913b5-ee82-43db-a33d-eb5577322406 [2026-05-07T21:37:08.636450] "tags": [ (STDOUT, APP/TASK/deploy)#
#2026 05 07 21:43:24.096#Z#DEBUG#988ff13c-4a5d-11f1-8594-eeee0a955217.Loja-db-deployer#flowable-async-job-executor-thread-13999#
[PollExecuteTaskStatusExecution] 540913b5-ee82-43db-a33d-eb5577322406 [2026-05-07T21:37:08.636451] "hana", (STDOUT, APP/TASK/deploy)#
#2026 05 07 21:43:24.096#Z#DEBUG#988ff13c-4a5d-11f1-8594-eeee0a955217.Loja-db-deployer#flowable-async-job-executor-thread-13999#
[PollExecuteTaskStatusExecution] 540913b5-ee82-43db-a33d-eb5577322406 [2026-05-07T21:37:08.636454] "database", (STDOUT, APP/TASK/deploy)#
#2026 05 07 21:43:24.096#Z#DEBUG#988ff13c-4a5d-11f1-8594-eeee0a955217.Loja-db-deployer#flowable-async-job-executor-thread-13999#
[PollExecuteTaskStatusExecution] 540913b5-ee82-43db-a33d-eb5577322406 [2026-05-07T21:37:08.636456] "relational" (STDOUT, APP/TASK/deploy)#
#2026 05 07 21:43:24.096#Z#DEBUG#988ff13c-4a5d-11f1-8594-eeee0a955217.Loja-db-deployer#flowable-async-job-executor-thread-13999#
[PollExecuteTaskStatusExecution] 540913b5-ee82-43db-a33d-eb5577322406 [2026-05-07T21:37:08.636457] ] (STDOUT, APP/TASK/deploy)#
#2026 05 07 21:43:24.096#Z#DEBUG#988ff13c-4a5d-11f1-8594-eeee0a955217.Loja-db-deployer#flowable-async-job-executor-thread-13999#
[PollExecuteTaskStatusExecution] 540913b5-ee82-43db-a33d-eb5577322406 [2026-05-07T21:37:08.636459] } (STDOUT, APP/TASK/deploy)#
#2026 05 07 21:43:24.096#Z#DEBUG#988ff13c-4a5d-11f1-8594-eeee0a955217.Loja-db-deployer#flowable-async-job-executor-thread-13999#
[PollExecuteTaskStatusExecution] 540913b5-ee82-43db-a33d-eb5577322406 [2026-05-07T21:37:08.636461] ] (STDOUT, APP/TASK/deploy)#
#2026 05 07 21:43:24.096#Z#DEBUG#988ff13c-4a5d-11f1-8594-eeee0a955217.Loja-db-deployer#flowable-async-job-executor-thread-13999#
[PollExecuteTaskStatusExecution] 540913b5-ee82-43db-a33d-eb5577322406 [2026-05-07T21:37:08.636467] } (STDOUT, APP/TASK/deploy)#
#2026 05 07 21:43:24.096#Z#DEBUG#988ff13c-4a5d-11f1-8594-eeee0a955217.Loja-db-deployer#flowable-async-job-executor-thread-13999#
[PollExecuteTaskStatusExecution] 540913b5-ee82-43db-a33d-eb5577322406 [2026-05-07T21:37:14.753675] @sap/hdi-deploy, version 5.6.1 (mode default), server version unknown (0.0.0.0), cloud version , node version 24.13.0, HDI version -1, container API version -1 (STDOUT, APP/TASK/deploy)#
#2026 05 07 21:43:24.096#Z#DEBUG#988ff13c-4a5d-11f1-8594-eeee0a955217.Loja-db-deployer#flowable-async-job-executor-thread-13999#
[PollExecuteTaskStatusExecution] 540913b5-ee82-43db-a33d-eb5577322406 [2026-05-07T21:37:14.753987] Deployment started at 2026-05-07 21:37:14 (STDOUT, APP/TASK/deploy)#
#2026 05 07 21:43:24.096#Z#DEBUG#988ff13c-4a5d-11f1-8594-eeee0a955217.Loja-db-deployer#flowable-async-job-executor-thread-13999#
[PollExecuteTaskStatusExecution] 540913b5-ee82-43db-a33d-eb5577322406 [2026-05-07T21:37:14.754187] Using hdb@2.27.1 for connection (STDOUT, APP/TASK/deploy)#
#2026 05 07 21:43:24.096#Z#DEBUG#988ff13c-4a5d-11f1-8594-eeee0a955217.Loja-db-deployer#flowable-async-job-executor-thread-13999#
[PollExecuteTaskStatusExecution] 540913b5-ee82-43db-a33d-eb5577322406 [2026-05-07T21:37:14.754214] Detection of server version failed; root cause: Could not connect to any host: [ eaff8753-1771-4da6-a1a7-1f979574194f.hna1.prod-us10.hanacloud.ondemand.com:443 -  ] (STDOUT, APP/TASK/deploy)#
#2026 05 07 21:43:24.096#Z#DEBUG#988ff13c-4a5d-11f1-8594-eeee0a955217.Loja-db-deployer#flowable-async-job-executor-thread-13999#
[PollExecuteTaskStatusExecution] 540913b5-ee82-43db-a33d-eb5577322406 [2026-05-07T21:37:14.754309] Detection of cloud version failed; root cause: Could not connect to any host: [ eaff8753-1771-4da6-a1a7-1f979574194f.hna1.prod-us10.hanacloud.ondemand.com:443 -  ] (STDOUT, APP/TASK/deploy)#
#2026 05 07 21:43:24.096#Z#DEBUG#988ff13c-4a5d-11f1-8594-eeee0a955217.Loja-db-deployer#flowable-async-job-executor-thread-13999#
[PollExecuteTaskStatusExecution] 540913b5-ee82-43db-a33d-eb5577322406 [2026-05-07T21:37:14.754318] Detection of container API version failed; root cause: Could not connect to any host: [ eaff8753-1771-4da6-a1a7-1f979574194f.hna1.prod-us10.hanacloud.ondemand.com:443 -  ] (STDOUT, APP/TASK/deploy)#
#2026 05 07 21:43:24.096#Z#DEBUG#988ff13c-4a5d-11f1-8594-eeee0a955217.Loja-db-deployer#flowable-async-job-executor-thread-13999#
[PollExecuteTaskStatusExecution] 540913b5-ee82-43db-a33d-eb5577322406 [2026-05-07T21:37:14.754322] Detection of HDI version failed; root cause: Could not connect to any host: [ eaff8753-1771-4da6-a1a7-1f979574194f.hna1.prod-us10.hanacloud.ondemand.com:443 -  ] (STDOUT, APP/TASK/deploy)#
#2026 05 07 21:43:24.096#Z#DEBUG#988ff13c-4a5d-11f1-8594-eeee0a955217.Loja-db-deployer#flowable-async-job-executor-thread-13999#
[PollExecuteTaskStatusExecution] 540913b5-ee82-43db-a33d-eb5577322406 [2026-05-07T21:37:14.754771] Deployment ended at 2026-05-07 21:37:14 (STDOUT, APP/TASK/deploy)#
#2026 05 07 21:43:24.096#Z#DEBUG#988ff13c-4a5d-11f1-8594-eeee0a955217.Loja-db-deployer#flowable-async-job-executor-thread-13999#
[PollExecuteTaskStatusExecution] 540913b5-ee82-43db-a33d-eb5577322406 [2026-05-07T21:37:14.754897] Error: Option parameter is not supported by the server; based on detected server version unknown (STDERR, APP/TASK/deploy)#
#2026 05 07 21:43:24.096#Z#DEBUG#988ff13c-4a5d-11f1-8594-eeee0a955217.Loja-db-deployer#flowable-async-job-executor-thread-13999#
[PollExecuteTaskStatusExecution] 540913b5-ee82-43db-a33d-eb5577322406 [2026-05-07T21:37:14.755239] (6s 199ms) (STDOUT, APP/TASK/deploy)#
#2026 05 07 21:43:24.096#Z#DEBUG#988ff13c-4a5d-11f1-8594-eeee0a955217.Loja-db-deployer#flowable-async-job-executor-thread-13999#
[PollExecuteTaskStatusExecution] 540913b5-ee82-43db-a33d-eb5577322406 [2026-05-07T21:37:14.825531] Exit status 1 (STDOUT, APP/TASK/deploy)#
#2026 05 07 21:43:24.096#Z#DEBUG#988ff13c-4a5d-11f1-8594-eeee0a955217.Loja-db-deployer#flowable-async-job-executor-thread-13999#
[PollExecuteTaskStatusExecution] 540913b5-ee82-43db-a33d-eb5577322406 [2026-05-07T21:37:15.251204] Cell 77283d80-dfa7-40ba-ba4e-265aef112085 stopping instance 0a0ae1fd-9f1e-4499-b072-370b114d8019 (STDOUT, CELL)#
#2026 05 07 21:43:24.096#Z#DEBUG#988ff13c-4a5d-11f1-8594-eeee0a955217.Loja-db-deployer#flowable-async-job-executor-thread-13999#
[PollExecuteTaskStatusExecution] 540913b5-ee82-43db-a33d-eb5577322406 [2026-05-07T21:37:15.251227] Cell 77283d80-dfa7-40ba-ba4e-265aef112085 destroying container for instance 0a0ae1fd-9f1e-4499-b072-370b114d8019 (STDOUT, CELL)#
#2026 05 07 21:43:24.096#Z#DEBUG#988ff13c-4a5d-11f1-8594-eeee0a955217.Loja-db-deployer#flowable-async-job-executor-thread-13999#
[PollExecuteTaskStatusExecution] 540913b5-ee82-43db-a33d-eb5577322406 [2026-05-07T21:37:17.166707] Cell 77283d80-dfa7-40ba-ba4e-265aef112085 successfully destroyed container for instance 0a0ae1fd-9f1e-4499-b072-370b114d8019 (STDOUT, CELL)#
#2026 05 07 21:43:24.096#Z#DEBUG#988ff13c-4a5d-11f1-8594-eeee0a955217.Loja-db-deployer#flowable-async-job-executor-thread-13999#
[PollExecuteTaskStatusExecution] 540913b5-ee82-43db-a33d-eb5577322406 [2026-05-07T21:37:24.762083] Cell d1cc041a-d5a1-41d6-b9f6-6cda736ce3f0 creating container for instance ee514c4e-b55f-43dd-b4f3-57a046a047e2 (STDOUT, CELL)#
#2026 05 07 21:43:24.096#Z#DEBUG#988ff13c-4a5d-11f1-8594-eeee0a955217.Loja-db-deployer#flowable-async-job-executor-thread-13999#
[PollExecuteTaskStatusExecution] 540913b5-ee82-43db-a33d-eb5577322406 [2026-05-07T21:37:25.301108] Security group rules were updated (STDOUT, CELL)#
#2026 05 07 21:43:24.096#Z#DEBUG#988ff13c-4a5d-11f1-8594-eeee0a955217.Loja-db-deployer#flowable-async-job-executor-thread-13999#
[PollExecuteTaskStatusExecution] 540913b5-ee82-43db-a33d-eb5577322406 [2026-05-07T21:37:25.380192] Cell d1cc041a-d5a1-41d6-b9f6-6cda736ce3f0 successfully created container for instance ee514c4e-b55f-43dd-b4f3-57a046a047e2 (STDOUT, CELL)#
#2026 05 07 21:43:24.096#Z#DEBUG#988ff13c-4a5d-11f1-8594-eeee0a955217.Loja-db-deployer#flowable-async-job-executor-thread-13999#
[PollExecuteTaskStatusExecution] 540913b5-ee82-43db-a33d-eb5577322406 [2026-05-07T21:37:28.651569] Invoking pre-start scripts. (STDOUT, APP/TASK/deploy)#
#2026 05 07 21:43:24.096#Z#DEBUG#988ff13c-4a5d-11f1-8594-eeee0a955217.Loja-db-deployer#flowable-async-job-executor-thread-13999#
[PollExecuteTaskStatusExecution] 540913b5-ee82-43db-a33d-eb5577322406 [2026-05-07T21:37:28.803967] Invoking start command. (STDOUT, APP/TASK/deploy)#
#2026 05 07 21:43:24.096#Z#DEBUG#988ff13c-4a5d-11f1-8594-eeee0a955217.Loja-db-deployer#flowable-async-job-executor-thread-13999#
[PollExecuteTaskStatusExecution] 540913b5-ee82-43db-a33d-eb5577322406 [2026-05-07T21:37:29.144413] > start (STDOUT, APP/TASK/deploy)#
#2026 05 07 21:43:24.096#Z#DEBUG#988ff13c-4a5d-11f1-8594-eeee0a955217.Loja-db-deployer#flowable-async-job-executor-thread-13999#
[PollExecuteTaskStatusExecution] 540913b5-ee82-43db-a33d-eb5577322406 [2026-05-07T21:37:29.144438] > node node_modules/@sap/hdi-deploy/deploy.js --use-hdb --parameter com.sap.hana.di.table/try_fast_table_migration=true (STDOUT, APP/TASK/deploy)#
#2026 05 07 21:43:24.096#Z#DEBUG#988ff13c-4a5d-11f1-8594-eeee0a955217.Loja-db-deployer#flowable-async-job-executor-thread-13999#
[PollExecuteTaskStatusExecution] 540913b5-ee82-43db-a33d-eb5577322406 [2026-05-07T21:37:29.261968] VCAP_SERVICES: (STDOUT, APP/TASK/deploy)#
#2026 05 07 21:43:24.096#Z#DEBUG#988ff13c-4a5d-11f1-8594-eeee0a955217.Loja-db-deployer#flowable-async-job-executor-thread-13999#
[PollExecuteTaskStatusExecution] 540913b5-ee82-43db-a33d-eb5577322406 [2026-05-07T21:37:29.262216] { (STDOUT, APP/TASK/deploy)#
#2026 05 07 21:43:24.096#Z#DEBUG#988ff13c-4a5d-11f1-8594-eeee0a955217.Loja-db-deployer#flowable-async-job-executor-thread-13999#
[PollExecuteTaskStatusExecution] 540913b5-ee82-43db-a33d-eb5577322406 [2026-05-07T21:37:29.262244] "hana": [ (STDOUT, APP/TASK/deploy)#
#2026 05 07 21:43:24.096#Z#DEBUG#988ff13c-4a5d-11f1-8594-eeee0a955217.Loja-db-deployer#flowable-async-job-executor-thread-13999#
[PollExecuteTaskStatusExecution] 540913b5-ee82-43db-a33d-eb5577322406 [2026-05-07T21:37:29.262247] { (STDOUT, APP/TASK/deploy)#
#2026 05 07 21:43:24.096#Z#DEBUG#988ff13c-4a5d-11f1-8594-eeee0a955217.Loja-db-deployer#flowable-async-job-executor-thread-13999#
[PollExecuteTaskStatusExecution] 540913b5-ee82-43db-a33d-eb5577322406 [2026-05-07T21:37:29.262251] "name": "Loja-db", (STDOUT, APP/TASK/deploy)#
#2026 05 07 21:43:24.096#Z#DEBUG#988ff13c-4a5d-11f1-8594-eeee0a955217.Loja-db-deployer#flowable-async-job-executor-thread-13999#
[PollExecuteTaskStatusExecution] 540913b5-ee82-43db-a33d-eb5577322406 [2026-05-07T21:37:29.262263] "label": "hana", (STDOUT, APP/TASK/deploy)#
#2026 05 07 21:43:24.096#Z#DEBUG#988ff13c-4a5d-11f1-8594-eeee0a955217.Loja-db-deployer#flowable-async-job-executor-thread-13999#
[PollExecuteTaskStatusExecution] 540913b5-ee82-43db-a33d-eb5577322406 [2026-05-07T21:37:29.262266] "plan": "hdi-shared", (STDOUT, APP/TASK/deploy)#
#2026 05 07 21:43:24.096#Z#DEBUG#988ff13c-4a5d-11f1-8594-eeee0a955217.Loja-db-deployer#flowable-async-job-executor-thread-13999#
[PollExecuteTaskStatusExecution] 540913b5-ee82-43db-a33d-eb5577322406 [2026-05-07T21:37:29.262269] "credentials": { (STDOUT, APP/TASK/deploy)#
#2026 05 07 21:43:24.096#Z#DEBUG#988ff13c-4a5d-11f1-8594-eeee0a955217.Loja-db-deployer#flowable-async-job-executor-thread-13999#
[PollExecuteTaskStatusExecution] 540913b5-ee82-43db-a33d-eb5577322406 [2026-05-07T21:37:29.262275] "schema": "0BDA3929606647C1BC458C01854A3A3F", (STDOUT, APP/TASK/deploy)#
#2026 05 07 21:43:24.096#Z#DEBUG#988ff13c-4a5d-11f1-8594-eeee0a955217.Loja-db-deployer#flowable-async-job-executor-thread-13999#
[PollExecuteTaskStatusExecution] 540913b5-ee82-43db-a33d-eb5577322406 [2026-05-07T21:37:29.262278] "database_id": "eaff8753-1771-4da6-a1a7-1f979574194f", (STDOUT, APP/TASK/deploy)#
#2026 05 07 21:43:24.096#Z#DEBUG#988ff13c-4a5d-11f1-8594-eeee0a955217.Loja-db-deployer#flowable-async-job-executor-thread-13999#
[PollExecuteTaskStatusExecution] 540913b5-ee82-43db-a33d-eb5577322406 [2026-05-07T21:37:29.262281] "user": "0BDA3929606647C1BC458C01854A3A3F_6AQN1HUN77CIGLZYWTAQVCC3Z_RT", (STDOUT, APP/TASK/deploy)#
#2026 05 07 21:43:24.096#Z#DEBUG#988ff13c-4a5d-11f1-8594-eeee0a955217.Loja-db-deployer#flowable-async-job-executor-thread-13999#
[PollExecuteTaskStatusExecution] 540913b5-ee82-43db-a33d-eb5577322406 [2026-05-07T21:37:29.262283] "hdi_user": "0BDA3929606647C1BC458C01854A3A3F_6AQN1HUN77CIGLZYWTAQVCC3Z_DT" (STDOUT, APP/TASK/deploy)#
#2026 05 07 21:43:24.096#Z#DEBUG#988ff13c-4a5d-11f1-8594-eeee0a955217.Loja-db-deployer#flowable-async-job-executor-thread-13999#
[PollExecuteTaskStatusExecution] 540913b5-ee82-43db-a33d-eb5577322406 [2026-05-07T21:37:29.262285] }, (STDOUT, APP/TASK/deploy)#
#2026 05 07 21:43:24.096#Z#DEBUG#988ff13c-4a5d-11f1-8594-eeee0a955217.Loja-db-deployer#flowable-async-job-executor-thread-13999#
[PollExecuteTaskStatusExecution] 540913b5-ee82-43db-a33d-eb5577322406 [2026-05-07T21:37:29.262289] "tags": [ (STDOUT, APP/TASK/deploy)#
#2026 05 07 21:43:24.096#Z#DEBUG#988ff13c-4a5d-11f1-8594-eeee0a955217.Loja-db-deployer#flowable-async-job-executor-thread-13999#
[PollExecuteTaskStatusExecution] 540913b5-ee82-43db-a33d-eb5577322406 [2026-05-07T21:37:29.262293] "hana", (STDOUT, APP/TASK/deploy)#
#2026 05 07 21:43:24.096#Z#DEBUG#988ff13c-4a5d-11f1-8594-eeee0a955217.Loja-db-deployer#flowable-async-job-executor-thread-13999#
[PollExecuteTaskStatusExecution] 540913b5-ee82-43db-a33d-eb5577322406 [2026-05-07T21:37:29.262295] "database", (STDOUT, APP/TASK/deploy)#
#2026 05 07 21:43:24.096#Z#DEBUG#988ff13c-4a5d-11f1-8594-eeee0a955217.Loja-db-deployer#flowable-async-job-executor-thread-13999#
[PollExecuteTaskStatusExecution] 540913b5-ee82-43db-a33d-eb5577322406 [2026-05-07T21:37:29.262297] "relational" (STDOUT, APP/TASK/deploy)#
#2026 05 07 21:43:24.096#Z#DEBUG#988ff13c-4a5d-11f1-8594-eeee0a955217.Loja-db-deployer#flowable-async-job-executor-thread-13999#
[PollExecuteTaskStatusExecution] 540913b5-ee82-43db-a33d-eb5577322406 [2026-05-07T21:37:29.262300] ] (STDOUT, APP/TASK/deploy)#
#2026 05 07 21:43:24.096#Z#DEBUG#988ff13c-4a5d-11f1-8594-eeee0a955217.Loja-db-deployer#flowable-async-job-executor-thread-13999#
[PollExecuteTaskStatusExecution] 540913b5-ee82-43db-a33d-eb5577322406 [2026-05-07T21:37:29.262301] } (STDOUT, APP/TASK/deploy)#
#2026 05 07 21:43:24.096#Z#DEBUG#988ff13c-4a5d-11f1-8594-eeee0a955217.Loja-db-deployer#flowable-async-job-executor-thread-13999#
[PollExecuteTaskStatusExecution] 540913b5-ee82-43db-a33d-eb5577322406 [2026-05-07T21:37:29.262322] ] (STDOUT, APP/TASK/deploy)#
#2026 05 07 21:43:24.096#Z#DEBUG#988ff13c-4a5d-11f1-8594-eeee0a955217.Loja-db-deployer#flowable-async-job-executor-thread-13999#
[PollExecuteTaskStatusExecution] 540913b5-ee82-43db-a33d-eb5577322406 [2026-05-07T21:37:29.262324] } (STDOUT, APP/TASK/deploy)#
#2026 05 07 21:43:24.096#Z#DEBUG#988ff13c-4a5d-11f1-8594-eeee0a955217.Loja-db-deployer#flowable-async-job-executor-thread-13999#
[PollExecuteTaskStatusExecution] 540913b5-ee82-43db-a33d-eb5577322406 [2026-05-07T21:37:35.363342] @sap/hdi-deploy, version 5.6.1 (mode default), server version unknown (0.0.0.0), cloud version , node version 24.13.0, HDI version -1, container API version -1 (STDOUT, APP/TASK/deploy)#
#2026 05 07 21:43:24.096#Z#DEBUG#988ff13c-4a5d-11f1-8594-eeee0a955217.Loja-db-deployer#flowable-async-job-executor-thread-13999#
[PollExecuteTaskStatusExecution] 540913b5-ee82-43db-a33d-eb5577322406 [2026-05-07T21:37:35.363680] Deployment started at 2026-05-07 21:37:35 (STDOUT, APP/TASK/deploy)#
#2026 05 07 21:43:24.096#Z#DEBUG#988ff13c-4a5d-11f1-8594-eeee0a955217.Loja-db-deployer#flowable-async-job-executor-thread-13999#
[PollExecuteTaskStatusExecution] 540913b5-ee82-43db-a33d-eb5577322406 [2026-05-07T21:37:35.363926] Using hdb@2.27.1 for connection (STDOUT, APP/TASK/deploy)#
#2026 05 07 21:43:24.096#Z#DEBUG#988ff13c-4a5d-11f1-8594-eeee0a955217.Loja-db-deployer#flowable-async-job-executor-thread-13999#
[PollExecuteTaskStatusExecution] 540913b5-ee82-43db-a33d-eb5577322406 [2026-05-07T21:37:35.363945] Detection of server version failed; root cause: Could not connect to any host: [ eaff8753-1771-4da6-a1a7-1f979574194f.hna1.prod-us10.hanacloud.ondemand.com:443 -  ] (STDOUT, APP/TASK/deploy)#
#2026 05 07 21:43:24.096#Z#DEBUG#988ff13c-4a5d-11f1-8594-eeee0a955217.Loja-db-deployer#flowable-async-job-executor-thread-13999#
[PollExecuteTaskStatusExecution] 540913b5-ee82-43db-a33d-eb5577322406 [2026-05-07T21:37:35.363950] Detection of cloud version failed; root cause: Could not connect to any host: [ eaff8753-1771-4da6-a1a7-1f979574194f.hna1.prod-us10.hanacloud.ondemand.com:443 -  ] (STDOUT, APP/TASK/deploy)#
#2026 05 07 21:43:24.096#Z#DEBUG#988ff13c-4a5d-11f1-8594-eeee0a955217.Loja-db-deployer#flowable-async-job-executor-thread-13999#
[PollExecuteTaskStatusExecution] 540913b5-ee82-43db-a33d-eb5577322406 [2026-05-07T21:37:35.363954] Detection of container API version failed; root cause: Could not connect to any host: [ eaff8753-1771-4da6-a1a7-1f979574194f.hna1.prod-us10.hanacloud.ondemand.com:443 -  ] (STDOUT, APP/TASK/deploy)#
#2026 05 07 21:43:24.096#Z#DEBUG#988ff13c-4a5d-11f1-8594-eeee0a955217.Loja-db-deployer#flowable-async-job-executor-thread-13999#
[PollExecuteTaskStatusExecution] 540913b5-ee82-43db-a33d-eb5577322406 [2026-05-07T21:37:35.363957] Detection of HDI version failed; root cause: Could not connect to any host: [ eaff8753-1771-4da6-a1a7-1f979574194f.hna1.prod-us10.hanacloud.ondemand.com:443 -  ] (STDOUT, APP/TASK/deploy)#
#2026 05 07 21:43:24.096#Z#DEBUG#988ff13c-4a5d-11f1-8594-eeee0a955217.Loja-db-deployer#flowable-async-job-executor-thread-13999#
[PollExecuteTaskStatusExecution] 540913b5-ee82-43db-a33d-eb5577322406 [2026-05-07T21:37:35.364340] Deployment ended at 2026-05-07 21:37:35 (STDOUT, APP/TASK/deploy)#
#2026 05 07 21:43:24.096#Z#DEBUG#988ff13c-4a5d-11f1-8594-eeee0a955217.Loja-db-deployer#flowable-async-job-executor-thread-13999#
[PollExecuteTaskStatusExecution] 540913b5-ee82-43db-a33d-eb5577322406 [2026-05-07T21:37:35.364494] Error: Option parameter is not supported by the server; based on detected server version unknown (STDERR, APP/TASK/deploy)#
#2026 05 07 21:43:24.096#Z#DEBUG#988ff13c-4a5d-11f1-8594-eeee0a955217.Loja-db-deployer#flowable-async-job-executor-thread-13999#
[PollExecuteTaskStatusExecution] 540913b5-ee82-43db-a33d-eb5577322406 [2026-05-07T21:37:35.364834] (6s 188ms) (STDOUT, APP/TASK/deploy)#
#2026 05 07 21:43:24.096#Z#DEBUG#988ff13c-4a5d-11f1-8594-eeee0a955217.Loja-db-deployer#flowable-async-job-executor-thread-13999#
[PollExecuteTaskStatusExecution] 540913b5-ee82-43db-a33d-eb5577322406 [2026-05-07T21:37:35.438035] Exit status 1 (STDOUT, APP/TASK/deploy)#
#2026 05 07 21:43:24.096#Z#DEBUG#988ff13c-4a5d-11f1-8594-eeee0a955217.Loja-db-deployer#flowable-async-job-executor-thread-13999#
[PollExecuteTaskStatusExecution] 540913b5-ee82-43db-a33d-eb5577322406 [2026-05-07T21:37:36.275800] Cell d1cc041a-d5a1-41d6-b9f6-6cda736ce3f0 stopping instance ee514c4e-b55f-43dd-b4f3-57a046a047e2 (STDOUT, CELL)#
#2026 05 07 21:43:24.096#Z#DEBUG#988ff13c-4a5d-11f1-8594-eeee0a955217.Loja-db-deployer#flowable-async-job-executor-thread-13999#
[PollExecuteTaskStatusExecution] 540913b5-ee82-43db-a33d-eb5577322406 [2026-05-07T21:37:36.275840] Cell d1cc041a-d5a1-41d6-b9f6-6cda736ce3f0 destroying container for instance ee514c4e-b55f-43dd-b4f3-57a046a047e2 (STDOUT, CELL)#
#2026 05 07 21:43:24.096#Z#DEBUG#988ff13c-4a5d-11f1-8594-eeee0a955217.Loja-db-deployer#flowable-async-job-executor-thread-13999#
[PollExecuteTaskStatusExecution] 540913b5-ee82-43db-a33d-eb5577322406 [2026-05-07T21:37:38.486585] Cell d1cc041a-d5a1-41d6-b9f6-6cda736ce3f0 successfully destroyed container for instance ee514c4e-b55f-43dd-b4f3-57a046a047e2 (STDOUT, CELL)#
#2026 05 07 21:43:24.096#Z#DEBUG#988ff13c-4a5d-11f1-8594-eeee0a955217.Loja-db-deployer#flowable-async-job-executor-thread-13999#
[PollExecuteTaskStatusExecution] 540913b5-ee82-43db-a33d-eb5577322406 [2026-05-07T21:37:46.137196] Cell 77283d80-dfa7-40ba-ba4e-265aef112085 creating container for instance 3b576676-7cc2-4790-8807-210046394e3a (STDOUT, CELL)#
#2026 05 07 21:43:24.096#Z#DEBUG#988ff13c-4a5d-11f1-8594-eeee0a955217.Loja-db-deployer#flowable-async-job-executor-thread-13999#
[PollExecuteTaskStatusExecution] 540913b5-ee82-43db-a33d-eb5577322406 [2026-05-07T21:37:46.645724] Security group rules were updated (STDOUT, CELL)#
#2026 05 07 21:43:24.096#Z#DEBUG#988ff13c-4a5d-11f1-8594-eeee0a955217.Loja-db-deployer#flowable-async-job-executor-thread-13999#
[PollExecuteTaskStatusExecution] 540913b5-ee82-43db-a33d-eb5577322406 [2026-05-07T21:37:46.717445] Cell 77283d80-dfa7-40ba-ba4e-265aef112085 successfully created container for instance 3b576676-7cc2-4790-8807-210046394e3a (STDOUT, CELL)#
#2026 05 07 21:43:24.096#Z#DEBUG#988ff13c-4a5d-11f1-8594-eeee0a955217.Loja-db-deployer#flowable-async-job-executor-thread-13999#
[PollExecuteTaskStatusExecution] 540913b5-ee82-43db-a33d-eb5577322406 [2026-05-07T21:37:49.864465] Invoking pre-start scripts. (STDOUT, APP/TASK/deploy)#
#2026 05 07 21:43:24.096#Z#DEBUG#988ff13c-4a5d-11f1-8594-eeee0a955217.Loja-db-deployer#flowable-async-job-executor-thread-13999#
[PollExecuteTaskStatusExecution] 540913b5-ee82-43db-a33d-eb5577322406 [2026-05-07T21:37:50.011545] Invoking start command. (STDOUT, APP/TASK/deploy)#
#2026 05 07 21:43:24.096#Z#DEBUG#988ff13c-4a5d-11f1-8594-eeee0a955217.Loja-db-deployer#flowable-async-job-executor-thread-13999#
[PollExecuteTaskStatusExecution] 540913b5-ee82-43db-a33d-eb5577322406 [2026-05-07T21:37:50.331767] > start (STDOUT, APP/TASK/deploy)#
#2026 05 07 21:43:24.096#Z#DEBUG#988ff13c-4a5d-11f1-8594-eeee0a955217.Loja-db-deployer#flowable-async-job-executor-thread-13999#
[PollExecuteTaskStatusExecution] 540913b5-ee82-43db-a33d-eb5577322406 [2026-05-07T21:37:50.331800] > node node_modules/@sap/hdi-deploy/deploy.js --use-hdb --parameter com.sap.hana.di.table/try_fast_table_migration=true (STDOUT, APP/TASK/deploy)#
#2026 05 07 21:43:24.096#Z#DEBUG#988ff13c-4a5d-11f1-8594-eeee0a955217.Loja-db-deployer#flowable-async-job-executor-thread-13999#
[PollExecuteTaskStatusExecution] 540913b5-ee82-43db-a33d-eb5577322406 [2026-05-07T21:37:50.445061] VCAP_SERVICES: (STDOUT, APP/TASK/deploy)#
#2026 05 07 21:43:24.096#Z#DEBUG#988ff13c-4a5d-11f1-8594-eeee0a955217.Loja-db-deployer#flowable-async-job-executor-thread-13999#
[PollExecuteTaskStatusExecution] 540913b5-ee82-43db-a33d-eb5577322406 [2026-05-07T21:37:50.445306] { (STDOUT, APP/TASK/deploy)#
#2026 05 07 21:43:24.096#Z#DEBUG#988ff13c-4a5d-11f1-8594-eeee0a955217.Loja-db-deployer#flowable-async-job-executor-thread-13999#
[PollExecuteTaskStatusExecution] 540913b5-ee82-43db-a33d-eb5577322406 [2026-05-07T21:37:50.445328] "hana": [ (STDOUT, APP/TASK/deploy)#
#2026 05 07 21:43:24.096#Z#DEBUG#988ff13c-4a5d-11f1-8594-eeee0a955217.Loja-db-deployer#flowable-async-job-executor-thread-13999#
[PollExecuteTaskStatusExecution] 540913b5-ee82-43db-a33d-eb5577322406 [2026-05-07T21:37:50.445331] { (STDOUT, APP/TASK/deploy)#
#2026 05 07 21:43:24.096#Z#DEBUG#988ff13c-4a5d-11f1-8594-eeee0a955217.Loja-db-deployer#flowable-async-job-executor-thread-13999#
[PollExecuteTaskStatusExecution] 540913b5-ee82-43db-a33d-eb5577322406 [2026-05-07T21:37:50.445335] "name": "Loja-db", (STDOUT, APP/TASK/deploy)#
#2026 05 07 21:43:24.096#Z#DEBUG#988ff13c-4a5d-11f1-8594-eeee0a955217.Loja-db-deployer#flowable-async-job-executor-thread-13999#
[PollExecuteTaskStatusExecution] 540913b5-ee82-43db-a33d-eb5577322406 [2026-05-07T21:37:50.445337] "label": "hana", (STDOUT, APP/TASK/deploy)#
#2026 05 07 21:43:24.096#Z#DEBUG#988ff13c-4a5d-11f1-8594-eeee0a955217.Loja-db-deployer#flowable-async-job-executor-thread-13999#
[PollExecuteTaskStatusExecution] 540913b5-ee82-43db-a33d-eb5577322406 [2026-05-07T21:37:50.445339] "plan": "hdi-shared", (STDOUT, APP/TASK/deploy)#
#2026 05 07 21:43:24.096#Z#DEBUG#988ff13c-4a5d-11f1-8594-eeee0a955217.Loja-db-deployer#flowable-async-job-executor-thread-13999#
[PollExecuteTaskStatusExecution] 540913b5-ee82-43db-a33d-eb5577322406 [2026-05-07T21:37:50.445341] "credentials": { (STDOUT, APP/TASK/deploy)#
#2026 05 07 21:43:24.096#Z#DEBUG#988ff13c-4a5d-11f1-8594-eeee0a955217.Loja-db-deployer#flowable-async-job-executor-thread-13999#
[PollExecuteTaskStatusExecution] 540913b5-ee82-43db-a33d-eb5577322406 [2026-05-07T21:37:50.445344] "schema": "0BDA3929606647C1BC458C01854A3A3F", (STDOUT, APP/TASK/deploy)#
#2026 05 07 21:43:24.096#Z#DEBUG#988ff13c-4a5d-11f1-8594-eeee0a955217.Loja-db-deployer#flowable-async-job-executor-thread-13999#
[PollExecuteTaskStatusExecution] 540913b5-ee82-43db-a33d-eb5577322406 [2026-05-07T21:37:50.445346] "database_id": "eaff8753-1771-4da6-a1a7-1f979574194f", (STDOUT, APP/TASK/deploy)#
#2026 05 07 21:43:24.096#Z#DEBUG#988ff13c-4a5d-11f1-8594-eeee0a955217.Loja-db-deployer#flowable-async-job-executor-thread-13999#
[PollExecuteTaskStatusExecution] 540913b5-ee82-43db-a33d-eb5577322406 [2026-05-07T21:37:50.445348] "user": "0BDA3929606647C1BC458C01854A3A3F_6AQN1HUN77CIGLZYWTAQVCC3Z_RT", (STDOUT, APP/TASK/deploy)#
#2026 05 07 21:43:24.096#Z#DEBUG#988ff13c-4a5d-11f1-8594-eeee0a955217.Loja-db-deployer#flowable-async-job-executor-thread-13999#
[PollExecuteTaskStatusExecution] 540913b5-ee82-43db-a33d-eb5577322406 [2026-05-07T21:37:50.445354] "hdi_user": "0BDA3929606647C1BC458C01854A3A3F_6AQN1HUN77CIGLZYWTAQVCC3Z_DT" (STDOUT, APP/TASK/deploy)#
#2026 05 07 21:43:24.096#Z#DEBUG#988ff13c-4a5d-11f1-8594-eeee0a955217.Loja-db-deployer#flowable-async-job-executor-thread-13999#
[PollExecuteTaskStatusExecution] 540913b5-ee82-43db-a33d-eb5577322406 [2026-05-07T21:37:50.445355] }, (STDOUT, APP/TASK/deploy)#
#2026 05 07 21:43:24.096#Z#DEBUG#988ff13c-4a5d-11f1-8594-eeee0a955217.Loja-db-deployer#flowable-async-job-executor-thread-13999#
[PollExecuteTaskStatusExecution] 540913b5-ee82-43db-a33d-eb5577322406 [2026-05-07T21:37:50.445357] "tags": [ (STDOUT, APP/TASK/deploy)#
#2026 05 07 21:43:24.096#Z#DEBUG#988ff13c-4a5d-11f1-8594-eeee0a955217.Loja-db-deployer#flowable-async-job-executor-thread-13999#
[PollExecuteTaskStatusExecution] 540913b5-ee82-43db-a33d-eb5577322406 [2026-05-07T21:37:50.445358] "hana", (STDOUT, APP/TASK/deploy)#
#2026 05 07 21:43:24.096#Z#DEBUG#988ff13c-4a5d-11f1-8594-eeee0a955217.Loja-db-deployer#flowable-async-job-executor-thread-13999#
[PollExecuteTaskStatusExecution] 540913b5-ee82-43db-a33d-eb5577322406 [2026-05-07T21:37:50.445360] "database", (STDOUT, APP/TASK/deploy)#
#2026 05 07 21:43:24.096#Z#DEBUG#988ff13c-4a5d-11f1-8594-eeee0a955217.Loja-db-deployer#flowable-async-job-executor-thread-13999#
[PollExecuteTaskStatusExecution] 540913b5-ee82-43db-a33d-eb5577322406 [2026-05-07T21:37:50.445364] "relational" (STDOUT, APP/TASK/deploy)#
#2026 05 07 21:43:24.096#Z#DEBUG#988ff13c-4a5d-11f1-8594-eeee0a955217.Loja-db-deployer#flowable-async-job-executor-thread-13999#
[PollExecuteTaskStatusExecution] 540913b5-ee82-43db-a33d-eb5577322406 [2026-05-07T21:37:50.445366] ] (STDOUT, APP/TASK/deploy)#
#2026 05 07 21:43:24.096#Z#DEBUG#988ff13c-4a5d-11f1-8594-eeee0a955217.Loja-db-deployer#flowable-async-job-executor-thread-13999#
[PollExecuteTaskStatusExecution] 540913b5-ee82-43db-a33d-eb5577322406 [2026-05-07T21:37:50.445367] } (STDOUT, APP/TASK/deploy)#
#2026 05 07 21:43:24.096#Z#DEBUG#988ff13c-4a5d-11f1-8594-eeee0a955217.Loja-db-deployer#flowable-async-job-executor-thread-13999#
[PollExecuteTaskStatusExecution] 540913b5-ee82-43db-a33d-eb5577322406 [2026-05-07T21:37:50.445369] ] (STDOUT, APP/TASK/deploy)#
#2026 05 07 21:43:24.096#Z#DEBUG#988ff13c-4a5d-11f1-8594-eeee0a955217.Loja-db-deployer#flowable-async-job-executor-thread-13999#
[PollExecuteTaskStatusExecution] 540913b5-ee82-43db-a33d-eb5577322406 [2026-05-07T21:37:50.445370] } (STDOUT, APP/TASK/deploy)#
#2026 05 07 21:43:24.096#Z#DEBUG#988ff13c-4a5d-11f1-8594-eeee0a955217.Loja-db-deployer#flowable-async-job-executor-thread-13999#
[PollExecuteTaskStatusExecution] 540913b5-ee82-43db-a33d-eb5577322406 [2026-05-07T21:37:56.545690] @sap/hdi-deploy, version 5.6.1 (mode default), server version unknown (0.0.0.0), cloud version , node version 24.13.0, HDI version -1, container API version -1 (STDOUT, APP/TASK/deploy)#
#2026 05 07 21:43:24.096#Z#DEBUG#988ff13c-4a5d-11f1-8594-eeee0a955217.Loja-db-deployer#flowable-async-job-executor-thread-13999#
[PollExecuteTaskStatusExecution] 540913b5-ee82-43db-a33d-eb5577322406 [2026-05-07T21:37:56.545930] Deployment started at 2026-05-07 21:37:56 (STDOUT, APP/TASK/deploy)#
#2026 05 07 21:43:24.096#Z#DEBUG#988ff13c-4a5d-11f1-8594-eeee0a955217.Loja-db-deployer#flowable-async-job-executor-thread-13999#
[PollExecuteTaskStatusExecution] 540913b5-ee82-43db-a33d-eb5577322406 [2026-05-07T21:37:56.546179] Using hdb@2.27.1 for connection (STDOUT, APP/TASK/deploy)#
#2026 05 07 21:43:24.096#Z#DEBUG#988ff13c-4a5d-11f1-8594-eeee0a955217.Loja-db-deployer#flowable-async-job-executor-thread-13999#
[PollExecuteTaskStatusExecution] 540913b5-ee82-43db-a33d-eb5577322406 [2026-05-07T21:37:56.546199] Detection of server version failed; root cause: Could not connect to any host: [ eaff8753-1771-4da6-a1a7-1f979574194f.hna1.prod-us10.hanacloud.ondemand.com:443 -  ] (STDOUT, APP/TASK/deploy)#
#2026 05 07 21:43:24.096#Z#DEBUG#988ff13c-4a5d-11f1-8594-eeee0a955217.Loja-db-deployer#flowable-async-job-executor-thread-13999#
[PollExecuteTaskStatusExecution] 540913b5-ee82-43db-a33d-eb5577322406 [2026-05-07T21:37:56.546203] Detection of cloud version failed; root cause: Could not connect to any host: [ eaff8753-1771-4da6-a1a7-1f979574194f.hna1.prod-us10.hanacloud.ondemand.com:443 -  ] (STDOUT, APP/TASK/deploy)#
#2026 05 07 21:43:24.096#Z#DEBUG#988ff13c-4a5d-11f1-8594-eeee0a955217.Loja-db-deployer#flowable-async-job-executor-thread-13999#
[PollExecuteTaskStatusExecution] 540913b5-ee82-43db-a33d-eb5577322406 [2026-05-07T21:37:56.546208] Detection of container API version failed; root cause: Could not connect to any host: [ eaff8753-1771-4da6-a1a7-1f979574194f.hna1.prod-us10.hanacloud.ondemand.com:443 -  ] (STDOUT, APP/TASK/deploy)#
#2026 05 07 21:43:24.096#Z#DEBUG#988ff13c-4a5d-11f1-8594-eeee0a955217.Loja-db-deployer#flowable-async-job-executor-thread-13999#
[PollExecuteTaskStatusExecution] 540913b5-ee82-43db-a33d-eb5577322406 [2026-05-07T21:37:56.546210] Detection of HDI version failed; root cause: Could not connect to any host: [ eaff8753-1771-4da6-a1a7-1f979574194f.hna1.prod-us10.hanacloud.ondemand.com:443 -  ] (STDOUT, APP/TASK/deploy)#
#2026 05 07 21:43:24.096#Z#DEBUG#988ff13c-4a5d-11f1-8594-eeee0a955217.Loja-db-deployer#flowable-async-job-executor-thread-13999#
[PollExecuteTaskStatusExecution] 540913b5-ee82-43db-a33d-eb5577322406 [2026-05-07T21:37:56.546698] Deployment ended at 2026-05-07 21:37:56 (STDOUT, APP/TASK/deploy)#
#2026 05 07 21:43:24.096#Z#DEBUG#988ff13c-4a5d-11f1-8594-eeee0a955217.Loja-db-deployer#flowable-async-job-executor-thread-13999#
[PollExecuteTaskStatusExecution] 540913b5-ee82-43db-a33d-eb5577322406 [2026-05-07T21:37:56.546850] Error: Option parameter is not supported by the server; based on detected server version unknown (STDERR, APP/TASK/deploy)#
#2026 05 07 21:43:24.096#Z#DEBUG#988ff13c-4a5d-11f1-8594-eeee0a955217.Loja-db-deployer#flowable-async-job-executor-thread-13999#
[PollExecuteTaskStatusExecution] 540913b5-ee82-43db-a33d-eb5577322406 [2026-05-07T21:37:56.547224] (6s 185ms) (STDOUT, APP/TASK/deploy)#
#2026 05 07 21:43:24.096#Z#DEBUG#988ff13c-4a5d-11f1-8594-eeee0a955217.Loja-db-deployer#flowable-async-job-executor-thread-13999#
[PollExecuteTaskStatusExecution] 540913b5-ee82-43db-a33d-eb5577322406 [2026-05-07T21:37:56.623786] Exit status 1 (STDOUT, APP/TASK/deploy)#
#2026 05 07 21:43:24.096#Z#DEBUG#988ff13c-4a5d-11f1-8594-eeee0a955217.Loja-db-deployer#flowable-async-job-executor-thread-13999#
[PollExecuteTaskStatusExecution] 540913b5-ee82-43db-a33d-eb5577322406 [2026-05-07T21:37:57.394314] Cell 77283d80-dfa7-40ba-ba4e-265aef112085 stopping instance 3b576676-7cc2-4790-8807-210046394e3a (STDOUT, CELL)#
#2026 05 07 21:43:24.096#Z#DEBUG#988ff13c-4a5d-11f1-8594-eeee0a955217.Loja-db-deployer#flowable-async-job-executor-thread-13999#
[PollExecuteTaskStatusExecution] 540913b5-ee82-43db-a33d-eb5577322406 [2026-05-07T21:37:57.394351] Cell 77283d80-dfa7-40ba-ba4e-265aef112085 destroying container for instance 3b576676-7cc2-4790-8807-210046394e3a (STDOUT, CELL)#
#2026 05 07 21:43:24.096#Z#DEBUG#988ff13c-4a5d-11f1-8594-eeee0a955217.Loja-db-deployer#flowable-async-job-executor-thread-13999#
[PollExecuteTaskStatusExecution] 540913b5-ee82-43db-a33d-eb5577322406 [2026-05-07T21:38:02.415875] Cell 77283d80-dfa7-40ba-ba4e-265aef112085 successfully destroyed container for instance 3b576676-7cc2-4790-8807-210046394e3a (STDOUT, CELL)#
#2026 05 07 21:43:24.096#Z#DEBUG#988ff13c-4a5d-11f1-8594-eeee0a955217.Loja-db-deployer#flowable-async-job-executor-thread-13999#
[PollExecuteTaskStatusExecution] 540913b5-ee82-43db-a33d-eb5577322406 [2026-05-07T21:38:04.386050] Cell 684caff8-89cd-492b-be01-b3d0835f1763 creating container for instance 94cfaa08-cc28-4d4c-9e55-48d1b70622f8 (STDOUT, CELL)#
#2026 05 07 21:43:24.096#Z#DEBUG#988ff13c-4a5d-11f1-8594-eeee0a955217.Loja-db-deployer#flowable-async-job-executor-thread-13999#
[PollExecuteTaskStatusExecution] 540913b5-ee82-43db-a33d-eb5577322406 [2026-05-07T21:38:04.932785] Security group rules were updated (STDOUT, CELL)#
#2026 05 07 21:43:24.096#Z#DEBUG#988ff13c-4a5d-11f1-8594-eeee0a955217.Loja-db-deployer#flowable-async-job-executor-thread-13999#
[PollExecuteTaskStatusExecution] 540913b5-ee82-43db-a33d-eb5577322406 [2026-05-07T21:38:05.035152] Cell 684caff8-89cd-492b-be01-b3d0835f1763 successfully created container for instance 94cfaa08-cc28-4d4c-9e55-48d1b70622f8 (STDOUT, CELL)#
#2026 05 07 21:43:24.096#Z#DEBUG#988ff13c-4a5d-11f1-8594-eeee0a955217.Loja-db-deployer#flowable-async-job-executor-thread-13999#
[PollExecuteTaskStatusExecution] 540913b5-ee82-43db-a33d-eb5577322406 [2026-05-07T21:38:08.839006] Invoking pre-start scripts. (STDOUT, APP/TASK/deploy)#
#2026 05 07 21:43:24.096#Z#DEBUG#988ff13c-4a5d-11f1-8594-eeee0a955217.Loja-db-deployer#flowable-async-job-executor-thread-13999#
[PollExecuteTaskStatusExecution] 540913b5-ee82-43db-a33d-eb5577322406 [2026-05-07T21:38:08.993332] Invoking start command. (STDOUT, APP/TASK/deploy)#
#2026 05 07 21:43:24.096#Z#DEBUG#988ff13c-4a5d-11f1-8594-eeee0a955217.Loja-db-deployer#flowable-async-job-executor-thread-13999#
[PollExecuteTaskStatusExecution] 540913b5-ee82-43db-a33d-eb5577322406 [2026-05-07T21:38:09.332303] > start (STDOUT, APP/TASK/deploy)#
#2026 05 07 21:43:24.096#Z#DEBUG#988ff13c-4a5d-11f1-8594-eeee0a955217.Loja-db-deployer#flowable-async-job-executor-thread-13999#
[PollExecuteTaskStatusExecution] 540913b5-ee82-43db-a33d-eb5577322406 [2026-05-07T21:38:09.332328] > node node_modules/@sap/hdi-deploy/deploy.js --use-hdb --parameter com.sap.hana.di.table/try_fast_table_migration=true (STDOUT, APP/TASK/deploy)#
#2026 05 07 21:43:24.096#Z#DEBUG#988ff13c-4a5d-11f1-8594-eeee0a955217.Loja-db-deployer#flowable-async-job-executor-thread-13999#
[PollExecuteTaskStatusExecution] 540913b5-ee82-43db-a33d-eb5577322406 [2026-05-07T21:38:09.445942] VCAP_SERVICES: (STDOUT, APP/TASK/deploy)#
#2026 05 07 21:43:24.096#Z#DEBUG#988ff13c-4a5d-11f1-8594-eeee0a955217.Loja-db-deployer#flowable-async-job-executor-thread-13999#
[PollExecuteTaskStatusExecution] 540913b5-ee82-43db-a33d-eb5577322406 [2026-05-07T21:38:09.446130] { (STDOUT, APP/TASK/deploy)#
#2026 05 07 21:43:24.096#Z#DEBUG#988ff13c-4a5d-11f1-8594-eeee0a955217.Loja-db-deployer#flowable-async-job-executor-thread-13999#
[PollExecuteTaskStatusExecution] 540913b5-ee82-43db-a33d-eb5577322406 [2026-05-07T21:38:09.446141] "hana": [ (STDOUT, APP/TASK/deploy)#
#2026 05 07 21:43:24.096#Z#DEBUG#988ff13c-4a5d-11f1-8594-eeee0a955217.Loja-db-deployer#flowable-async-job-executor-thread-13999#
[PollExecuteTaskStatusExecution] 540913b5-ee82-43db-a33d-eb5577322406 [2026-05-07T21:38:09.446144] { (STDOUT, APP/TASK/deploy)#
#2026 05 07 21:43:24.096#Z#DEBUG#988ff13c-4a5d-11f1-8594-eeee0a955217.Loja-db-deployer#flowable-async-job-executor-thread-13999#
[PollExecuteTaskStatusExecution] 540913b5-ee82-43db-a33d-eb5577322406 [2026-05-07T21:38:09.446147] "name": "Loja-db", (STDOUT, APP/TASK/deploy)#
#2026 05 07 21:43:24.096#Z#DEBUG#988ff13c-4a5d-11f1-8594-eeee0a955217.Loja-db-deployer#flowable-async-job-executor-thread-13999#
[PollExecuteTaskStatusExecution] 540913b5-ee82-43db-a33d-eb5577322406 [2026-05-07T21:38:09.446148] "label": "hana", (STDOUT, APP/TASK/deploy)#
#2026 05 07 21:43:24.096#Z#DEBUG#988ff13c-4a5d-11f1-8594-eeee0a955217.Loja-db-deployer#flowable-async-job-executor-thread-13999#
[PollExecuteTaskStatusExecution] 540913b5-ee82-43db-a33d-eb5577322406 [2026-05-07T21:38:09.446151] "plan": "hdi-shared", (STDOUT, APP/TASK/deploy)#
#2026 05 07 21:43:24.096#Z#DEBUG#988ff13c-4a5d-11f1-8594-eeee0a955217.Loja-db-deployer#flowable-async-job-executor-thread-13999#
[PollExecuteTaskStatusExecution] 540913b5-ee82-43db-a33d-eb5577322406 [2026-05-07T21:38:09.446152] "credentials": { (STDOUT, APP/TASK/deploy)#
#2026 05 07 21:43:24.096#Z#DEBUG#988ff13c-4a5d-11f1-8594-eeee0a955217.Loja-db-deployer#flowable-async-job-executor-thread-13999#
[PollExecuteTaskStatusExecution] 540913b5-ee82-43db-a33d-eb5577322406 [2026-05-07T21:38:09.446155] "schema": "0BDA3929606647C1BC458C01854A3A3F", (STDOUT, APP/TASK/deploy)#
#2026 05 07 21:43:24.096#Z#DEBUG#988ff13c-4a5d-11f1-8594-eeee0a955217.Loja-db-deployer#flowable-async-job-executor-thread-13999#
[PollExecuteTaskStatusExecution] 540913b5-ee82-43db-a33d-eb5577322406 [2026-05-07T21:38:09.446156] "database_id": "eaff8753-1771-4da6-a1a7-1f979574194f", (STDOUT, APP/TASK/deploy)#
#2026 05 07 21:43:24.096#Z#DEBUG#988ff13c-4a5d-11f1-8594-eeee0a955217.Loja-db-deployer#flowable-async-job-executor-thread-13999#
[PollExecuteTaskStatusExecution] 540913b5-ee82-43db-a33d-eb5577322406 [2026-05-07T21:38:09.446159] "user": "0BDA3929606647C1BC458C01854A3A3F_6AQN1HUN77CIGLZYWTAQVCC3Z_RT", (STDOUT, APP/TASK/deploy)#
#2026 05 07 21:43:24.096#Z#DEBUG#988ff13c-4a5d-11f1-8594-eeee0a955217.Loja-db-deployer#flowable-async-job-executor-thread-13999#
[PollExecuteTaskStatusExecution] 540913b5-ee82-43db-a33d-eb5577322406 [2026-05-07T21:38:09.446161] "hdi_user": "0BDA3929606647C1BC458C01854A3A3F_6AQN1HUN77CIGLZYWTAQVCC3Z_DT" (STDOUT, APP/TASK/deploy)#
#2026 05 07 21:43:24.096#Z#DEBUG#988ff13c-4a5d-11f1-8594-eeee0a955217.Loja-db-deployer#flowable-async-job-executor-thread-13999#
[PollExecuteTaskStatusExecution] 540913b5-ee82-43db-a33d-eb5577322406 [2026-05-07T21:38:09.446162] }, (STDOUT, APP/TASK/deploy)#
#2026 05 07 21:43:24.096#Z#DEBUG#988ff13c-4a5d-11f1-8594-eeee0a955217.Loja-db-deployer#flowable-async-job-executor-thread-13999#
[PollExecuteTaskStatusExecution] 540913b5-ee82-43db-a33d-eb5577322406 [2026-05-07T21:38:09.446167] "tags": [ (STDOUT, APP/TASK/deploy)#
#2026 05 07 21:43:24.096#Z#DEBUG#988ff13c-4a5d-11f1-8594-eeee0a955217.Loja-db-deployer#flowable-async-job-executor-thread-13999#
[PollExecuteTaskStatusExecution] 540913b5-ee82-43db-a33d-eb5577322406 [2026-05-07T21:38:09.446168] "hana", (STDOUT, APP/TASK/deploy)#
#2026 05 07 21:43:24.096#Z#DEBUG#988ff13c-4a5d-11f1-8594-eeee0a955217.Loja-db-deployer#flowable-async-job-executor-thread-13999#
[PollExecuteTaskStatusExecution] 540913b5-ee82-43db-a33d-eb5577322406 [2026-05-07T21:38:09.446171] "database", (STDOUT, APP/TASK/deploy)#
#2026 05 07 21:43:24.096#Z#DEBUG#988ff13c-4a5d-11f1-8594-eeee0a955217.Loja-db-deployer#flowable-async-job-executor-thread-13999#
[PollExecuteTaskStatusExecution] 540913b5-ee82-43db-a33d-eb5577322406 [2026-05-07T21:38:09.446175] "relational" (STDOUT, APP/TASK/deploy)#
#2026 05 07 21:43:24.096#Z#DEBUG#988ff13c-4a5d-11f1-8594-eeee0a955217.Loja-db-deployer#flowable-async-job-executor-thread-13999#
[PollExecuteTaskStatusExecution] 540913b5-ee82-43db-a33d-eb5577322406 [2026-05-07T21:38:09.446176] ] (STDOUT, APP/TASK/deploy)#
#2026 05 07 21:43:24.096#Z#DEBUG#988ff13c-4a5d-11f1-8594-eeee0a955217.Loja-db-deployer#flowable-async-job-executor-thread-13999#
[PollExecuteTaskStatusExecution] 540913b5-ee82-43db-a33d-eb5577322406 [2026-05-07T21:38:09.446179] } (STDOUT, APP/TASK/deploy)#
#2026 05 07 21:43:24.096#Z#DEBUG#988ff13c-4a5d-11f1-8594-eeee0a955217.Loja-db-deployer#flowable-async-job-executor-thread-13999#
[PollExecuteTaskStatusExecution] 540913b5-ee82-43db-a33d-eb5577322406 [2026-05-07T21:38:09.446187] ] (STDOUT, APP/TASK/deploy)#
#2026 05 07 21:43:24.096#Z#DEBUG#988ff13c-4a5d-11f1-8594-eeee0a955217.Loja-db-deployer#flowable-async-job-executor-thread-13999#
[PollExecuteTaskStatusExecution] 540913b5-ee82-43db-a33d-eb5577322406 [2026-05-07T21:38:09.446190] } (STDOUT, APP/TASK/deploy)#
#2026 05 07 21:43:24.096#Z#DEBUG#988ff13c-4a5d-11f1-8594-eeee0a955217.Loja-db-deployer#flowable-async-job-executor-thread-13999#
[PollExecuteTaskStatusExecution] 540913b5-ee82-43db-a33d-eb5577322406 [2026-05-07T21:38:15.546456] @sap/hdi-deploy, version 5.6.1 (mode default), server version unknown (0.0.0.0), cloud version , node version 24.13.0, HDI version -1, container API version -1 (STDOUT, APP/TASK/deploy)#
#2026 05 07 21:43:24.096#Z#DEBUG#988ff13c-4a5d-11f1-8594-eeee0a955217.Loja-db-deployer#flowable-async-job-executor-thread-13999#
[PollExecuteTaskStatusExecution] 540913b5-ee82-43db-a33d-eb5577322406 [2026-05-07T21:38:15.546753] Deployment started at 2026-05-07 21:38:15 (STDOUT, APP/TASK/deploy)#
#2026 05 07 21:43:24.096#Z#DEBUG#988ff13c-4a5d-11f1-8594-eeee0a955217.Loja-db-deployer#flowable-async-job-executor-thread-13999#
[PollExecuteTaskStatusExecution] 540913b5-ee82-43db-a33d-eb5577322406 [2026-05-07T21:38:15.546958] Using hdb@2.27.1 for connection (STDOUT, APP/TASK/deploy)#
#2026 05 07 21:43:24.096#Z#DEBUG#988ff13c-4a5d-11f1-8594-eeee0a955217.Loja-db-deployer#flowable-async-job-executor-thread-13999#
[PollExecuteTaskStatusExecution] 540913b5-ee82-43db-a33d-eb5577322406 [2026-05-07T21:38:15.546978] Detection of server version failed; root cause: Could not connect to any host: [ eaff8753-1771-4da6-a1a7-1f979574194f.hna1.prod-us10.hanacloud.ondemand.com:443 -  ] (STDOUT, APP/TASK/deploy)#
#2026 05 07 21:43:24.096#Z#DEBUG#988ff13c-4a5d-11f1-8594-eeee0a955217.Loja-db-deployer#flowable-async-job-executor-thread-13999#
[PollExecuteTaskStatusExecution] 540913b5-ee82-43db-a33d-eb5577322406 [2026-05-07T21:38:15.546982] Detection of cloud version failed; root cause: Could not connect to any host: [ eaff8753-1771-4da6-a1a7-1f979574194f.hna1.prod-us10.hanacloud.ondemand.com:443 -  ] (STDOUT, APP/TASK/deploy)#
#2026 05 07 21:43:24.096#Z#DEBUG#988ff13c-4a5d-11f1-8594-eeee0a955217.Loja-db-deployer#flowable-async-job-executor-thread-13999#
[PollExecuteTaskStatusExecution] 540913b5-ee82-43db-a33d-eb5577322406 [2026-05-07T21:38:15.546984] Detection of container API version failed; root cause: Could not connect to any host: [ eaff8753-1771-4da6-a1a7-1f979574194f.hna1.prod-us10.hanacloud.ondemand.com:443 -  ] (STDOUT, APP/TASK/deploy)#
#2026 05 07 21:43:24.096#Z#DEBUG#988ff13c-4a5d-11f1-8594-eeee0a955217.Loja-db-deployer#flowable-async-job-executor-thread-13999#
[PollExecuteTaskStatusExecution] 540913b5-ee82-43db-a33d-eb5577322406 [2026-05-07T21:38:15.547004] Detection of HDI version failed; root cause: Could not connect to any host: [ eaff8753-1771-4da6-a1a7-1f979574194f.hna1.prod-us10.hanacloud.ondemand.com:443 -  ] (STDOUT, APP/TASK/deploy)#
#2026 05 07 21:43:24.096#Z#DEBUG#988ff13c-4a5d-11f1-8594-eeee0a955217.Loja-db-deployer#flowable-async-job-executor-thread-13999#
[PollExecuteTaskStatusExecution] 540913b5-ee82-43db-a33d-eb5577322406 [2026-05-07T21:38:15.547368] Deployment ended at 2026-05-07 21:38:15 (STDOUT, APP/TASK/deploy)#
#2026 05 07 21:43:24.096#Z#DEBUG#988ff13c-4a5d-11f1-8594-eeee0a955217.Loja-db-deployer#flowable-async-job-executor-thread-13999#
[PollExecuteTaskStatusExecution] 540913b5-ee82-43db-a33d-eb5577322406 [2026-05-07T21:38:15.547594] Error: Option parameter is not supported by the server; based on detected server version unknown (STDERR, APP/TASK/deploy)#
#2026 05 07 21:43:24.096#Z#DEBUG#988ff13c-4a5d-11f1-8594-eeee0a955217.Loja-db-deployer#flowable-async-job-executor-thread-13999#
[PollExecuteTaskStatusExecution] 540913b5-ee82-43db-a33d-eb5577322406 [2026-05-07T21:38:15.547896] (6s 183ms) (STDOUT, APP/TASK/deploy)#
#2026 05 07 21:43:24.096#Z#DEBUG#988ff13c-4a5d-11f1-8594-eeee0a955217.Loja-db-deployer#flowable-async-job-executor-thread-13999#
[PollExecuteTaskStatusExecution] 540913b5-ee82-43db-a33d-eb5577322406 [2026-05-07T21:38:15.623018] Exit status 1 (STDOUT, APP/TASK/deploy)#
#2026 05 07 21:43:24.096#Z#DEBUG#988ff13c-4a5d-11f1-8594-eeee0a955217.Loja-db-deployer#flowable-async-job-executor-thread-13999#
[PollExecuteTaskStatusExecution] 540913b5-ee82-43db-a33d-eb5577322406 [2026-05-07T21:38:16.129099] Cell 684caff8-89cd-492b-be01-b3d0835f1763 stopping instance 94cfaa08-cc28-4d4c-9e55-48d1b70622f8 (STDOUT, CELL)#
#2026 05 07 21:43:24.096#Z#DEBUG#988ff13c-4a5d-11f1-8594-eeee0a955217.Loja-db-deployer#flowable-async-job-executor-thread-13999#
[PollExecuteTaskStatusExecution] 540913b5-ee82-43db-a33d-eb5577322406 [2026-05-07T21:38:16.129142] Cell 684caff8-89cd-492b-be01-b3d0835f1763 destroying container for instance 94cfaa08-cc28-4d4c-9e55-48d1b70622f8 (STDOUT, CELL)#
#2026 05 07 21:43:24.096#Z#DEBUG#988ff13c-4a5d-11f1-8594-eeee0a955217.Loja-db-deployer#flowable-async-job-executor-thread-13999#
[PollExecuteTaskStatusExecution] 540913b5-ee82-43db-a33d-eb5577322406 [2026-05-07T21:38:18.880661] Cell 684caff8-89cd-492b-be01-b3d0835f1763 successfully destroyed container for instance 94cfaa08-cc28-4d4c-9e55-48d1b70622f8 (STDOUT, CELL)#
#2026 05 07 21:43:24.096#Z#DEBUG#988ff13c-4a5d-11f1-8594-eeee0a955217.Loja-db-deployer#flowable-async-job-executor-thread-13999#
[PollExecuteTaskStatusExecution] 540913b5-ee82-43db-a33d-eb5577322406 [2026-05-07T21:42:24.360788] Updated app with guid 540913b5-ee82-43db-a33d-eb5577322406 ({"lifecycle"=>{"data"=>{"buildpacks"=>["nodejs_buildpack"]}, "type"=>"buildpack"}}) (STDOUT, API)#
#2026 05 07 21:43:24.096#Z#DEBUG#988ff13c-4a5d-11f1-8594-eeee0a955217.Loja-db-deployer#flowable-async-job-executor-thread-13999#
[PollExecuteTaskStatusExecution] 540913b5-ee82-43db-a33d-eb5577322406 [2026-05-07T21:42:24.438347] Updating process: "web" (STDOUT, API)#
#2026 05 07 21:43:24.096#Z#DEBUG#988ff13c-4a5d-11f1-8594-eeee0a955217.Loja-db-deployer#flowable-async-job-executor-thread-13999#
[PollExecuteTaskStatusExecution] 540913b5-ee82-43db-a33d-eb5577322406 [2026-05-07T21:42:33.939888] Uploading app package for app with guid 540913b5-ee82-43db-a33d-eb5577322406 (STDOUT, API)#
#2026 05 07 21:43:24.096#Z#DEBUG#988ff13c-4a5d-11f1-8594-eeee0a955217.Loja-db-deployer#flowable-async-job-executor-thread-13999#
[PollExecuteTaskStatusExecution] 540913b5-ee82-43db-a33d-eb5577322406 [2026-05-07T21:42:34.129272] Updated app with guid 540913b5-ee82-43db-a33d-eb5577322406 ({"environment_variables"=>"[PRIVATE DATA HIDDEN]"}) (STDOUT, API)#
#2026 05 07 21:43:24.096#Z#DEBUG#988ff13c-4a5d-11f1-8594-eeee0a955217.Loja-db-deployer#flowable-async-job-executor-thread-13999#
[PollExecuteTaskStatusExecution] 540913b5-ee82-43db-a33d-eb5577322406 [2026-05-07T21:42:44.011907] Creating build for app with guid 540913b5-ee82-43db-a33d-eb5577322406 (STDOUT, API)#
#2026 05 07 21:43:24.096#Z#DEBUG#988ff13c-4a5d-11f1-8594-eeee0a955217.Loja-db-deployer#flowable-async-job-executor-thread-13999#
[PollExecuteTaskStatusExecution] 540913b5-ee82-43db-a33d-eb5577322406 [2026-05-07T21:42:44.407550] Downloading nodejs_buildpack... (STDOUT, STG)#
#2026 05 07 21:43:24.096#Z#DEBUG#988ff13c-4a5d-11f1-8594-eeee0a955217.Loja-db-deployer#flowable-async-job-executor-thread-13999#
[PollExecuteTaskStatusExecution] 540913b5-ee82-43db-a33d-eb5577322406 [2026-05-07T21:42:44.455555] Downloaded nodejs_buildpack (STDOUT, STG)#
#2026 05 07 21:43:24.096#Z#DEBUG#988ff13c-4a5d-11f1-8594-eeee0a955217.Loja-db-deployer#flowable-async-job-executor-thread-13999#
[PollExecuteTaskStatusExecution] 540913b5-ee82-43db-a33d-eb5577322406 [2026-05-07T21:42:44.455627] Cell 684caff8-89cd-492b-be01-b3d0835f1763 creating container for instance ab616911-8d10-48c3-9909-e553391d3ef8 (STDOUT, STG)#
#2026 05 07 21:43:24.096#Z#DEBUG#988ff13c-4a5d-11f1-8594-eeee0a955217.Loja-db-deployer#flowable-async-job-executor-thread-13999#
[PollExecuteTaskStatusExecution] 540913b5-ee82-43db-a33d-eb5577322406 [2026-05-07T21:42:44.984405] Security group rules were updated (STDOUT, STG)#
#2026 05 07 21:43:24.096#Z#DEBUG#988ff13c-4a5d-11f1-8594-eeee0a955217.Loja-db-deployer#flowable-async-job-executor-thread-13999#
[PollExecuteTaskStatusExecution] 540913b5-ee82-43db-a33d-eb5577322406 [2026-05-07T21:42:45.043716] Cell 684caff8-89cd-492b-be01-b3d0835f1763 successfully created container for instance ab616911-8d10-48c3-9909-e553391d3ef8 (STDOUT, STG)#
#2026 05 07 21:43:24.096#Z#DEBUG#988ff13c-4a5d-11f1-8594-eeee0a955217.Loja-db-deployer#flowable-async-job-executor-thread-13999#
[PollExecuteTaskStatusExecution] 540913b5-ee82-43db-a33d-eb5577322406 [2026-05-07T21:42:45.856508] Downloading app package... (STDOUT, STG)#
#2026 05 07 21:43:24.096#Z#DEBUG#988ff13c-4a5d-11f1-8594-eeee0a955217.Loja-db-deployer#flowable-async-job-executor-thread-13999#
[PollExecuteTaskStatusExecution] 540913b5-ee82-43db-a33d-eb5577322406 [2026-05-07T21:42:45.856553] Downloading build artifacts cache... (STDOUT, STG)#
#2026 05 07 21:43:24.096#Z#DEBUG#988ff13c-4a5d-11f1-8594-eeee0a955217.Loja-db-deployer#flowable-async-job-executor-thread-13999#
[PollExecuteTaskStatusExecution] 540913b5-ee82-43db-a33d-eb5577322406 [2026-05-07T21:42:45.925847] Downloaded build artifacts cache (217B) (STDOUT, STG)#
#2026 05 07 21:43:24.096#Z#DEBUG#988ff13c-4a5d-11f1-8594-eeee0a955217.Loja-db-deployer#flowable-async-job-executor-thread-13999#
[PollExecuteTaskStatusExecution] 540913b5-ee82-43db-a33d-eb5577322406 [2026-05-07T21:42:46.148555] Downloaded app package (2.3M) (STDOUT, STG)#
#2026 05 07 21:43:24.096#Z#DEBUG#988ff13c-4a5d-11f1-8594-eeee0a955217.Loja-db-deployer#flowable-async-job-executor-thread-13999#
[PollExecuteTaskStatusExecution] 540913b5-ee82-43db-a33d-eb5577322406 [2026-05-07T21:42:46.227770] -----> Nodejs Buildpack version 1.8.44 (STDOUT, STG)#
#2026 05 07 21:43:24.096#Z#DEBUG#988ff13c-4a5d-11f1-8594-eeee0a955217.Loja-db-deployer#flowable-async-job-executor-thread-13999#
[PollExecuteTaskStatusExecution] 540913b5-ee82-43db-a33d-eb5577322406 [2026-05-07T21:42:46.339006] -----> Bootstrapping python (STDOUT, STG)#
#2026 05 07 21:43:24.096#Z#DEBUG#988ff13c-4a5d-11f1-8594-eeee0a955217.Loja-db-deployer#flowable-async-job-executor-thread-13999#
[PollExecuteTaskStatusExecution] 540913b5-ee82-43db-a33d-eb5577322406 [2026-05-07T21:42:46.339028] -----> Installing python 3.11.14 (STDOUT, STG)#
#2026 05 07 21:43:24.096#Z#DEBUG#988ff13c-4a5d-11f1-8594-eeee0a955217.Loja-db-deployer#flowable-async-job-executor-thread-13999#
[PollExecuteTaskStatusExecution] 540913b5-ee82-43db-a33d-eb5577322406 [2026-05-07T21:42:46.339071] Copy [/tmp/buildpacks/978cee5ec9c58000/dependencies/b5e0345ae0ae1932e7d56fffaa49a487/python_3.11.14_linux_x64_cflinuxfs4_66f53248.tgz] (STDOUT, STG)#
#2026 05 07 21:43:24.096#Z#DEBUG#988ff13c-4a5d-11f1-8594-eeee0a955217.Loja-db-deployer#flowable-async-job-executor-thread-13999#
[PollExecuteTaskStatusExecution] 540913b5-ee82-43db-a33d-eb5577322406 [2026-05-07T21:42:49.600355] -----> Installing binaries (STDOUT, STG)#
#2026 05 07 21:43:24.096#Z#DEBUG#988ff13c-4a5d-11f1-8594-eeee0a955217.Loja-db-deployer#flowable-async-job-executor-thread-13999#
[PollExecuteTaskStatusExecution] 540913b5-ee82-43db-a33d-eb5577322406 [2026-05-07T21:42:49.600415] engines.node (package.json): >=18 (STDOUT, STG)#
#2026 05 07 21:43:24.096#Z#DEBUG#988ff13c-4a5d-11f1-8594-eeee0a955217.Loja-db-deployer#flowable-async-job-executor-thread-13999#
[PollExecuteTaskStatusExecution] 540913b5-ee82-43db-a33d-eb5577322406 [2026-05-07T21:42:49.600430] engines.npm (package.json): unspecified (use default) (STDOUT, STG)#
#2026 05 07 21:43:24.096#Z#DEBUG#988ff13c-4a5d-11f1-8594-eeee0a955217.Loja-db-deployer#flowable-async-job-executor-thread-13999#
[PollExecuteTaskStatusExecution] 540913b5-ee82-43db-a33d-eb5577322406 [2026-05-07T21:42:49.600501] [31;1m**WARNING**[0m Dangerous semver range (>) in engines.node. See: http://docs.cloudfoundry.org/buildpacks/node/node-tips.html (STDOUT, STG)#
#2026 05 07 21:43:24.096#Z#DEBUG#988ff13c-4a5d-11f1-8594-eeee0a955217.Loja-db-deployer#flowable-async-job-executor-thread-13999#
[PollExecuteTaskStatusExecution] 540913b5-ee82-43db-a33d-eb5577322406 [2026-05-07T21:42:49.600539] -----> Installing node 24.13.0 (STDOUT, STG)#
#2026 05 07 21:43:24.096#Z#DEBUG#988ff13c-4a5d-11f1-8594-eeee0a955217.Loja-db-deployer#flowable-async-job-executor-thread-13999#
[PollExecuteTaskStatusExecution] 540913b5-ee82-43db-a33d-eb5577322406 [2026-05-07T21:42:49.600711] Copy [/tmp/buildpacks/978cee5ec9c58000/dependencies/2f5692219fecc3eee6e6d507a6bfe7b9/node_24.13.0_linux_x64_cflinuxfs4_a816dee1.tgz] (STDOUT, STG)#
#2026 05 07 21:43:24.096#Z#DEBUG#988ff13c-4a5d-11f1-8594-eeee0a955217.Loja-db-deployer#flowable-async-job-executor-thread-13999#
[PollExecuteTaskStatusExecution] 540913b5-ee82-43db-a33d-eb5577322406 [2026-05-07T21:42:51.623071] Using default npm version: 11.6.2 (STDOUT, STG)#
#2026 05 07 21:43:24.096#Z#DEBUG#988ff13c-4a5d-11f1-8594-eeee0a955217.Loja-db-deployer#flowable-async-job-executor-thread-13999#
[PollExecuteTaskStatusExecution] 540913b5-ee82-43db-a33d-eb5577322406 [2026-05-07T21:42:51.623100] -----> Installing yarn 1.22.22 (STDOUT, STG)#
#2026 05 07 21:43:24.096#Z#DEBUG#988ff13c-4a5d-11f1-8594-eeee0a955217.Loja-db-deployer#flowable-async-job-executor-thread-13999#
[PollExecuteTaskStatusExecution] 540913b5-ee82-43db-a33d-eb5577322406 [2026-05-07T21:42:51.623105] Copy [/tmp/buildpacks/978cee5ec9c58000/dependencies/e3a39aedd1236924d69cc2d0637a8ed2/yarn_1.22.22_linux_noarch_any-stack_4911d0a6.tgz] (STDOUT, STG)#
#2026 05 07 21:43:24.096#Z#DEBUG#988ff13c-4a5d-11f1-8594-eeee0a955217.Loja-db-deployer#flowable-async-job-executor-thread-13999#
[PollExecuteTaskStatusExecution] 540913b5-ee82-43db-a33d-eb5577322406 [2026-05-07T21:42:51.900039] Installed yarn 1.22.22 (STDOUT, STG)#
#2026 05 07 21:43:24.096#Z#DEBUG#988ff13c-4a5d-11f1-8594-eeee0a955217.Loja-db-deployer#flowable-async-job-executor-thread-13999#
[PollExecuteTaskStatusExecution] 540913b5-ee82-43db-a33d-eb5577322406 [2026-05-07T21:42:51.900054] -----> Creating runtime environment (STDOUT, STG)#
#2026 05 07 21:43:24.096#Z#DEBUG#988ff13c-4a5d-11f1-8594-eeee0a955217.Loja-db-deployer#flowable-async-job-executor-thread-13999#
[PollExecuteTaskStatusExecution] 540913b5-ee82-43db-a33d-eb5577322406 [2026-05-07T21:42:51.902096] NODE_ENV=production (STDOUT, STG)#
#2026 05 07 21:43:24.096#Z#DEBUG#988ff13c-4a5d-11f1-8594-eeee0a955217.Loja-db-deployer#flowable-async-job-executor-thread-13999#
[PollExecuteTaskStatusExecution] 540913b5-ee82-43db-a33d-eb5577322406 [2026-05-07T21:42:51.902113] NODE_HOME=/tmp/contents4074948995/deps/0/node (STDOUT, STG)#
#2026 05 07 21:43:24.096#Z#DEBUG#988ff13c-4a5d-11f1-8594-eeee0a955217.Loja-db-deployer#flowable-async-job-executor-thread-13999#
[PollExecuteTaskStatusExecution] 540913b5-ee82-43db-a33d-eb5577322406 [2026-05-07T21:42:51.902115] NODE_MODULES_CACHE=true (STDOUT, STG)#
#2026 05 07 21:43:24.096#Z#DEBUG#988ff13c-4a5d-11f1-8594-eeee0a955217.Loja-db-deployer#flowable-async-job-executor-thread-13999#
[PollExecuteTaskStatusExecution] 540913b5-ee82-43db-a33d-eb5577322406 [2026-05-07T21:42:51.902117] NODE_VERBOSE=false (STDOUT, STG)#
#2026 05 07 21:43:24.096#Z#DEBUG#988ff13c-4a5d-11f1-8594-eeee0a955217.Loja-db-deployer#flowable-async-job-executor-thread-13999#
[PollExecuteTaskStatusExecution] 540913b5-ee82-43db-a33d-eb5577322406 [2026-05-07T21:42:51.902119] NPM_CONFIG_LOGLEVEL=error (STDOUT, STG)#
#2026 05 07 21:43:24.096#Z#DEBUG#988ff13c-4a5d-11f1-8594-eeee0a955217.Loja-db-deployer#flowable-async-job-executor-thread-13999#
[PollExecuteTaskStatusExecution] 540913b5-ee82-43db-a33d-eb5577322406 [2026-05-07T21:42:51.902121] NPM_CONFIG_PRODUCTION=true (STDOUT, STG)#
#2026 05 07 21:43:24.096#Z#DEBUG#988ff13c-4a5d-11f1-8594-eeee0a955217.Loja-db-deployer#flowable-async-job-executor-thread-13999#
[PollExecuteTaskStatusExecution] 540913b5-ee82-43db-a33d-eb5577322406 [2026-05-07T21:42:51.902123] -----> Building dependencies (STDOUT, STG)#
#2026 05 07 21:43:24.096#Z#DEBUG#988ff13c-4a5d-11f1-8594-eeee0a955217.Loja-db-deployer#flowable-async-job-executor-thread-13999#
[PollExecuteTaskStatusExecution] 540913b5-ee82-43db-a33d-eb5577322406 [2026-05-07T21:42:51.902127] Prebuild detected (node_modules already exists) (STDOUT, STG)#
#2026 05 07 21:43:24.096#Z#DEBUG#988ff13c-4a5d-11f1-8594-eeee0a955217.Loja-db-deployer#flowable-async-job-executor-thread-13999#
[PollExecuteTaskStatusExecution] 540913b5-ee82-43db-a33d-eb5577322406 [2026-05-07T21:42:51.902130] Rebuilding any native modules (STDOUT, STG)#
#2026 05 07 21:43:24.096#Z#DEBUG#988ff13c-4a5d-11f1-8594-eeee0a955217.Loja-db-deployer#flowable-async-job-executor-thread-13999#
[PollExecuteTaskStatusExecution] 540913b5-ee82-43db-a33d-eb5577322406 [2026-05-07T21:42:52.350107] rebuilt dependencies successfully (STDOUT, STG)#
#2026 05 07 21:43:24.096#Z#DEBUG#988ff13c-4a5d-11f1-8594-eeee0a955217.Loja-db-deployer#flowable-async-job-executor-thread-13999#
[PollExecuteTaskStatusExecution] 540913b5-ee82-43db-a33d-eb5577322406 [2026-05-07T21:42:52.412620] Installing any new modules (package.json + package-lock.json) (STDOUT, STG)#
#2026 05 07 21:43:24.096#Z#DEBUG#988ff13c-4a5d-11f1-8594-eeee0a955217.Loja-db-deployer#flowable-async-job-executor-thread-13999#
[PollExecuteTaskStatusExecution] 540913b5-ee82-43db-a33d-eb5577322406 [2026-05-07T21:42:52.809942] up to date in 330ms (STDOUT, STG)#
#2026 05 07 21:43:24.096#Z#DEBUG#988ff13c-4a5d-11f1-8594-eeee0a955217.Loja-db-deployer#flowable-async-job-executor-thread-13999#
[PollExecuteTaskStatusExecution] 540913b5-ee82-43db-a33d-eb5577322406 [2026-05-07T21:42:52.810488] 4 packages are looking for funding (STDOUT, STG)#
#2026 05 07 21:43:24.096#Z#DEBUG#988ff13c-4a5d-11f1-8594-eeee0a955217.Loja-db-deployer#flowable-async-job-executor-thread-13999#
[PollExecuteTaskStatusExecution] 540913b5-ee82-43db-a33d-eb5577322406 [2026-05-07T21:42:52.810592] run `npm fund` for details (STDOUT, STG)#
#2026 05 07 21:43:24.096#Z#DEBUG#988ff13c-4a5d-11f1-8594-eeee0a955217.Loja-db-deployer#flowable-async-job-executor-thread-13999#
[PollExecuteTaskStatusExecution] 540913b5-ee82-43db-a33d-eb5577322406 [2026-05-07T21:42:53.352073] Contrast Security no credentials found. Will not write environment files. (STDOUT, STG)#
#2026 05 07 21:43:24.096#Z#DEBUG#988ff13c-4a5d-11f1-8594-eeee0a955217.Loja-db-deployer#flowable-async-job-executor-thread-13999#
[PollExecuteTaskStatusExecution] 540913b5-ee82-43db-a33d-eb5577322406 [2026-05-07T21:43:01.097112] Exit status 0 (STDOUT, STG)#
#2026 05 07 21:43:24.096#Z#DEBUG#988ff13c-4a5d-11f1-8594-eeee0a955217.Loja-db-deployer#flowable-async-job-executor-thread-13999#
[PollExecuteTaskStatusExecution] 540913b5-ee82-43db-a33d-eb5577322406 [2026-05-07T21:43:01.097162] Uploading droplet, build artifacts cache... (STDOUT, STG)#
#2026 05 07 21:43:24.096#Z#DEBUG#988ff13c-4a5d-11f1-8594-eeee0a955217.Loja-db-deployer#flowable-async-job-executor-thread-13999#
[PollExecuteTaskStatusExecution] 540913b5-ee82-43db-a33d-eb5577322406 [2026-05-07T21:43:01.097191] Uploading droplet... (STDOUT, STG)#
#2026 05 07 21:43:24.096#Z#DEBUG#988ff13c-4a5d-11f1-8594-eeee0a955217.Loja-db-deployer#flowable-async-job-executor-thread-13999#
[PollExecuteTaskStatusExecution] 540913b5-ee82-43db-a33d-eb5577322406 [2026-05-07T21:43:01.097248] Uploading build artifacts cache... (STDOUT, STG)#
#2026 05 07 21:43:24.096#Z#DEBUG#988ff13c-4a5d-11f1-8594-eeee0a955217.Loja-db-deployer#flowable-async-job-executor-thread-13999#
[PollExecuteTaskStatusExecution] 540913b5-ee82-43db-a33d-eb5577322406 [2026-05-07T21:43:01.113921] Uploaded build artifacts cache (226B) (STDOUT, STG)#
#2026 05 07 21:43:24.096#Z#DEBUG#988ff13c-4a5d-11f1-8594-eeee0a955217.Loja-db-deployer#flowable-async-job-executor-thread-13999#
[PollExecuteTaskStatusExecution] 540913b5-ee82-43db-a33d-eb5577322406 [2026-05-07T21:43:01.694405] Creating droplet for app with guid 540913b5-ee82-43db-a33d-eb5577322406 (STDOUT, API)#
#2026 05 07 21:43:24.096#Z#DEBUG#988ff13c-4a5d-11f1-8594-eeee0a955217.Loja-db-deployer#flowable-async-job-executor-thread-13999#
[PollExecuteTaskStatusExecution] 540913b5-ee82-43db-a33d-eb5577322406 [2026-05-07T21:43:06.759732] Uploaded droplet (58.4M) (STDOUT, STG)#
#2026 05 07 21:43:24.096#Z#DEBUG#988ff13c-4a5d-11f1-8594-eeee0a955217.Loja-db-deployer#flowable-async-job-executor-thread-13999#
[PollExecuteTaskStatusExecution] 540913b5-ee82-43db-a33d-eb5577322406 [2026-05-07T21:43:06.776895] Uploading complete (STDOUT, STG)#
#2026 05 07 21:43:24.096#Z#DEBUG#988ff13c-4a5d-11f1-8594-eeee0a955217.Loja-db-deployer#flowable-async-job-executor-thread-13999#
[PollExecuteTaskStatusExecution] 540913b5-ee82-43db-a33d-eb5577322406 [2026-05-07T21:43:07.191354] Cell 684caff8-89cd-492b-be01-b3d0835f1763 stopping instance ab616911-8d10-48c3-9909-e553391d3ef8 (STDOUT, STG)#
#2026 05 07 21:43:24.096#Z#DEBUG#988ff13c-4a5d-11f1-8594-eeee0a955217.Loja-db-deployer#flowable-async-job-executor-thread-13999#
[PollExecuteTaskStatusExecution] 540913b5-ee82-43db-a33d-eb5577322406 [2026-05-07T21:43:07.191384] Cell 684caff8-89cd-492b-be01-b3d0835f1763 destroying container for instance ab616911-8d10-48c3-9909-e553391d3ef8 (STDOUT, STG)#
#2026 05 07 21:43:24.096#Z#DEBUG#988ff13c-4a5d-11f1-8594-eeee0a955217.Loja-db-deployer#flowable-async-job-executor-thread-13999#
[PollExecuteTaskStatusExecution] 540913b5-ee82-43db-a33d-eb5577322406 [2026-05-07T21:43:07.243567] Staging complete for build ab616911-8d10-48c3-9909-e553391d3ef8 (STDOUT, API)#
#2026 05 07 21:43:24.096#Z#DEBUG#988ff13c-4a5d-11f1-8594-eeee0a955217.Loja-db-deployer#flowable-async-job-executor-thread-13999#
[PollExecuteTaskStatusExecution] 540913b5-ee82-43db-a33d-eb5577322406 [2026-05-07T21:43:09.186891] Cell 684caff8-89cd-492b-be01-b3d0835f1763 successfully destroyed container for instance ab616911-8d10-48c3-9909-e553391d3ef8 (STDOUT, STG)#
#2026 05 07 21:43:24.096#Z#DEBUG#988ff13c-4a5d-11f1-8594-eeee0a955217.Loja-db-deployer#flowable-async-job-executor-thread-13999#
[PollExecuteTaskStatusExecution] 540913b5-ee82-43db-a33d-eb5577322406 [2026-05-07T21:43:14.083024] Updated app with guid 540913b5-ee82-43db-a33d-eb5577322406 ({:droplet_guid=>"26dd32d5-66c4-4e14-991f-d552e7b0fbaa"}) (STDOUT, API)#
#2026 05 07 21:43:24.096#Z#DEBUG#988ff13c-4a5d-11f1-8594-eeee0a955217.Loja-db-deployer#flowable-async-job-executor-thread-13999#
[PollExecuteTaskStatusExecution] 540913b5-ee82-43db-a33d-eb5577322406 [2026-05-07T21:43:14.609323] Cell 77283d80-dfa7-40ba-ba4e-265aef112085 creating container for instance dd5c15a7-280d-4e8d-9124-3808dbb70abf (STDOUT, CELL)#
#2026 05 07 21:43:24.096#Z#DEBUG#988ff13c-4a5d-11f1-8594-eeee0a955217.Loja-db-deployer#flowable-async-job-executor-thread-13999#
[PollExecuteTaskStatusExecution] 540913b5-ee82-43db-a33d-eb5577322406 [2026-05-07T21:43:15.093606] Security group rules were updated (STDOUT, CELL)#
#2026 05 07 21:43:24.096#Z#DEBUG#988ff13c-4a5d-11f1-8594-eeee0a955217.Loja-db-deployer#flowable-async-job-executor-thread-13999#
[PollExecuteTaskStatusExecution] 540913b5-ee82-43db-a33d-eb5577322406 [2026-05-07T21:43:15.169809] Cell 77283d80-dfa7-40ba-ba4e-265aef112085 successfully created container for instance dd5c15a7-280d-4e8d-9124-3808dbb70abf (STDOUT, CELL)#
#2026 05 07 21:43:24.096#Z#DEBUG#988ff13c-4a5d-11f1-8594-eeee0a955217.Loja-db-deployer#flowable-async-job-executor-thread-13999#
[PollExecuteTaskStatusExecution] 540913b5-ee82-43db-a33d-eb5577322406 [2026-05-07T21:43:19.068658] Invoking pre-start scripts. (STDOUT, APP/TASK/deploy)#
#2026 05 07 21:43:24.096#Z#DEBUG#988ff13c-4a5d-11f1-8594-eeee0a955217.Loja-db-deployer#flowable-async-job-executor-thread-13999#
[PollExecuteTaskStatusExecution] 540913b5-ee82-43db-a33d-eb5577322406 [2026-05-07T21:43:19.221292] Invoking start command. (STDOUT, APP/TASK/deploy)#
#2026 05 07 21:43:24.096#Z#DEBUG#988ff13c-4a5d-11f1-8594-eeee0a955217.Loja-db-deployer#flowable-async-job-executor-thread-13999#
[PollExecuteTaskStatusExecution] 540913b5-ee82-43db-a33d-eb5577322406 [2026-05-07T21:43:19.547628] > start (STDOUT, APP/TASK/deploy)#
#2026 05 07 21:43:24.096#Z#DEBUG#988ff13c-4a5d-11f1-8594-eeee0a955217.Loja-db-deployer#flowable-async-job-executor-thread-13999#
[PollExecuteTaskStatusExecution] 540913b5-ee82-43db-a33d-eb5577322406 [2026-05-07T21:43:19.547661] > node node_modules/@sap/hdi-deploy/deploy.js --use-hdb --parameter com.sap.hana.di.table/try_fast_table_migration=true (STDOUT, APP/TASK/deploy)#
#2026 05 07 21:43:24.096#Z#DEBUG#988ff13c-4a5d-11f1-8594-eeee0a955217.Loja-db-deployer#flowable-async-job-executor-thread-13999#
[PollExecuteTaskStatusExecution] 540913b5-ee82-43db-a33d-eb5577322406 [2026-05-07T21:43:19.661153] VCAP_SERVICES: (STDOUT, APP/TASK/deploy)#
#2026 05 07 21:43:24.096#Z#DEBUG#988ff13c-4a5d-11f1-8594-eeee0a955217.Loja-db-deployer#flowable-async-job-executor-thread-13999#
[PollExecuteTaskStatusExecution] 540913b5-ee82-43db-a33d-eb5577322406 [2026-05-07T21:43:19.661332] { (STDOUT, APP/TASK/deploy)#
#2026 05 07 21:43:24.096#Z#DEBUG#988ff13c-4a5d-11f1-8594-eeee0a955217.Loja-db-deployer#flowable-async-job-executor-thread-13999#
[PollExecuteTaskStatusExecution] 540913b5-ee82-43db-a33d-eb5577322406 [2026-05-07T21:43:19.661351] "hana": [ (STDOUT, APP/TASK/deploy)#
#2026 05 07 21:43:24.096#Z#DEBUG#988ff13c-4a5d-11f1-8594-eeee0a955217.Loja-db-deployer#flowable-async-job-executor-thread-13999#
[PollExecuteTaskStatusExecution] 540913b5-ee82-43db-a33d-eb5577322406 [2026-05-07T21:43:19.661354] { (STDOUT, APP/TASK/deploy)#
#2026 05 07 21:43:24.096#Z#DEBUG#988ff13c-4a5d-11f1-8594-eeee0a955217.Loja-db-deployer#flowable-async-job-executor-thread-13999#
[PollExecuteTaskStatusExecution] 540913b5-ee82-43db-a33d-eb5577322406 [2026-05-07T21:43:19.661358] "name": "Loja-db", (STDOUT, APP/TASK/deploy)#
#2026 05 07 21:43:24.096#Z#DEBUG#988ff13c-4a5d-11f1-8594-eeee0a955217.Loja-db-deployer#flowable-async-job-executor-thread-13999#
[PollExecuteTaskStatusExecution] 540913b5-ee82-43db-a33d-eb5577322406 [2026-05-07T21:43:19.661360] "label": "hana", (STDOUT, APP/TASK/deploy)#
#2026 05 07 21:43:24.096#Z#DEBUG#988ff13c-4a5d-11f1-8594-eeee0a955217.Loja-db-deployer#flowable-async-job-executor-thread-13999#
[PollExecuteTaskStatusExecution] 540913b5-ee82-43db-a33d-eb5577322406 [2026-05-07T21:43:19.661363] "plan": "hdi-shared", (STDOUT, APP/TASK/deploy)#
#2026 05 07 21:43:24.096#Z#DEBUG#988ff13c-4a5d-11f1-8594-eeee0a955217.Loja-db-deployer#flowable-async-job-executor-thread-13999#
[PollExecuteTaskStatusExecution] 540913b5-ee82-43db-a33d-eb5577322406 [2026-05-07T21:43:19.661368] "credentials": { (STDOUT, APP/TASK/deploy)#
#2026 05 07 21:43:24.096#Z#DEBUG#988ff13c-4a5d-11f1-8594-eeee0a955217.Loja-db-deployer#flowable-async-job-executor-thread-13999#
[PollExecuteTaskStatusExecution] 540913b5-ee82-43db-a33d-eb5577322406 [2026-05-07T21:43:19.661372] "schema": "0BDA3929606647C1BC458C01854A3A3F", (STDOUT, APP/TASK/deploy)#
#2026 05 07 21:43:24.096#Z#DEBUG#988ff13c-4a5d-11f1-8594-eeee0a955217.Loja-db-deployer#flowable-async-job-executor-thread-13999#
[PollExecuteTaskStatusExecution] 540913b5-ee82-43db-a33d-eb5577322406 [2026-05-07T21:43:19.661374] "database_id": "eaff8753-1771-4da6-a1a7-1f979574194f", (STDOUT, APP/TASK/deploy)#
#2026 05 07 21:43:24.096#Z#DEBUG#988ff13c-4a5d-11f1-8594-eeee0a955217.Loja-db-deployer#flowable-async-job-executor-thread-13999#
[PollExecuteTaskStatusExecution] 540913b5-ee82-43db-a33d-eb5577322406 [2026-05-07T21:43:19.661377] "user": "0BDA3929606647C1BC458C01854A3A3F_6AQN1HUN77CIGLZYWTAQVCC3Z_RT", (STDOUT, APP/TASK/deploy)#
#2026 05 07 21:43:24.096#Z#DEBUG#988ff13c-4a5d-11f1-8594-eeee0a955217.Loja-db-deployer#flowable-async-job-executor-thread-13999#
[PollExecuteTaskStatusExecution] 540913b5-ee82-43db-a33d-eb5577322406 [2026-05-07T21:43:19.661382] "hdi_user": "0BDA3929606647C1BC458C01854A3A3F_6AQN1HUN77CIGLZYWTAQVCC3Z_DT" (STDOUT, APP/TASK/deploy)#
#2026 05 07 21:43:24.096#Z#DEBUG#988ff13c-4a5d-11f1-8594-eeee0a955217.Loja-db-deployer#flowable-async-job-executor-thread-13999#
[PollExecuteTaskStatusExecution] 540913b5-ee82-43db-a33d-eb5577322406 [2026-05-07T21:43:19.661384] }, (STDOUT, APP/TASK/deploy)#
#2026 05 07 21:43:24.096#Z#DEBUG#988ff13c-4a5d-11f1-8594-eeee0a955217.Loja-db-deployer#flowable-async-job-executor-thread-13999#
[PollExecuteTaskStatusExecution] 540913b5-ee82-43db-a33d-eb5577322406 [2026-05-07T21:43:19.661386] "tags": [ (STDOUT, APP/TASK/deploy)#
#2026 05 07 21:43:24.096#Z#DEBUG#988ff13c-4a5d-11f1-8594-eeee0a955217.Loja-db-deployer#flowable-async-job-executor-thread-13999#
[PollExecuteTaskStatusExecution] 540913b5-ee82-43db-a33d-eb5577322406 [2026-05-07T21:43:19.661388] "hana", (STDOUT, APP/TASK/deploy)#
#2026 05 07 21:43:24.096#Z#DEBUG#988ff13c-4a5d-11f1-8594-eeee0a955217.Loja-db-deployer#flowable-async-job-executor-thread-13999#
[PollExecuteTaskStatusExecution] 540913b5-ee82-43db-a33d-eb5577322406 [2026-05-07T21:43:19.661390] "database", (STDOUT, APP/TASK/deploy)#
#2026 05 07 21:43:24.096#Z#DEBUG#988ff13c-4a5d-11f1-8594-eeee0a955217.Loja-db-deployer#flowable-async-job-executor-thread-13999#
[PollExecuteTaskStatusExecution] 540913b5-ee82-43db-a33d-eb5577322406 [2026-05-07T21:43:19.661392] "relational" (STDOUT, APP/TASK/deploy)#
#2026 05 07 21:43:24.096#Z#DEBUG#988ff13c-4a5d-11f1-8594-eeee0a955217.Loja-db-deployer#flowable-async-job-executor-thread-13999#
[PollExecuteTaskStatusExecution] 540913b5-ee82-43db-a33d-eb5577322406 [2026-05-07T21:43:19.661394] ] (STDOUT, APP/TASK/deploy)#
#2026 05 07 21:43:24.096#Z#DEBUG#988ff13c-4a5d-11f1-8594-eeee0a955217.Loja-db-deployer#flowable-async-job-executor-thread-13999#
[PollExecuteTaskStatusExecution] 540913b5-ee82-43db-a33d-eb5577322406 [2026-05-07T21:43:19.661398] } (STDOUT, APP/TASK/deploy)#
#2026 05 07 21:43:24.096#Z#DEBUG#988ff13c-4a5d-11f1-8594-eeee0a955217.Loja-db-deployer#flowable-async-job-executor-thread-13999#
[PollExecuteTaskStatusExecution] 540913b5-ee82-43db-a33d-eb5577322406 [2026-05-07T21:43:19.661400] ] (STDOUT, APP/TASK/deploy)#
#2026 05 07 21:43:24.096#Z#DEBUG#988ff13c-4a5d-11f1-8594-eeee0a955217.Loja-db-deployer#flowable-async-job-executor-thread-13999#
[PollExecuteTaskStatusExecution] 540913b5-ee82-43db-a33d-eb5577322406 [2026-05-07T21:43:19.661402] } (STDOUT, APP/TASK/deploy)#
#2026 05 07 21:43:34.118#Z#DEBUG#988ff13c-4a5d-11f1-8594-eeee0a955217.Loja-db-deployer#flowable-async-job-executor-thread-14011#
[PollExecuteTaskStatusExecution] 540913b5-ee82-43db-a33d-eb5577322406 [2026-05-07T21:43:25.766499] @sap/hdi-deploy, version 5.6.1 (mode default), server version unknown (0.0.0.0), cloud version , node version 24.13.0, HDI version -1, container API version -1 (STDOUT, APP/TASK/deploy)#
#2026 05 07 21:43:34.118#Z#DEBUG#988ff13c-4a5d-11f1-8594-eeee0a955217.Loja-db-deployer#flowable-async-job-executor-thread-14011#
[PollExecuteTaskStatusExecution] 540913b5-ee82-43db-a33d-eb5577322406 [2026-05-07T21:43:25.766758] Deployment started at 2026-05-07 21:43:25 (STDOUT, APP/TASK/deploy)#
#2026 05 07 21:43:34.118#Z#DEBUG#988ff13c-4a5d-11f1-8594-eeee0a955217.Loja-db-deployer#flowable-async-job-executor-thread-14011#
[PollExecuteTaskStatusExecution] 540913b5-ee82-43db-a33d-eb5577322406 [2026-05-07T21:43:25.767076] Using hdb@2.27.1 for connection (STDOUT, APP/TASK/deploy)#
#2026 05 07 21:43:34.118#Z#DEBUG#988ff13c-4a5d-11f1-8594-eeee0a955217.Loja-db-deployer#flowable-async-job-executor-thread-14011#
[PollExecuteTaskStatusExecution] 540913b5-ee82-43db-a33d-eb5577322406 [2026-05-07T21:43:25.767105] Detection of server version failed; root cause: Could not connect to any host: [ eaff8753-1771-4da6-a1a7-1f979574194f.hna1.prod-us10.hanacloud.ondemand.com:443 -  ] (STDOUT, APP/TASK/deploy)#
#2026 05 07 21:43:34.118#Z#DEBUG#988ff13c-4a5d-11f1-8594-eeee0a955217.Loja-db-deployer#flowable-async-job-executor-thread-14011#
[PollExecuteTaskStatusExecution] 540913b5-ee82-43db-a33d-eb5577322406 [2026-05-07T21:43:25.767113] Detection of cloud version failed; root cause: Could not connect to any host: [ eaff8753-1771-4da6-a1a7-1f979574194f.hna1.prod-us10.hanacloud.ondemand.com:443 -  ] (STDOUT, APP/TASK/deploy)#
#2026 05 07 21:43:34.118#Z#DEBUG#988ff13c-4a5d-11f1-8594-eeee0a955217.Loja-db-deployer#flowable-async-job-executor-thread-14011#
[PollExecuteTaskStatusExecution] 540913b5-ee82-43db-a33d-eb5577322406 [2026-05-07T21:43:25.767117] Detection of container API version failed; root cause: Could not connect to any host: [ eaff8753-1771-4da6-a1a7-1f979574194f.hna1.prod-us10.hanacloud.ondemand.com:443 -  ] (STDOUT, APP/TASK/deploy)#
#2026 05 07 21:43:34.118#Z#DEBUG#988ff13c-4a5d-11f1-8594-eeee0a955217.Loja-db-deployer#flowable-async-job-executor-thread-14011#
[PollExecuteTaskStatusExecution] 540913b5-ee82-43db-a33d-eb5577322406 [2026-05-07T21:43:25.767122] Detection of HDI version failed; root cause: Could not connect to any host: [ eaff8753-1771-4da6-a1a7-1f979574194f.hna1.prod-us10.hanacloud.ondemand.com:443 -  ] (STDOUT, APP/TASK/deploy)#
#2026 05 07 21:43:34.118#Z#DEBUG#988ff13c-4a5d-11f1-8594-eeee0a955217.Loja-db-deployer#flowable-async-job-executor-thread-14011#
[PollExecuteTaskStatusExecution] 540913b5-ee82-43db-a33d-eb5577322406 [2026-05-07T21:43:25.767516] Deployment ended at 2026-05-07 21:43:25 (STDOUT, APP/TASK/deploy)#
#2026 05 07 21:43:34.118#Z#DEBUG#988ff13c-4a5d-11f1-8594-eeee0a955217.Loja-db-deployer#flowable-async-job-executor-thread-14011#
[PollExecuteTaskStatusExecution] 540913b5-ee82-43db-a33d-eb5577322406 [2026-05-07T21:43:25.767688] Error: Option parameter is not supported by the server; based on detected server version unknown (STDERR, APP/TASK/deploy)#
#2026 05 07 21:43:34.119#Z#DEBUG#988ff13c-4a5d-11f1-8594-eeee0a955217.Loja-db-deployer#flowable-async-job-executor-thread-14011#
[PollExecuteTaskStatusExecution] 540913b5-ee82-43db-a33d-eb5577322406 [2026-05-07T21:43:25.768029] (6s 187ms) (STDOUT, APP/TASK/deploy)#
#2026 05 07 21:43:34.119#Z#DEBUG#988ff13c-4a5d-11f1-8594-eeee0a955217.Loja-db-deployer#flowable-async-job-executor-thread-14011#
[PollExecuteTaskStatusExecution] 540913b5-ee82-43db-a33d-eb5577322406 [2026-05-07T21:43:25.839734] Exit status 1 (STDOUT, APP/TASK/deploy)#
#2026 05 07 21:43:34.119#Z#DEBUG#988ff13c-4a5d-11f1-8594-eeee0a955217.Loja-db-deployer#flowable-async-job-executor-thread-14011#
[PollExecuteTaskStatusExecution] 540913b5-ee82-43db-a33d-eb5577322406 [2026-05-07T21:43:26.079620] Cell 77283d80-dfa7-40ba-ba4e-265aef112085 stopping instance dd5c15a7-280d-4e8d-9124-3808dbb70abf (STDOUT, CELL)#
#2026 05 07 21:43:34.119#Z#DEBUG#988ff13c-4a5d-11f1-8594-eeee0a955217.Loja-db-deployer#flowable-async-job-executor-thread-14011#
[PollExecuteTaskStatusExecution] 540913b5-ee82-43db-a33d-eb5577322406 [2026-05-07T21:43:26.079681] Cell 77283d80-dfa7-40ba-ba4e-265aef112085 destroying container for instance dd5c15a7-280d-4e8d-9124-3808dbb70abf (STDOUT, CELL)#
#2026 05 07 21:43:34.119#Z#DEBUG#988ff13c-4a5d-11f1-8594-eeee0a955217.Loja-db-deployer#flowable-async-job-executor-thread-14011#
[PollExecuteTaskStatusExecution] 540913b5-ee82-43db-a33d-eb5577322406 [2026-05-07T21:43:28.205025] Cell 77283d80-dfa7-40ba-ba4e-265aef112085 successfully destroyed container for instance dd5c15a7-280d-4e8d-9124-3808dbb70abf (STDOUT, CELL)#
#2026 05 07 21:43:44.172#Z#DEBUG#988ff13c-4a5d-11f1-8594-eeee0a955217.Loja-db-deployer#flowable-async-job-executor-thread-14018#
[PollExecuteTaskStatusExecution] 540913b5-ee82-43db-a33d-eb5577322406 [2026-05-07T21:43:25.766499] @sap/hdi-deploy, version 5.6.1 (mode default), server version unknown (0.0.0.0), cloud version , node version 24.13.0, HDI version -1, container API version -1 (STDOUT, APP/TASK/deploy)#
#2026 05 07 21:43:44.172#Z#DEBUG#988ff13c-4a5d-11f1-8594-eeee0a955217.Loja-db-deployer#flowable-async-job-executor-thread-14018#
[PollExecuteTaskStatusExecution] 540913b5-ee82-43db-a33d-eb5577322406 [2026-05-07T21:43:25.766758] Deployment started at 2026-05-07 21:43:25 (STDOUT, APP/TASK/deploy)#
#2026 05 07 21:43:44.172#Z#DEBUG#988ff13c-4a5d-11f1-8594-eeee0a955217.Loja-db-deployer#flowable-async-job-executor-thread-14018#
[PollExecuteTaskStatusExecution] 540913b5-ee82-43db-a33d-eb5577322406 [2026-05-07T21:43:25.767076] Using hdb@2.27.1 for connection (STDOUT, APP/TASK/deploy)#
#2026 05 07 21:43:44.172#Z#DEBUG#988ff13c-4a5d-11f1-8594-eeee0a955217.Loja-db-deployer#flowable-async-job-executor-thread-14018#
[PollExecuteTaskStatusExecution] 540913b5-ee82-43db-a33d-eb5577322406 [2026-05-07T21:43:25.767105] Detection of server version failed; root cause: Could not connect to any host: [ eaff8753-1771-4da6-a1a7-1f979574194f.hna1.prod-us10.hanacloud.ondemand.com:443 -  ] (STDOUT, APP/TASK/deploy)#
#2026 05 07 21:43:44.172#Z#DEBUG#988ff13c-4a5d-11f1-8594-eeee0a955217.Loja-db-deployer#flowable-async-job-executor-thread-14018#
[PollExecuteTaskStatusExecution] 540913b5-ee82-43db-a33d-eb5577322406 [2026-05-07T21:43:25.767113] Detection of cloud version failed; root cause: Could not connect to any host: [ eaff8753-1771-4da6-a1a7-1f979574194f.hna1.prod-us10.hanacloud.ondemand.com:443 -  ] (STDOUT, APP/TASK/deploy)#
#2026 05 07 21:43:44.172#Z#DEBUG#988ff13c-4a5d-11f1-8594-eeee0a955217.Loja-db-deployer#flowable-async-job-executor-thread-14018#
[PollExecuteTaskStatusExecution] 540913b5-ee82-43db-a33d-eb5577322406 [2026-05-07T21:43:25.767117] Detection of container API version failed; root cause: Could not connect to any host: [ eaff8753-1771-4da6-a1a7-1f979574194f.hna1.prod-us10.hanacloud.ondemand.com:443 -  ] (STDOUT, APP/TASK/deploy)#
#2026 05 07 21:43:44.172#Z#DEBUG#988ff13c-4a5d-11f1-8594-eeee0a955217.Loja-db-deployer#flowable-async-job-executor-thread-14018#
[PollExecuteTaskStatusExecution] 540913b5-ee82-43db-a33d-eb5577322406 [2026-05-07T21:43:25.767122] Detection of HDI version failed; root cause: Could not connect to any host: [ eaff8753-1771-4da6-a1a7-1f979574194f.hna1.prod-us10.hanacloud.ondemand.com:443 -  ] (STDOUT, APP/TASK/deploy)#
#2026 05 07 21:43:44.172#Z#DEBUG#988ff13c-4a5d-11f1-8594-eeee0a955217.Loja-db-deployer#flowable-async-job-executor-thread-14018#
[PollExecuteTaskStatusExecution] 540913b5-ee82-43db-a33d-eb5577322406 [2026-05-07T21:43:25.767516] Deployment ended at 2026-05-07 21:43:25 (STDOUT, APP/TASK/deploy)#
#2026 05 07 21:43:44.172#Z#DEBUG#988ff13c-4a5d-11f1-8594-eeee0a955217.Loja-db-deployer#flowable-async-job-executor-thread-14018#
[PollExecuteTaskStatusExecution] 540913b5-ee82-43db-a33d-eb5577322406 [2026-05-07T21:43:25.767688] Error: Option parameter is not supported by the server; based on detected server version unknown (STDERR, APP/TASK/deploy)#
#2026 05 07 21:43:44.172#Z#DEBUG#988ff13c-4a5d-11f1-8594-eeee0a955217.Loja-db-deployer#flowable-async-job-executor-thread-14018#
[PollExecuteTaskStatusExecution] 540913b5-ee82-43db-a33d-eb5577322406 [2026-05-07T21:43:25.768029] (6s 187ms) (STDOUT, APP/TASK/deploy)#
#2026 05 07 21:43:44.172#Z#DEBUG#988ff13c-4a5d-11f1-8594-eeee0a955217.Loja-db-deployer#flowable-async-job-executor-thread-14018#
[PollExecuteTaskStatusExecution] 540913b5-ee82-43db-a33d-eb5577322406 [2026-05-07T21:43:25.839734] Exit status 1 (STDOUT, APP/TASK/deploy)#
#2026 05 07 21:43:44.172#Z#DEBUG#988ff13c-4a5d-11f1-8594-eeee0a955217.Loja-db-deployer#flowable-async-job-executor-thread-14018#
[PollExecuteTaskStatusExecution] 540913b5-ee82-43db-a33d-eb5577322406 [2026-05-07T21:43:26.079620] Cell 77283d80-dfa7-40ba-ba4e-265aef112085 stopping instance dd5c15a7-280d-4e8d-9124-3808dbb70abf (STDOUT, CELL)#
#2026 05 07 21:43:44.172#Z#DEBUG#988ff13c-4a5d-11f1-8594-eeee0a955217.Loja-db-deployer#flowable-async-job-executor-thread-14018#
[PollExecuteTaskStatusExecution] 540913b5-ee82-43db-a33d-eb5577322406 [2026-05-07T21:43:26.079681] Cell 77283d80-dfa7-40ba-ba4e-265aef112085 destroying container for instance dd5c15a7-280d-4e8d-9124-3808dbb70abf (STDOUT, CELL)#
#2026 05 07 21:43:44.172#Z#DEBUG#988ff13c-4a5d-11f1-8594-eeee0a955217.Loja-db-deployer#flowable-async-job-executor-thread-14018#
[PollExecuteTaskStatusExecution] 540913b5-ee82-43db-a33d-eb5577322406 [2026-05-07T21:43:28.205025] Cell 77283d80-dfa7-40ba-ba4e-265aef112085 successfully destroyed container for instance dd5c15a7-280d-4e8d-9124-3808dbb70abf (STDOUT, CELL)#
#2026 05 07 21:43:44.172#Z#DEBUG#988ff13c-4a5d-11f1-8594-eeee0a955217.Loja-db-deployer#flowable-async-job-executor-thread-14018#
[PollExecuteTaskStatusExecution] 540913b5-ee82-43db-a33d-eb5577322406 [2026-05-07T21:43:36.140590] Cell c839c7b1-088e-41af-b9b7-66256aacd457 creating container for instance 4a77d2a4-f5ef-48fb-a434-6cf8e95b107d (STDOUT, CELL)#
#2026 05 07 21:43:44.172#Z#DEBUG#988ff13c-4a5d-11f1-8594-eeee0a955217.Loja-db-deployer#flowable-async-job-executor-thread-14018#
[PollExecuteTaskStatusExecution] 540913b5-ee82-43db-a33d-eb5577322406 [2026-05-07T21:43:36.657059] Security group rules were updated (STDOUT, CELL)#
#2026 05 07 21:43:44.172#Z#DEBUG#988ff13c-4a5d-11f1-8594-eeee0a955217.Loja-db-deployer#flowable-async-job-executor-thread-14018#
[PollExecuteTaskStatusExecution] 540913b5-ee82-43db-a33d-eb5577322406 [2026-05-07T21:43:36.716418] Cell c839c7b1-088e-41af-b9b7-66256aacd457 successfully created container for instance 4a77d2a4-f5ef-48fb-a434-6cf8e95b107d (STDOUT, CELL)#
#2026 05 07 21:43:44.172#Z#DEBUG#988ff13c-4a5d-11f1-8594-eeee0a955217.Loja-db-deployer#flowable-async-job-executor-thread-14018#
[PollExecuteTaskStatusExecution] 540913b5-ee82-43db-a33d-eb5577322406 [2026-05-07T21:43:39.799522] Invoking pre-start scripts. (STDOUT, APP/TASK/deploy)#
#2026 05 07 21:43:44.172#Z#DEBUG#988ff13c-4a5d-11f1-8594-eeee0a955217.Loja-db-deployer#flowable-async-job-executor-thread-14018#
[PollExecuteTaskStatusExecution] 540913b5-ee82-43db-a33d-eb5577322406 [2026-05-07T21:43:39.956223] Invoking start command. (STDOUT, APP/TASK/deploy)#
#2026 05 07 21:43:44.172#Z#DEBUG#988ff13c-4a5d-11f1-8594-eeee0a955217.Loja-db-deployer#flowable-async-job-executor-thread-14018#
[PollExecuteTaskStatusExecution] 540913b5-ee82-43db-a33d-eb5577322406 [2026-05-07T21:43:40.287073] > start (STDOUT, APP/TASK/deploy)#
#2026 05 07 21:43:44.172#Z#DEBUG#988ff13c-4a5d-11f1-8594-eeee0a955217.Loja-db-deployer#flowable-async-job-executor-thread-14018#
[PollExecuteTaskStatusExecution] 540913b5-ee82-43db-a33d-eb5577322406 [2026-05-07T21:43:40.287098] > node node_modules/@sap/hdi-deploy/deploy.js --use-hdb --parameter com.sap.hana.di.table/try_fast_table_migration=true (STDOUT, APP/TASK/deploy)#
#2026 05 07 21:43:44.172#Z#DEBUG#988ff13c-4a5d-11f1-8594-eeee0a955217.Loja-db-deployer#flowable-async-job-executor-thread-14018#
[PollExecuteTaskStatusExecution] 540913b5-ee82-43db-a33d-eb5577322406 [2026-05-07T21:43:40.398132] VCAP_SERVICES: (STDOUT, APP/TASK/deploy)#
#2026 05 07 21:43:44.172#Z#DEBUG#988ff13c-4a5d-11f1-8594-eeee0a955217.Loja-db-deployer#flowable-async-job-executor-thread-14018#
[PollExecuteTaskStatusExecution] 540913b5-ee82-43db-a33d-eb5577322406 [2026-05-07T21:43:40.398289] { (STDOUT, APP/TASK/deploy)#
#2026 05 07 21:43:44.172#Z#DEBUG#988ff13c-4a5d-11f1-8594-eeee0a955217.Loja-db-deployer#flowable-async-job-executor-thread-14018#
[PollExecuteTaskStatusExecution] 540913b5-ee82-43db-a33d-eb5577322406 [2026-05-07T21:43:40.398309] "hana": [ (STDOUT, APP/TASK/deploy)#
#2026 05 07 21:43:44.172#Z#DEBUG#988ff13c-4a5d-11f1-8594-eeee0a955217.Loja-db-deployer#flowable-async-job-executor-thread-14018#
[PollExecuteTaskStatusExecution] 540913b5-ee82-43db-a33d-eb5577322406 [2026-05-07T21:43:40.398312] { (STDOUT, APP/TASK/deploy)#
#2026 05 07 21:43:44.172#Z#DEBUG#988ff13c-4a5d-11f1-8594-eeee0a955217.Loja-db-deployer#flowable-async-job-executor-thread-14018#
[PollExecuteTaskStatusExecution] 540913b5-ee82-43db-a33d-eb5577322406 [2026-05-07T21:43:40.398315] "name": "Loja-db", (STDOUT, APP/TASK/deploy)#
#2026 05 07 21:43:44.172#Z#DEBUG#988ff13c-4a5d-11f1-8594-eeee0a955217.Loja-db-deployer#flowable-async-job-executor-thread-14018#
[PollExecuteTaskStatusExecution] 540913b5-ee82-43db-a33d-eb5577322406 [2026-05-07T21:43:40.398318] "label": "hana", (STDOUT, APP/TASK/deploy)#
#2026 05 07 21:43:44.172#Z#DEBUG#988ff13c-4a5d-11f1-8594-eeee0a955217.Loja-db-deployer#flowable-async-job-executor-thread-14018#
[PollExecuteTaskStatusExecution] 540913b5-ee82-43db-a33d-eb5577322406 [2026-05-07T21:43:40.398321] "plan": "hdi-shared", (STDOUT, APP/TASK/deploy)#
#2026 05 07 21:43:44.172#Z#DEBUG#988ff13c-4a5d-11f1-8594-eeee0a955217.Loja-db-deployer#flowable-async-job-executor-thread-14018#
[PollExecuteTaskStatusExecution] 540913b5-ee82-43db-a33d-eb5577322406 [2026-05-07T21:43:40.398325] "credentials": { (STDOUT, APP/TASK/deploy)#
#2026 05 07 21:43:44.172#Z#DEBUG#988ff13c-4a5d-11f1-8594-eeee0a955217.Loja-db-deployer#flowable-async-job-executor-thread-14018#
[PollExecuteTaskStatusExecution] 540913b5-ee82-43db-a33d-eb5577322406 [2026-05-07T21:43:40.398329] "schema": "0BDA3929606647C1BC458C01854A3A3F", (STDOUT, APP/TASK/deploy)#
#2026 05 07 21:43:44.172#Z#DEBUG#988ff13c-4a5d-11f1-8594-eeee0a955217.Loja-db-deployer#flowable-async-job-executor-thread-14018#
[PollExecuteTaskStatusExecution] 540913b5-ee82-43db-a33d-eb5577322406 [2026-05-07T21:43:40.398331] "database_id": "eaff8753-1771-4da6-a1a7-1f979574194f", (STDOUT, APP/TASK/deploy)#
#2026 05 07 21:43:44.172#Z#DEBUG#988ff13c-4a5d-11f1-8594-eeee0a955217.Loja-db-deployer#flowable-async-job-executor-thread-14018#
[PollExecuteTaskStatusExecution] 540913b5-ee82-43db-a33d-eb5577322406 [2026-05-07T21:43:40.398335] "user": "0BDA3929606647C1BC458C01854A3A3F_6AQN1HUN77CIGLZYWTAQVCC3Z_RT", (STDOUT, APP/TASK/deploy)#
#2026 05 07 21:43:44.172#Z#DEBUG#988ff13c-4a5d-11f1-8594-eeee0a955217.Loja-db-deployer#flowable-async-job-executor-thread-14018#
[PollExecuteTaskStatusExecution] 540913b5-ee82-43db-a33d-eb5577322406 [2026-05-07T21:43:40.398338] "hdi_user": "0BDA3929606647C1BC458C01854A3A3F_6AQN1HUN77CIGLZYWTAQVCC3Z_DT" (STDOUT, APP/TASK/deploy)#
#2026 05 07 21:43:44.172#Z#DEBUG#988ff13c-4a5d-11f1-8594-eeee0a955217.Loja-db-deployer#flowable-async-job-executor-thread-14018#
[PollExecuteTaskStatusExecution] 540913b5-ee82-43db-a33d-eb5577322406 [2026-05-07T21:43:40.398366] }, (STDOUT, APP/TASK/deploy)#
#2026 05 07 21:43:44.172#Z#DEBUG#988ff13c-4a5d-11f1-8594-eeee0a955217.Loja-db-deployer#flowable-async-job-executor-thread-14018#
[PollExecuteTaskStatusExecution] 540913b5-ee82-43db-a33d-eb5577322406 [2026-05-07T21:43:40.398368] "tags": [ (STDOUT, APP/TASK/deploy)#
#2026 05 07 21:43:44.172#Z#DEBUG#988ff13c-4a5d-11f1-8594-eeee0a955217.Loja-db-deployer#flowable-async-job-executor-thread-14018#
[PollExecuteTaskStatusExecution] 540913b5-ee82-43db-a33d-eb5577322406 [2026-05-07T21:43:40.398370] "hana", (STDOUT, APP/TASK/deploy)#
#2026 05 07 21:43:44.172#Z#DEBUG#988ff13c-4a5d-11f1-8594-eeee0a955217.Loja-db-deployer#flowable-async-job-executor-thread-14018#
[PollExecuteTaskStatusExecution] 540913b5-ee82-43db-a33d-eb5577322406 [2026-05-07T21:43:40.398372] "database", (STDOUT, APP/TASK/deploy)#
#2026 05 07 21:43:44.172#Z#DEBUG#988ff13c-4a5d-11f1-8594-eeee0a955217.Loja-db-deployer#flowable-async-job-executor-thread-14018#
[PollExecuteTaskStatusExecution] 540913b5-ee82-43db-a33d-eb5577322406 [2026-05-07T21:43:40.398374] "relational" (STDOUT, APP/TASK/deploy)#
#2026 05 07 21:43:44.172#Z#DEBUG#988ff13c-4a5d-11f1-8594-eeee0a955217.Loja-db-deployer#flowable-async-job-executor-thread-14018#
[PollExecuteTaskStatusExecution] 540913b5-ee82-43db-a33d-eb5577322406 [2026-05-07T21:43:40.398375] ] (STDOUT, APP/TASK/deploy)#
#2026 05 07 21:43:44.172#Z#DEBUG#988ff13c-4a5d-11f1-8594-eeee0a955217.Loja-db-deployer#flowable-async-job-executor-thread-14018#
[PollExecuteTaskStatusExecution] 540913b5-ee82-43db-a33d-eb5577322406 [2026-05-07T21:43:40.398377] } (STDOUT, APP/TASK/deploy)#
#2026 05 07 21:43:44.172#Z#DEBUG#988ff13c-4a5d-11f1-8594-eeee0a955217.Loja-db-deployer#flowable-async-job-executor-thread-14018#
[PollExecuteTaskStatusExecution] 540913b5-ee82-43db-a33d-eb5577322406 [2026-05-07T21:43:40.398379] ] (STDOUT, APP/TASK/deploy)#
#2026 05 07 21:43:44.172#Z#DEBUG#988ff13c-4a5d-11f1-8594-eeee0a955217.Loja-db-deployer#flowable-async-job-executor-thread-14018#
[PollExecuteTaskStatusExecution] 540913b5-ee82-43db-a33d-eb5577322406 [2026-05-07T21:43:40.398380] } (STDOUT, APP/TASK/deploy)#
#2026 05 07 21:43:54.210#Z#DEBUG#988ff13c-4a5d-11f1-8594-eeee0a955217.Loja-db-deployer#flowable-async-job-executor-thread-14027#
[PollExecuteTaskStatusExecution] 540913b5-ee82-43db-a33d-eb5577322406 [2026-05-07T21:43:46.503755] @sap/hdi-deploy, version 5.6.1 (mode default), server version unknown (0.0.0.0), cloud version , node version 24.13.0, HDI version -1, container API version -1 (STDOUT, APP/TASK/deploy)#
#2026 05 07 21:43:54.210#Z#DEBUG#988ff13c-4a5d-11f1-8594-eeee0a955217.Loja-db-deployer#flowable-async-job-executor-thread-14027#
[PollExecuteTaskStatusExecution] 540913b5-ee82-43db-a33d-eb5577322406 [2026-05-07T21:43:46.503939] Deployment started at 2026-05-07 21:43:46 (STDOUT, APP/TASK/deploy)#
#2026 05 07 21:43:54.210#Z#DEBUG#988ff13c-4a5d-11f1-8594-eeee0a955217.Loja-db-deployer#flowable-async-job-executor-thread-14027#
[PollExecuteTaskStatusExecution] 540913b5-ee82-43db-a33d-eb5577322406 [2026-05-07T21:43:46.504299] Using hdb@2.27.1 for connection (STDOUT, APP/TASK/deploy)#
#2026 05 07 21:43:54.210#Z#DEBUG#988ff13c-4a5d-11f1-8594-eeee0a955217.Loja-db-deployer#flowable-async-job-executor-thread-14027#
[PollExecuteTaskStatusExecution] 540913b5-ee82-43db-a33d-eb5577322406 [2026-05-07T21:43:46.504317] Detection of server version failed; root cause: Could not connect to any host: [ eaff8753-1771-4da6-a1a7-1f979574194f.hna1.prod-us10.hanacloud.ondemand.com:443 -  ] (STDOUT, APP/TASK/deploy)#
#2026 05 07 21:43:54.210#Z#DEBUG#988ff13c-4a5d-11f1-8594-eeee0a955217.Loja-db-deployer#flowable-async-job-executor-thread-14027#
[PollExecuteTaskStatusExecution] 540913b5-ee82-43db-a33d-eb5577322406 [2026-05-07T21:43:46.504320] Detection of cloud version failed; root cause: Could not connect to any host: [ eaff8753-1771-4da6-a1a7-1f979574194f.hna1.prod-us10.hanacloud.ondemand.com:443 -  ] (STDOUT, APP/TASK/deploy)#
#2026 05 07 21:43:54.210#Z#DEBUG#988ff13c-4a5d-11f1-8594-eeee0a955217.Loja-db-deployer#flowable-async-job-executor-thread-14027#
[PollExecuteTaskStatusExecution] 540913b5-ee82-43db-a33d-eb5577322406 [2026-05-07T21:43:46.504322] Detection of container API version failed; root cause: Could not connect to any host: [ eaff8753-1771-4da6-a1a7-1f979574194f.hna1.prod-us10.hanacloud.ondemand.com:443 -  ] (STDOUT, APP/TASK/deploy)#
#2026 05 07 21:43:54.210#Z#DEBUG#988ff13c-4a5d-11f1-8594-eeee0a955217.Loja-db-deployer#flowable-async-job-executor-thread-14027#
[PollExecuteTaskStatusExecution] 540913b5-ee82-43db-a33d-eb5577322406 [2026-05-07T21:43:46.504324] Detection of HDI version failed; root cause: Could not connect to any host: [ eaff8753-1771-4da6-a1a7-1f979574194f.hna1.prod-us10.hanacloud.ondemand.com:443 -  ] (STDOUT, APP/TASK/deploy)#
#2026 05 07 21:43:54.210#Z#DEBUG#988ff13c-4a5d-11f1-8594-eeee0a955217.Loja-db-deployer#flowable-async-job-executor-thread-14027#
[PollExecuteTaskStatusExecution] 540913b5-ee82-43db-a33d-eb5577322406 [2026-05-07T21:43:46.504644] Deployment ended at 2026-05-07 21:43:46 (STDOUT, APP/TASK/deploy)#
#2026 05 07 21:43:54.210#Z#DEBUG#988ff13c-4a5d-11f1-8594-eeee0a955217.Loja-db-deployer#flowable-async-job-executor-thread-14027#
[PollExecuteTaskStatusExecution] 540913b5-ee82-43db-a33d-eb5577322406 [2026-05-07T21:43:46.504824] Error: Option parameter is not supported by the server; based on detected server version unknown (STDERR, APP/TASK/deploy)#
#2026 05 07 21:43:54.210#Z#DEBUG#988ff13c-4a5d-11f1-8594-eeee0a955217.Loja-db-deployer#flowable-async-job-executor-thread-14027#
[PollExecuteTaskStatusExecution] 540913b5-ee82-43db-a33d-eb5577322406 [2026-05-07T21:43:46.505106] (6s 187ms) (STDOUT, APP/TASK/deploy)#
#2026 05 07 21:43:54.210#Z#DEBUG#988ff13c-4a5d-11f1-8594-eeee0a955217.Loja-db-deployer#flowable-async-job-executor-thread-14027#
[PollExecuteTaskStatusExecution] 540913b5-ee82-43db-a33d-eb5577322406 [2026-05-07T21:43:46.573795] Exit status 1 (STDOUT, APP/TASK/deploy)#
#2026 05 07 21:43:54.210#Z#DEBUG#988ff13c-4a5d-11f1-8594-eeee0a955217.Loja-db-deployer#flowable-async-job-executor-thread-14027#
[PollExecuteTaskStatusExecution] 540913b5-ee82-43db-a33d-eb5577322406 [2026-05-07T21:43:46.976221] Cell c839c7b1-088e-41af-b9b7-66256aacd457 stopping instance 4a77d2a4-f5ef-48fb-a434-6cf8e95b107d (STDOUT, CELL)#
#2026 05 07 21:43:54.210#Z#DEBUG#988ff13c-4a5d-11f1-8594-eeee0a955217.Loja-db-deployer#flowable-async-job-executor-thread-14027#
[PollExecuteTaskStatusExecution] 540913b5-ee82-43db-a33d-eb5577322406 [2026-05-07T21:43:46.976260] Cell c839c7b1-088e-41af-b9b7-66256aacd457 destroying container for instance 4a77d2a4-f5ef-48fb-a434-6cf8e95b107d (STDOUT, CELL)#
#2026 05 07 21:43:54.210#Z#DEBUG#988ff13c-4a5d-11f1-8594-eeee0a955217.Loja-db-deployer#flowable-async-job-executor-thread-14027#
[PollExecuteTaskStatusExecution] 540913b5-ee82-43db-a33d-eb5577322406 [2026-05-07T21:43:48.600608] Cell c839c7b1-088e-41af-b9b7-66256aacd457 successfully destroyed container for instance 4a77d2a4-f5ef-48fb-a434-6cf8e95b107d (STDOUT, CELL)#
#2026 05 07 21:44:04.303#Z#DEBUG#988ff13c-4a5d-11f1-8594-eeee0a955217.Loja-db-deployer#flowable-async-job-executor-thread-9718#
[PollExecuteTaskStatusExecution] 540913b5-ee82-43db-a33d-eb5577322406 [2026-05-07T21:43:46.503755] @sap/hdi-deploy, version 5.6.1 (mode default), server version unknown (0.0.0.0), cloud version , node version 24.13.0, HDI version -1, container API version -1 (STDOUT, APP/TASK/deploy)#
#2026 05 07 21:44:04.303#Z#DEBUG#988ff13c-4a5d-11f1-8594-eeee0a955217.Loja-db-deployer#flowable-async-job-executor-thread-9718#
[PollExecuteTaskStatusExecution] 540913b5-ee82-43db-a33d-eb5577322406 [2026-05-07T21:43:46.503939] Deployment started at 2026-05-07 21:43:46 (STDOUT, APP/TASK/deploy)#
#2026 05 07 21:44:04.303#Z#DEBUG#988ff13c-4a5d-11f1-8594-eeee0a955217.Loja-db-deployer#flowable-async-job-executor-thread-9718#
[PollExecuteTaskStatusExecution] 540913b5-ee82-43db-a33d-eb5577322406 [2026-05-07T21:43:46.504299] Using hdb@2.27.1 for connection (STDOUT, APP/TASK/deploy)#
#2026 05 07 21:44:04.303#Z#DEBUG#988ff13c-4a5d-11f1-8594-eeee0a955217.Loja-db-deployer#flowable-async-job-executor-thread-9718#
[PollExecuteTaskStatusExecution] 540913b5-ee82-43db-a33d-eb5577322406 [2026-05-07T21:43:46.504317] Detection of server version failed; root cause: Could not connect to any host: [ eaff8753-1771-4da6-a1a7-1f979574194f.hna1.prod-us10.hanacloud.ondemand.com:443 -  ] (STDOUT, APP/TASK/deploy)#
#2026 05 07 21:44:04.303#Z#DEBUG#988ff13c-4a5d-11f1-8594-eeee0a955217.Loja-db-deployer#flowable-async-job-executor-thread-9718#
[PollExecuteTaskStatusExecution] 540913b5-ee82-43db-a33d-eb5577322406 [2026-05-07T21:43:46.504320] Detection of cloud version failed; root cause: Could not connect to any host: [ eaff8753-1771-4da6-a1a7-1f979574194f.hna1.prod-us10.hanacloud.ondemand.com:443 -  ] (STDOUT, APP/TASK/deploy)#
#2026 05 07 21:44:04.303#Z#DEBUG#988ff13c-4a5d-11f1-8594-eeee0a955217.Loja-db-deployer#flowable-async-job-executor-thread-9718#
[PollExecuteTaskStatusExecution] 540913b5-ee82-43db-a33d-eb5577322406 [2026-05-07T21:43:46.504322] Detection of container API version failed; root cause: Could not connect to any host: [ eaff8753-1771-4da6-a1a7-1f979574194f.hna1.prod-us10.hanacloud.ondemand.com:443 -  ] (STDOUT, APP/TASK/deploy)#
#2026 05 07 21:44:04.303#Z#DEBUG#988ff13c-4a5d-11f1-8594-eeee0a955217.Loja-db-deployer#flowable-async-job-executor-thread-9718#
[PollExecuteTaskStatusExecution] 540913b5-ee82-43db-a33d-eb5577322406 [2026-05-07T21:43:46.504324] Detection of HDI version failed; root cause: Could not connect to any host: [ eaff8753-1771-4da6-a1a7-1f979574194f.hna1.prod-us10.hanacloud.ondemand.com:443 -  ] (STDOUT, APP/TASK/deploy)#
#2026 05 07 21:44:04.303#Z#DEBUG#988ff13c-4a5d-11f1-8594-eeee0a955217.Loja-db-deployer#flowable-async-job-executor-thread-9718#
[PollExecuteTaskStatusExecution] 540913b5-ee82-43db-a33d-eb5577322406 [2026-05-07T21:43:46.504644] Deployment ended at 2026-05-07 21:43:46 (STDOUT, APP/TASK/deploy)#
#2026 05 07 21:44:04.303#Z#DEBUG#988ff13c-4a5d-11f1-8594-eeee0a955217.Loja-db-deployer#flowable-async-job-executor-thread-9718#
[PollExecuteTaskStatusExecution] 540913b5-ee82-43db-a33d-eb5577322406 [2026-05-07T21:43:46.504824] Error: Option parameter is not supported by the server; based on detected server version unknown (STDERR, APP/TASK/deploy)#
#2026 05 07 21:44:04.303#Z#DEBUG#988ff13c-4a5d-11f1-8594-eeee0a955217.Loja-db-deployer#flowable-async-job-executor-thread-9718#
[PollExecuteTaskStatusExecution] 540913b5-ee82-43db-a33d-eb5577322406 [2026-05-07T21:43:46.505106] (6s 187ms) (STDOUT, APP/TASK/deploy)#
#2026 05 07 21:44:04.303#Z#DEBUG#988ff13c-4a5d-11f1-8594-eeee0a955217.Loja-db-deployer#flowable-async-job-executor-thread-9718#
[PollExecuteTaskStatusExecution] 540913b5-ee82-43db-a33d-eb5577322406 [2026-05-07T21:43:46.573795] Exit status 1 (STDOUT, APP/TASK/deploy)#
#2026 05 07 21:44:04.303#Z#DEBUG#988ff13c-4a5d-11f1-8594-eeee0a955217.Loja-db-deployer#flowable-async-job-executor-thread-9718#
[PollExecuteTaskStatusExecution] 540913b5-ee82-43db-a33d-eb5577322406 [2026-05-07T21:43:46.976221] Cell c839c7b1-088e-41af-b9b7-66256aacd457 stopping instance 4a77d2a4-f5ef-48fb-a434-6cf8e95b107d (STDOUT, CELL)#
#2026 05 07 21:44:04.303#Z#DEBUG#988ff13c-4a5d-11f1-8594-eeee0a955217.Loja-db-deployer#flowable-async-job-executor-thread-9718#
[PollExecuteTaskStatusExecution] 540913b5-ee82-43db-a33d-eb5577322406 [2026-05-07T21:43:46.976260] Cell c839c7b1-088e-41af-b9b7-66256aacd457 destroying container for instance 4a77d2a4-f5ef-48fb-a434-6cf8e95b107d (STDOUT, CELL)#
#2026 05 07 21:44:04.303#Z#DEBUG#988ff13c-4a5d-11f1-8594-eeee0a955217.Loja-db-deployer#flowable-async-job-executor-thread-9718#
[PollExecuteTaskStatusExecution] 540913b5-ee82-43db-a33d-eb5577322406 [2026-05-07T21:43:48.600608] Cell c839c7b1-088e-41af-b9b7-66256aacd457 successfully destroyed container for instance 4a77d2a4-f5ef-48fb-a434-6cf8e95b107d (STDOUT, CELL)#
#2026 05 07 21:44:04.303#Z#DEBUG#988ff13c-4a5d-11f1-8594-eeee0a955217.Loja-db-deployer#flowable-async-job-executor-thread-9718#
[PollExecuteTaskStatusExecution] 540913b5-ee82-43db-a33d-eb5577322406 [2026-05-07T21:43:57.493428] Cell d1cc041a-d5a1-41d6-b9f6-6cda736ce3f0 creating container for instance 8b61510f-2802-40af-a37f-29d9951c4b21 (STDOUT, CELL)#
#2026 05 07 21:44:04.303#Z#DEBUG#988ff13c-4a5d-11f1-8594-eeee0a955217.Loja-db-deployer#flowable-async-job-executor-thread-9718#
[PollExecuteTaskStatusExecution] 540913b5-ee82-43db-a33d-eb5577322406 [2026-05-07T21:43:58.070387] Security group rules were updated (STDOUT, CELL)#
#2026 05 07 21:44:04.303#Z#DEBUG#988ff13c-4a5d-11f1-8594-eeee0a955217.Loja-db-deployer#flowable-async-job-executor-thread-9718#
[PollExecuteTaskStatusExecution] 540913b5-ee82-43db-a33d-eb5577322406 [2026-05-07T21:43:58.156059] Cell d1cc041a-d5a1-41d6-b9f6-6cda736ce3f0 successfully created container for instance 8b61510f-2802-40af-a37f-29d9951c4b21 (STDOUT, CELL)#
#2026 05 07 21:44:04.303#Z#DEBUG#988ff13c-4a5d-11f1-8594-eeee0a955217.Loja-db-deployer#flowable-async-job-executor-thread-9718#
[PollExecuteTaskStatusExecution] 540913b5-ee82-43db-a33d-eb5577322406 [2026-05-07T21:44:01.854108] Invoking pre-start scripts. (STDOUT, APP/TASK/deploy)#
#2026 05 07 21:44:04.303#Z#DEBUG#988ff13c-4a5d-11f1-8594-eeee0a955217.Loja-db-deployer#flowable-async-job-executor-thread-9718#
[PollExecuteTaskStatusExecution] 540913b5-ee82-43db-a33d-eb5577322406 [2026-05-07T21:44:02.008200] Invoking start command. (STDOUT, APP/TASK/deploy)#
#2026 05 07 21:44:04.303#Z#DEBUG#988ff13c-4a5d-11f1-8594-eeee0a955217.Loja-db-deployer#flowable-async-job-executor-thread-9718#
[PollExecuteTaskStatusExecution] 540913b5-ee82-43db-a33d-eb5577322406 [2026-05-07T21:44:02.356224] > start (STDOUT, APP/TASK/deploy)#
#2026 05 07 21:44:04.303#Z#DEBUG#988ff13c-4a5d-11f1-8594-eeee0a955217.Loja-db-deployer#flowable-async-job-executor-thread-9718#
[PollExecuteTaskStatusExecution] 540913b5-ee82-43db-a33d-eb5577322406 [2026-05-07T21:44:02.356254] > node node_modules/@sap/hdi-deploy/deploy.js --use-hdb --parameter com.sap.hana.di.table/try_fast_table_migration=true (STDOUT, APP/TASK/deploy)#
#2026 05 07 21:44:04.303#Z#DEBUG#988ff13c-4a5d-11f1-8594-eeee0a955217.Loja-db-deployer#flowable-async-job-executor-thread-9718#
[PollExecuteTaskStatusExecution] 540913b5-ee82-43db-a33d-eb5577322406 [2026-05-07T21:44:02.467995] VCAP_SERVICES: (STDOUT, APP/TASK/deploy)#
#2026 05 07 21:44:04.303#Z#DEBUG#988ff13c-4a5d-11f1-8594-eeee0a955217.Loja-db-deployer#flowable-async-job-executor-thread-9718#
[PollExecuteTaskStatusExecution] 540913b5-ee82-43db-a33d-eb5577322406 [2026-05-07T21:44:02.468201] { (STDOUT, APP/TASK/deploy)#
#2026 05 07 21:44:04.303#Z#DEBUG#988ff13c-4a5d-11f1-8594-eeee0a955217.Loja-db-deployer#flowable-async-job-executor-thread-9718#
[PollExecuteTaskStatusExecution] 540913b5-ee82-43db-a33d-eb5577322406 [2026-05-07T21:44:02.468224] "hana": [ (STDOUT, APP/TASK/deploy)#
#2026 05 07 21:44:04.303#Z#DEBUG#988ff13c-4a5d-11f1-8594-eeee0a955217.Loja-db-deployer#flowable-async-job-executor-thread-9718#
[PollExecuteTaskStatusExecution] 540913b5-ee82-43db-a33d-eb5577322406 [2026-05-07T21:44:02.468227] { (STDOUT, APP/TASK/deploy)#
#2026 05 07 21:44:04.303#Z#DEBUG#988ff13c-4a5d-11f1-8594-eeee0a955217.Loja-db-deployer#flowable-async-job-executor-thread-9718#
[PollExecuteTaskStatusExecution] 540913b5-ee82-43db-a33d-eb5577322406 [2026-05-07T21:44:02.468230] "name": "Loja-db", (STDOUT, APP/TASK/deploy)#
#2026 05 07 21:44:04.303#Z#DEBUG#988ff13c-4a5d-11f1-8594-eeee0a955217.Loja-db-deployer#flowable-async-job-executor-thread-9718#
[PollExecuteTaskStatusExecution] 540913b5-ee82-43db-a33d-eb5577322406 [2026-05-07T21:44:02.468232] "label": "hana", (STDOUT, APP/TASK/deploy)#
#2026 05 07 21:44:04.303#Z#DEBUG#988ff13c-4a5d-11f1-8594-eeee0a955217.Loja-db-deployer#flowable-async-job-executor-thread-9718#
[PollExecuteTaskStatusExecution] 540913b5-ee82-43db-a33d-eb5577322406 [2026-05-07T21:44:02.468235] "plan": "hdi-shared", (STDOUT, APP/TASK/deploy)#
#2026 05 07 21:44:04.303#Z#DEBUG#988ff13c-4a5d-11f1-8594-eeee0a955217.Loja-db-deployer#flowable-async-job-executor-thread-9718#
[PollExecuteTaskStatusExecution] 540913b5-ee82-43db-a33d-eb5577322406 [2026-05-07T21:44:02.468237] "credentials": { (STDOUT, APP/TASK/deploy)#
#2026 05 07 21:44:04.303#Z#DEBUG#988ff13c-4a5d-11f1-8594-eeee0a955217.Loja-db-deployer#flowable-async-job-executor-thread-9718#
[PollExecuteTaskStatusExecution] 540913b5-ee82-43db-a33d-eb5577322406 [2026-05-07T21:44:02.468240] "schema": "0BDA3929606647C1BC458C01854A3A3F", (STDOUT, APP/TASK/deploy)#
#2026 05 07 21:44:04.303#Z#DEBUG#988ff13c-4a5d-11f1-8594-eeee0a955217.Loja-db-deployer#flowable-async-job-executor-thread-9718#
[PollExecuteTaskStatusExecution] 540913b5-ee82-43db-a33d-eb5577322406 [2026-05-07T21:44:02.468246] "database_id": "eaff8753-1771-4da6-a1a7-1f979574194f", (STDOUT, APP/TASK/deploy)#
#2026 05 07 21:44:04.303#Z#DEBUG#988ff13c-4a5d-11f1-8594-eeee0a955217.Loja-db-deployer#flowable-async-job-executor-thread-9718#
[PollExecuteTaskStatusExecution] 540913b5-ee82-43db-a33d-eb5577322406 [2026-05-07T21:44:02.468248] "user": "0BDA3929606647C1BC458C01854A3A3F_6AQN1HUN77CIGLZYWTAQVCC3Z_RT", (STDOUT, APP/TASK/deploy)#
#2026 05 07 21:44:04.303#Z#DEBUG#988ff13c-4a5d-11f1-8594-eeee0a955217.Loja-db-deployer#flowable-async-job-executor-thread-9718#
[PollExecuteTaskStatusExecution] 540913b5-ee82-43db-a33d-eb5577322406 [2026-05-07T21:44:02.468251] "hdi_user": "0BDA3929606647C1BC458C01854A3A3F_6AQN1HUN77CIGLZYWTAQVCC3Z_DT" (STDOUT, APP/TASK/deploy)#
#2026 05 07 21:44:04.303#Z#DEBUG#988ff13c-4a5d-11f1-8594-eeee0a955217.Loja-db-deployer#flowable-async-job-executor-thread-9718#
[PollExecuteTaskStatusExecution] 540913b5-ee82-43db-a33d-eb5577322406 [2026-05-07T21:44:02.468258] }, (STDOUT, APP/TASK/deploy)#
#2026 05 07 21:44:04.303#Z#DEBUG#988ff13c-4a5d-11f1-8594-eeee0a955217.Loja-db-deployer#flowable-async-job-executor-thread-9718#
[PollExecuteTaskStatusExecution] 540913b5-ee82-43db-a33d-eb5577322406 [2026-05-07T21:44:02.468260] "tags": [ (STDOUT, APP/TASK/deploy)#
#2026 05 07 21:44:04.303#Z#DEBUG#988ff13c-4a5d-11f1-8594-eeee0a955217.Loja-db-deployer#flowable-async-job-executor-thread-9718#
[PollExecuteTaskStatusExecution] 540913b5-ee82-43db-a33d-eb5577322406 [2026-05-07T21:44:02.468263] "hana", (STDOUT, APP/TASK/deploy)#
#2026 05 07 21:44:04.303#Z#DEBUG#988ff13c-4a5d-11f1-8594-eeee0a955217.Loja-db-deployer#flowable-async-job-executor-thread-9718#
[PollExecuteTaskStatusExecution] 540913b5-ee82-43db-a33d-eb5577322406 [2026-05-07T21:44:02.468265] "database", (STDOUT, APP/TASK/deploy)#
#2026 05 07 21:44:04.303#Z#DEBUG#988ff13c-4a5d-11f1-8594-eeee0a955217.Loja-db-deployer#flowable-async-job-executor-thread-9718#
[PollExecuteTaskStatusExecution] 540913b5-ee82-43db-a33d-eb5577322406 [2026-05-07T21:44:02.468267] "relational" (STDOUT, APP/TASK/deploy)#
#2026 05 07 21:44:04.303#Z#DEBUG#988ff13c-4a5d-11f1-8594-eeee0a955217.Loja-db-deployer#flowable-async-job-executor-thread-9718#
[PollExecuteTaskStatusExecution] 540913b5-ee82-43db-a33d-eb5577322406 [2026-05-07T21:44:02.468269] ] (STDOUT, APP/TASK/deploy)#
#2026 05 07 21:44:04.303#Z#DEBUG#988ff13c-4a5d-11f1-8594-eeee0a955217.Loja-db-deployer#flowable-async-job-executor-thread-9718#
[PollExecuteTaskStatusExecution] 540913b5-ee82-43db-a33d-eb5577322406 [2026-05-07T21:44:02.468271] } (STDOUT, APP/TASK/deploy)#
#2026 05 07 21:44:04.303#Z#DEBUG#988ff13c-4a5d-11f1-8594-eeee0a955217.Loja-db-deployer#flowable-async-job-executor-thread-9718#
[PollExecuteTaskStatusExecution] 540913b5-ee82-43db-a33d-eb5577322406 [2026-05-07T21:44:02.468273] ] (STDOUT, APP/TASK/deploy)#
#2026 05 07 21:44:04.303#Z#DEBUG#988ff13c-4a5d-11f1-8594-eeee0a955217.Loja-db-deployer#flowable-async-job-executor-thread-9718#
[PollExecuteTaskStatusExecution] 540913b5-ee82-43db-a33d-eb5577322406 [2026-05-07T21:44:02.468274] } (STDOUT, APP/TASK/deploy)#
#2026 05 07 21:44:14.277#Z#DEBUG#988ff13c-4a5d-11f1-8594-eeee0a955217.Loja-db-deployer#flowable-async-job-executor-thread-8913#
[PollExecuteTaskStatusExecution] 540913b5-ee82-43db-a33d-eb5577322406 [2026-05-07T21:44:08.579874] @sap/hdi-deploy, version 5.6.1 (mode default), server version unknown (0.0.0.0), cloud version , node version 24.13.0, HDI version -1, container API version -1 (STDOUT, APP/TASK/deploy)#
#2026 05 07 21:44:14.277#Z#DEBUG#988ff13c-4a5d-11f1-8594-eeee0a955217.Loja-db-deployer#flowable-async-job-executor-thread-8913#
[PollExecuteTaskStatusExecution] 540913b5-ee82-43db-a33d-eb5577322406 [2026-05-07T21:44:08.580136] Deployment started at 2026-05-07 21:44:08 (STDOUT, APP/TASK/deploy)#
#2026 05 07 21:44:14.277#Z#DEBUG#988ff13c-4a5d-11f1-8594-eeee0a955217.Loja-db-deployer#flowable-async-job-executor-thread-8913#
[PollExecuteTaskStatusExecution] 540913b5-ee82-43db-a33d-eb5577322406 [2026-05-07T21:44:08.580877] Using hdb@2.27.1 for connection (STDOUT, APP/TASK/deploy)#
#2026 05 07 21:44:14.277#Z#DEBUG#988ff13c-4a5d-11f1-8594-eeee0a955217.Loja-db-deployer#flowable-async-job-executor-thread-8913#
[PollExecuteTaskStatusExecution] 540913b5-ee82-43db-a33d-eb5577322406 [2026-05-07T21:44:08.580895] Detection of server version failed; root cause: Could not connect to any host: [ eaff8753-1771-4da6-a1a7-1f979574194f.hna1.prod-us10.hanacloud.ondemand.com:443 -  ] (STDOUT, APP/TASK/deploy)#
#2026 05 07 21:44:14.277#Z#DEBUG#988ff13c-4a5d-11f1-8594-eeee0a955217.Loja-db-deployer#flowable-async-job-executor-thread-8913#
[PollExecuteTaskStatusExecution] 540913b5-ee82-43db-a33d-eb5577322406 [2026-05-07T21:44:08.580898] Detection of cloud version failed; root cause: Could not connect to any host: [ eaff8753-1771-4da6-a1a7-1f979574194f.hna1.prod-us10.hanacloud.ondemand.com:443 -  ] (STDOUT, APP/TASK/deploy)#
#2026 05 07 21:44:14.277#Z#DEBUG#988ff13c-4a5d-11f1-8594-eeee0a955217.Loja-db-deployer#flowable-async-job-executor-thread-8913#
[PollExecuteTaskStatusExecution] 540913b5-ee82-43db-a33d-eb5577322406 [2026-05-07T21:44:08.580900] Detection of container API version failed; root cause: Could not connect to any host: [ eaff8753-1771-4da6-a1a7-1f979574194f.hna1.prod-us10.hanacloud.ondemand.com:443 -  ] (STDOUT, APP/TASK/deploy)#
#2026 05 07 21:44:14.277#Z#DEBUG#988ff13c-4a5d-11f1-8594-eeee0a955217.Loja-db-deployer#flowable-async-job-executor-thread-8913#
[PollExecuteTaskStatusExecution] 540913b5-ee82-43db-a33d-eb5577322406 [2026-05-07T21:44:08.580902] Detection of HDI version failed; root cause: Could not connect to any host: [ eaff8753-1771-4da6-a1a7-1f979574194f.hna1.prod-us10.hanacloud.ondemand.com:443 -  ] (STDOUT, APP/TASK/deploy)#
#2026 05 07 21:44:14.277#Z#DEBUG#988ff13c-4a5d-11f1-8594-eeee0a955217.Loja-db-deployer#flowable-async-job-executor-thread-8913#
[PollExecuteTaskStatusExecution] 540913b5-ee82-43db-a33d-eb5577322406 [2026-05-07T21:44:08.580905] Deployment ended at 2026-05-07 21:44:08 (STDOUT, APP/TASK/deploy)#
#2026 05 07 21:44:14.277#Z#DEBUG#988ff13c-4a5d-11f1-8594-eeee0a955217.Loja-db-deployer#flowable-async-job-executor-thread-8913#
[PollExecuteTaskStatusExecution] 540913b5-ee82-43db-a33d-eb5577322406 [2026-05-07T21:44:08.580969] Error: Option parameter is not supported by the server; based on detected server version unknown (STDERR, APP/TASK/deploy)#
#2026 05 07 21:44:14.277#Z#DEBUG#988ff13c-4a5d-11f1-8594-eeee0a955217.Loja-db-deployer#flowable-async-job-executor-thread-8913#
[PollExecuteTaskStatusExecution] 540913b5-ee82-43db-a33d-eb5577322406 [2026-05-07T21:44:08.581371] (6s 194ms) (STDOUT, APP/TASK/deploy)#
#2026 05 07 21:44:14.277#Z#DEBUG#988ff13c-4a5d-11f1-8594-eeee0a955217.Loja-db-deployer#flowable-async-job-executor-thread-8913#
[PollExecuteTaskStatusExecution] 540913b5-ee82-43db-a33d-eb5577322406 [2026-05-07T21:44:08.654147] Exit status 1 (STDOUT, APP/TASK/deploy)#
#2026 05 07 21:44:14.277#Z#DEBUG#988ff13c-4a5d-11f1-8594-eeee0a955217.Loja-db-deployer#flowable-async-job-executor-thread-8913#
[PollExecuteTaskStatusExecution] 540913b5-ee82-43db-a33d-eb5577322406 [2026-05-07T21:44:09.286935] Cell d1cc041a-d5a1-41d6-b9f6-6cda736ce3f0 stopping instance 8b61510f-2802-40af-a37f-29d9951c4b21 (STDOUT, CELL)#
#2026 05 07 21:44:14.277#Z#DEBUG#988ff13c-4a5d-11f1-8594-eeee0a955217.Loja-db-deployer#flowable-async-job-executor-thread-8913#
[PollExecuteTaskStatusExecution] 540913b5-ee82-43db-a33d-eb5577322406 [2026-05-07T21:44:09.286968] Cell d1cc041a-d5a1-41d6-b9f6-6cda736ce3f0 destroying container for instance 8b61510f-2802-40af-a37f-29d9951c4b21 (STDOUT, CELL)#
#2026 05 07 21:44:14.277#Z#DEBUG#988ff13c-4a5d-11f1-8594-eeee0a955217.Loja-db-deployer#flowable-async-job-executor-thread-8913#
[PollExecuteTaskStatusExecution] 540913b5-ee82-43db-a33d-eb5577322406 [2026-05-07T21:44:11.373893] Cell d1cc041a-d5a1-41d6-b9f6-6cda736ce3f0 successfully destroyed container for instance 8b61510f-2802-40af-a37f-29d9951c4b21 (STDOUT, CELL)#
#2026 05 07 21:44:24.352#Z#DEBUG#988ff13c-4a5d-11f1-8594-eeee0a955217.Loja-db-deployer#flowable-async-job-executor-thread-9720#
[PollExecuteTaskStatusExecution] 540913b5-ee82-43db-a33d-eb5577322406 [2026-05-07T21:44:08.579874] @sap/hdi-deploy, version 5.6.1 (mode default), server version unknown (0.0.0.0), cloud version , node version 24.13.0, HDI version -1, container API version -1 (STDOUT, APP/TASK/deploy)#
#2026 05 07 21:44:24.352#Z#DEBUG#988ff13c-4a5d-11f1-8594-eeee0a955217.Loja-db-deployer#flowable-async-job-executor-thread-9720#
[PollExecuteTaskStatusExecution] 540913b5-ee82-43db-a33d-eb5577322406 [2026-05-07T21:44:08.580136] Deployment started at 2026-05-07 21:44:08 (STDOUT, APP/TASK/deploy)#
#2026 05 07 21:44:24.352#Z#DEBUG#988ff13c-4a5d-11f1-8594-eeee0a955217.Loja-db-deployer#flowable-async-job-executor-thread-9720#
[PollExecuteTaskStatusExecution] 540913b5-ee82-43db-a33d-eb5577322406 [2026-05-07T21:44:08.580877] Using hdb@2.27.1 for connection (STDOUT, APP/TASK/deploy)#
#2026 05 07 21:44:24.352#Z#DEBUG#988ff13c-4a5d-11f1-8594-eeee0a955217.Loja-db-deployer#flowable-async-job-executor-thread-9720#
[PollExecuteTaskStatusExecution] 540913b5-ee82-43db-a33d-eb5577322406 [2026-05-07T21:44:08.580895] Detection of server version failed; root cause: Could not connect to any host: [ eaff8753-1771-4da6-a1a7-1f979574194f.hna1.prod-us10.hanacloud.ondemand.com:443 -  ] (STDOUT, APP/TASK/deploy)#
#2026 05 07 21:44:24.352#Z#DEBUG#988ff13c-4a5d-11f1-8594-eeee0a955217.Loja-db-deployer#flowable-async-job-executor-thread-9720#
[PollExecuteTaskStatusExecution] 540913b5-ee82-43db-a33d-eb5577322406 [2026-05-07T21:44:08.580898] Detection of cloud version failed; root cause: Could not connect to any host: [ eaff8753-1771-4da6-a1a7-1f979574194f.hna1.prod-us10.hanacloud.ondemand.com:443 -  ] (STDOUT, APP/TASK/deploy)#
#2026 05 07 21:44:24.352#Z#DEBUG#988ff13c-4a5d-11f1-8594-eeee0a955217.Loja-db-deployer#flowable-async-job-executor-thread-9720#
[PollExecuteTaskStatusExecution] 540913b5-ee82-43db-a33d-eb5577322406 [2026-05-07T21:44:08.580900] Detection of container API version failed; root cause: Could not connect to any host: [ eaff8753-1771-4da6-a1a7-1f979574194f.hna1.prod-us10.hanacloud.ondemand.com:443 -  ] (STDOUT, APP/TASK/deploy)#
#2026 05 07 21:44:24.352#Z#DEBUG#988ff13c-4a5d-11f1-8594-eeee0a955217.Loja-db-deployer#flowable-async-job-executor-thread-9720#
[PollExecuteTaskStatusExecution] 540913b5-ee82-43db-a33d-eb5577322406 [2026-05-07T21:44:08.580902] Detection of HDI version failed; root cause: Could not connect to any host: [ eaff8753-1771-4da6-a1a7-1f979574194f.hna1.prod-us10.hanacloud.ondemand.com:443 -  ] (STDOUT, APP/TASK/deploy)#
#2026 05 07 21:44:24.352#Z#DEBUG#988ff13c-4a5d-11f1-8594-eeee0a955217.Loja-db-deployer#flowable-async-job-executor-thread-9720#
[PollExecuteTaskStatusExecution] 540913b5-ee82-43db-a33d-eb5577322406 [2026-05-07T21:44:08.580905] Deployment ended at 2026-05-07 21:44:08 (STDOUT, APP/TASK/deploy)#
#2026 05 07 21:44:24.352#Z#DEBUG#988ff13c-4a5d-11f1-8594-eeee0a955217.Loja-db-deployer#flowable-async-job-executor-thread-9720#
[PollExecuteTaskStatusExecution] 540913b5-ee82-43db-a33d-eb5577322406 [2026-05-07T21:44:08.580969] Error: Option parameter is not supported by the server; based on detected server version unknown (STDERR, APP/TASK/deploy)#
#2026 05 07 21:44:24.352#Z#DEBUG#988ff13c-4a5d-11f1-8594-eeee0a955217.Loja-db-deployer#flowable-async-job-executor-thread-9720#
[PollExecuteTaskStatusExecution] 540913b5-ee82-43db-a33d-eb5577322406 [2026-05-07T21:44:08.581371] (6s 194ms) (STDOUT, APP/TASK/deploy)#
#2026 05 07 21:44:24.352#Z#DEBUG#988ff13c-4a5d-11f1-8594-eeee0a955217.Loja-db-deployer#flowable-async-job-executor-thread-9720#
[PollExecuteTaskStatusExecution] 540913b5-ee82-43db-a33d-eb5577322406 [2026-05-07T21:44:08.654147] Exit status 1 (STDOUT, APP/TASK/deploy)#
#2026 05 07 21:44:24.352#Z#DEBUG#988ff13c-4a5d-11f1-8594-eeee0a955217.Loja-db-deployer#flowable-async-job-executor-thread-9720#
[PollExecuteTaskStatusExecution] 540913b5-ee82-43db-a33d-eb5577322406 [2026-05-07T21:44:09.286935] Cell d1cc041a-d5a1-41d6-b9f6-6cda736ce3f0 stopping instance 8b61510f-2802-40af-a37f-29d9951c4b21 (STDOUT, CELL)#
#2026 05 07 21:44:24.352#Z#DEBUG#988ff13c-4a5d-11f1-8594-eeee0a955217.Loja-db-deployer#flowable-async-job-executor-thread-9720#
[PollExecuteTaskStatusExecution] 540913b5-ee82-43db-a33d-eb5577322406 [2026-05-07T21:44:09.286968] Cell d1cc041a-d5a1-41d6-b9f6-6cda736ce3f0 destroying container for instance 8b61510f-2802-40af-a37f-29d9951c4b21 (STDOUT, CELL)#
#2026 05 07 21:44:24.352#Z#DEBUG#988ff13c-4a5d-11f1-8594-eeee0a955217.Loja-db-deployer#flowable-async-job-executor-thread-9720#
[PollExecuteTaskStatusExecution] 540913b5-ee82-43db-a33d-eb5577322406 [2026-05-07T21:44:11.373893] Cell d1cc041a-d5a1-41d6-b9f6-6cda736ce3f0 successfully destroyed container for instance 8b61510f-2802-40af-a37f-29d9951c4b21 (STDOUT, CELL)#
#2026 05 07 21:44:24.352#Z#DEBUG#988ff13c-4a5d-11f1-8594-eeee0a955217.Loja-db-deployer#flowable-async-job-executor-thread-9720#
[PollExecuteTaskStatusExecution] 540913b5-ee82-43db-a33d-eb5577322406 [2026-05-07T21:44:16.032069] Cell d1cc041a-d5a1-41d6-b9f6-6cda736ce3f0 creating container for instance 5fea750c-fb35-4f6c-a1fa-5fd8e2bae107 (STDOUT, CELL)#
#2026 05 07 21:44:24.352#Z#DEBUG#988ff13c-4a5d-11f1-8594-eeee0a955217.Loja-db-deployer#flowable-async-job-executor-thread-9720#
[PollExecuteTaskStatusExecution] 540913b5-ee82-43db-a33d-eb5577322406 [2026-05-07T21:44:16.581382] Security group rules were updated (STDOUT, CELL)#
#2026 05 07 21:44:24.352#Z#DEBUG#988ff13c-4a5d-11f1-8594-eeee0a955217.Loja-db-deployer#flowable-async-job-executor-thread-9720#
[PollExecuteTaskStatusExecution] 540913b5-ee82-43db-a33d-eb5577322406 [2026-05-07T21:44:16.719616] Cell d1cc041a-d5a1-41d6-b9f6-6cda736ce3f0 successfully created container for instance 5fea750c-fb35-4f6c-a1fa-5fd8e2bae107 (STDOUT, CELL)#
#2026 05 07 21:44:24.352#Z#DEBUG#988ff13c-4a5d-11f1-8594-eeee0a955217.Loja-db-deployer#flowable-async-job-executor-thread-9720#
[PollExecuteTaskStatusExecution] 540913b5-ee82-43db-a33d-eb5577322406 [2026-05-07T21:44:20.067741] Invoking pre-start scripts. (STDOUT, APP/TASK/deploy)#
#2026 05 07 21:44:24.352#Z#DEBUG#988ff13c-4a5d-11f1-8594-eeee0a955217.Loja-db-deployer#flowable-async-job-executor-thread-9720#
[PollExecuteTaskStatusExecution] 540913b5-ee82-43db-a33d-eb5577322406 [2026-05-07T21:44:20.221287] Invoking start command. (STDOUT, APP/TASK/deploy)#
#2026 05 07 21:44:24.352#Z#DEBUG#988ff13c-4a5d-11f1-8594-eeee0a955217.Loja-db-deployer#flowable-async-job-executor-thread-9720#
[PollExecuteTaskStatusExecution] 540913b5-ee82-43db-a33d-eb5577322406 [2026-05-07T21:44:20.562047] > start (STDOUT, APP/TASK/deploy)#
#2026 05 07 21:44:24.352#Z#DEBUG#988ff13c-4a5d-11f1-8594-eeee0a955217.Loja-db-deployer#flowable-async-job-executor-thread-9720#
[PollExecuteTaskStatusExecution] 540913b5-ee82-43db-a33d-eb5577322406 [2026-05-07T21:44:20.562070] > node node_modules/@sap/hdi-deploy/deploy.js --use-hdb --parameter com.sap.hana.di.table/try_fast_table_migration=true (STDOUT, APP/TASK/deploy)#
#2026 05 07 21:44:24.352#Z#DEBUG#988ff13c-4a5d-11f1-8594-eeee0a955217.Loja-db-deployer#flowable-async-job-executor-thread-9720#
[PollExecuteTaskStatusExecution] 540913b5-ee82-43db-a33d-eb5577322406 [2026-05-07T21:44:20.678126] VCAP_SERVICES: (STDOUT, APP/TASK/deploy)#
#2026 05 07 21:44:24.352#Z#DEBUG#988ff13c-4a5d-11f1-8594-eeee0a955217.Loja-db-deployer#flowable-async-job-executor-thread-9720#
[PollExecuteTaskStatusExecution] 540913b5-ee82-43db-a33d-eb5577322406 [2026-05-07T21:44:20.678324] { (STDOUT, APP/TASK/deploy)#
#2026 05 07 21:44:24.352#Z#DEBUG#988ff13c-4a5d-11f1-8594-eeee0a955217.Loja-db-deployer#flowable-async-job-executor-thread-9720#
[PollExecuteTaskStatusExecution] 540913b5-ee82-43db-a33d-eb5577322406 [2026-05-07T21:44:20.678342] "hana": [ (STDOUT, APP/TASK/deploy)#
#2026 05 07 21:44:24.352#Z#DEBUG#988ff13c-4a5d-11f1-8594-eeee0a955217.Loja-db-deployer#flowable-async-job-executor-thread-9720#
[PollExecuteTaskStatusExecution] 540913b5-ee82-43db-a33d-eb5577322406 [2026-05-07T21:44:20.678344] { (STDOUT, APP/TASK/deploy)#
#2026 05 07 21:44:24.352#Z#DEBUG#988ff13c-4a5d-11f1-8594-eeee0a955217.Loja-db-deployer#flowable-async-job-executor-thread-9720#
[PollExecuteTaskStatusExecution] 540913b5-ee82-43db-a33d-eb5577322406 [2026-05-07T21:44:20.678347] "name": "Loja-db", (STDOUT, APP/TASK/deploy)#
#2026 05 07 21:44:24.352#Z#DEBUG#988ff13c-4a5d-11f1-8594-eeee0a955217.Loja-db-deployer#flowable-async-job-executor-thread-9720#
[PollExecuteTaskStatusExecution] 540913b5-ee82-43db-a33d-eb5577322406 [2026-05-07T21:44:20.678349] "label": "hana", (STDOUT, APP/TASK/deploy)#
#2026 05 07 21:44:24.352#Z#DEBUG#988ff13c-4a5d-11f1-8594-eeee0a955217.Loja-db-deployer#flowable-async-job-executor-thread-9720#
[PollExecuteTaskStatusExecution] 540913b5-ee82-43db-a33d-eb5577322406 [2026-05-07T21:44:20.678357] "plan": "hdi-shared", (STDOUT, APP/TASK/deploy)#
#2026 05 07 21:44:24.352#Z#DEBUG#988ff13c-4a5d-11f1-8594-eeee0a955217.Loja-db-deployer#flowable-async-job-executor-thread-9720#
[PollExecuteTaskStatusExecution] 540913b5-ee82-43db-a33d-eb5577322406 [2026-05-07T21:44:20.678359] "credentials": { (STDOUT, APP/TASK/deploy)#
#2026 05 07 21:44:24.352#Z#DEBUG#988ff13c-4a5d-11f1-8594-eeee0a955217.Loja-db-deployer#flowable-async-job-executor-thread-9720#
[PollExecuteTaskStatusExecution] 540913b5-ee82-43db-a33d-eb5577322406 [2026-05-07T21:44:20.678362] "schema": "0BDA3929606647C1BC458C01854A3A3F", (STDOUT, APP/TASK/deploy)#
#2026 05 07 21:44:24.352#Z#DEBUG#988ff13c-4a5d-11f1-8594-eeee0a955217.Loja-db-deployer#flowable-async-job-executor-thread-9720#
[PollExecuteTaskStatusExecution] 540913b5-ee82-43db-a33d-eb5577322406 [2026-05-07T21:44:20.678363] "database_id": "eaff8753-1771-4da6-a1a7-1f979574194f", (STDOUT, APP/TASK/deploy)#
#2026 05 07 21:44:24.352#Z#DEBUG#988ff13c-4a5d-11f1-8594-eeee0a955217.Loja-db-deployer#flowable-async-job-executor-thread-9720#
[PollExecuteTaskStatusExecution] 540913b5-ee82-43db-a33d-eb5577322406 [2026-05-07T21:44:20.678366] "user": "0BDA3929606647C1BC458C01854A3A3F_6AQN1HUN77CIGLZYWTAQVCC3Z_RT", (STDOUT, APP/TASK/deploy)#
#2026 05 07 21:44:24.352#Z#DEBUG#988ff13c-4a5d-11f1-8594-eeee0a955217.Loja-db-deployer#flowable-async-job-executor-thread-9720#
[PollExecuteTaskStatusExecution] 540913b5-ee82-43db-a33d-eb5577322406 [2026-05-07T21:44:20.678369] "hdi_user": "0BDA3929606647C1BC458C01854A3A3F_6AQN1HUN77CIGLZYWTAQVCC3Z_DT" (STDOUT, APP/TASK/deploy)#
#2026 05 07 21:44:24.352#Z#DEBUG#988ff13c-4a5d-11f1-8594-eeee0a955217.Loja-db-deployer#flowable-async-job-executor-thread-9720#
[PollExecuteTaskStatusExecution] 540913b5-ee82-43db-a33d-eb5577322406 [2026-05-07T21:44:20.678371] }, (STDOUT, APP/TASK/deploy)#
#2026 05 07 21:44:24.352#Z#DEBUG#988ff13c-4a5d-11f1-8594-eeee0a955217.Loja-db-deployer#flowable-async-job-executor-thread-9720#
[PollExecuteTaskStatusExecution] 540913b5-ee82-43db-a33d-eb5577322406 [2026-05-07T21:44:20.678372] "tags": [ (STDOUT, APP/TASK/deploy)#
#2026 05 07 21:44:24.352#Z#DEBUG#988ff13c-4a5d-11f1-8594-eeee0a955217.Loja-db-deployer#flowable-async-job-executor-thread-9720#
[PollExecuteTaskStatusExecution] 540913b5-ee82-43db-a33d-eb5577322406 [2026-05-07T21:44:20.678375] "hana", (STDOUT, APP/TASK/deploy)#
#2026 05 07 21:44:24.352#Z#DEBUG#988ff13c-4a5d-11f1-8594-eeee0a955217.Loja-db-deployer#flowable-async-job-executor-thread-9720#
[PollExecuteTaskStatusExecution] 540913b5-ee82-43db-a33d-eb5577322406 [2026-05-07T21:44:20.678376] "database", (STDOUT, APP/TASK/deploy)#
#2026 05 07 21:44:24.352#Z#DEBUG#988ff13c-4a5d-11f1-8594-eeee0a955217.Loja-db-deployer#flowable-async-job-executor-thread-9720#
[PollExecuteTaskStatusExecution] 540913b5-ee82-43db-a33d-eb5577322406 [2026-05-07T21:44:20.678378] "relational" (STDOUT, APP/TASK/deploy)#
#2026 05 07 21:44:24.352#Z#DEBUG#988ff13c-4a5d-11f1-8594-eeee0a955217.Loja-db-deployer#flowable-async-job-executor-thread-9720#
[PollExecuteTaskStatusExecution] 540913b5-ee82-43db-a33d-eb5577322406 [2026-05-07T21:44:20.678382] ] (STDOUT, APP/TASK/deploy)#
#2026 05 07 21:44:24.352#Z#DEBUG#988ff13c-4a5d-11f1-8594-eeee0a955217.Loja-db-deployer#flowable-async-job-executor-thread-9720#
[PollExecuteTaskStatusExecution] 540913b5-ee82-43db-a33d-eb5577322406 [2026-05-07T21:44:20.678383] } (STDOUT, APP/TASK/deploy)#
#2026 05 07 21:44:24.352#Z#DEBUG#988ff13c-4a5d-11f1-8594-eeee0a955217.Loja-db-deployer#flowable-async-job-executor-thread-9720#
[PollExecuteTaskStatusExecution] 540913b5-ee82-43db-a33d-eb5577322406 [2026-05-07T21:44:20.678385] ] (STDOUT, APP/TASK/deploy)#
#2026 05 07 21:44:24.352#Z#DEBUG#988ff13c-4a5d-11f1-8594-eeee0a955217.Loja-db-deployer#flowable-async-job-executor-thread-9720#
[PollExecuteTaskStatusExecution] 540913b5-ee82-43db-a33d-eb5577322406 [2026-05-07T21:44:20.678386] } (STDOUT, APP/TASK/deploy)#
#2026 05 07 21:44:34.392#Z#DEBUG#988ff13c-4a5d-11f1-8594-eeee0a955217.Loja-db-deployer#flowable-async-job-executor-thread-9723#
[PollExecuteTaskStatusExecution] 540913b5-ee82-43db-a33d-eb5577322406 [2026-05-07T21:44:26.788077] @sap/hdi-deploy, version 5.6.1 (mode default), server version unknown (0.0.0.0), cloud version , node version 24.13.0, HDI version -1, container API version -1 (STDOUT, APP/TASK/deploy)#
#2026 05 07 21:44:34.392#Z#DEBUG#988ff13c-4a5d-11f1-8594-eeee0a955217.Loja-db-deployer#flowable-async-job-executor-thread-9723#
[PollExecuteTaskStatusExecution] 540913b5-ee82-43db-a33d-eb5577322406 [2026-05-07T21:44:26.788408] Deployment started at 2026-05-07 21:44:26 (STDOUT, APP/TASK/deploy)#
#2026 05 07 21:44:34.392#Z#DEBUG#988ff13c-4a5d-11f1-8594-eeee0a955217.Loja-db-deployer#flowable-async-job-executor-thread-9723#
[PollExecuteTaskStatusExecution] 540913b5-ee82-43db-a33d-eb5577322406 [2026-05-07T21:44:26.788515] Using hdb@2.27.1 for connection (STDOUT, APP/TASK/deploy)#
#2026 05 07 21:44:34.392#Z#DEBUG#988ff13c-4a5d-11f1-8594-eeee0a955217.Loja-db-deployer#flowable-async-job-executor-thread-9723#
[PollExecuteTaskStatusExecution] 540913b5-ee82-43db-a33d-eb5577322406 [2026-05-07T21:44:26.788533] Detection of server version failed; root cause: Could not connect to any host: [ eaff8753-1771-4da6-a1a7-1f979574194f.hna1.prod-us10.hanacloud.ondemand.com:443 -  ] (STDOUT, APP/TASK/deploy)#
#2026 05 07 21:44:34.392#Z#DEBUG#988ff13c-4a5d-11f1-8594-eeee0a955217.Loja-db-deployer#flowable-async-job-executor-thread-9723#
[PollExecuteTaskStatusExecution] 540913b5-ee82-43db-a33d-eb5577322406 [2026-05-07T21:44:26.788539] Detection of cloud version failed; root cause: Could not connect to any host: [ eaff8753-1771-4da6-a1a7-1f979574194f.hna1.prod-us10.hanacloud.ondemand.com:443 -  ] (STDOUT, APP/TASK/deploy)#
#2026 05 07 21:44:34.392#Z#DEBUG#988ff13c-4a5d-11f1-8594-eeee0a955217.Loja-db-deployer#flowable-async-job-executor-thread-9723#
[PollExecuteTaskStatusExecution] 540913b5-ee82-43db-a33d-eb5577322406 [2026-05-07T21:44:26.788603] Detection of container API version failed; root cause: Could not connect to any host: [ eaff8753-1771-4da6-a1a7-1f979574194f.hna1.prod-us10.hanacloud.ondemand.com:443 -  ] (STDOUT, APP/TASK/deploy)#
#2026 05 07 21:44:34.392#Z#DEBUG#988ff13c-4a5d-11f1-8594-eeee0a955217.Loja-db-deployer#flowable-async-job-executor-thread-9723#
[PollExecuteTaskStatusExecution] 540913b5-ee82-43db-a33d-eb5577322406 [2026-05-07T21:44:26.788632] Detection of HDI version failed; root cause: Could not connect to any host: [ eaff8753-1771-4da6-a1a7-1f979574194f.hna1.prod-us10.hanacloud.ondemand.com:443 -  ] (STDOUT, APP/TASK/deploy)#
#2026 05 07 21:44:34.392#Z#DEBUG#988ff13c-4a5d-11f1-8594-eeee0a955217.Loja-db-deployer#flowable-async-job-executor-thread-9723#
[PollExecuteTaskStatusExecution] 540913b5-ee82-43db-a33d-eb5577322406 [2026-05-07T21:44:26.789060] Deployment ended at 2026-05-07 21:44:26 (STDOUT, APP/TASK/deploy)#
#2026 05 07 21:44:34.392#Z#DEBUG#988ff13c-4a5d-11f1-8594-eeee0a955217.Loja-db-deployer#flowable-async-job-executor-thread-9723#
[PollExecuteTaskStatusExecution] 540913b5-ee82-43db-a33d-eb5577322406 [2026-05-07T21:44:26.789183] Error: Option parameter is not supported by the server; based on detected server version unknown (STDERR, APP/TASK/deploy)#
#2026 05 07 21:44:34.392#Z#DEBUG#988ff13c-4a5d-11f1-8594-eeee0a955217.Loja-db-deployer#flowable-async-job-executor-thread-9723#
[PollExecuteTaskStatusExecution] 540913b5-ee82-43db-a33d-eb5577322406 [2026-05-07T21:44:26.789486] (6s 195ms) (STDOUT, APP/TASK/deploy)#
#2026 05 07 21:44:34.392#Z#DEBUG#988ff13c-4a5d-11f1-8594-eeee0a955217.Loja-db-deployer#flowable-async-job-executor-thread-9723#
[PollExecuteTaskStatusExecution] 540913b5-ee82-43db-a33d-eb5577322406 [2026-05-07T21:44:26.865283] Exit status 1 (STDOUT, APP/TASK/deploy)#
#2026 05 07 21:44:34.392#Z#DEBUG#988ff13c-4a5d-11f1-8594-eeee0a955217.Loja-db-deployer#flowable-async-job-executor-thread-9723#
[PollExecuteTaskStatusExecution] 540913b5-ee82-43db-a33d-eb5577322406 [2026-05-07T21:44:27.567491] Cell d1cc041a-d5a1-41d6-b9f6-6cda736ce3f0 stopping instance 5fea750c-fb35-4f6c-a1fa-5fd8e2bae107 (STDOUT, CELL)#
#2026 05 07 21:44:34.392#Z#DEBUG#988ff13c-4a5d-11f1-8594-eeee0a955217.Loja-db-deployer#flowable-async-job-executor-thread-9723#
[PollExecuteTaskStatusExecution] 540913b5-ee82-43db-a33d-eb5577322406 [2026-05-07T21:44:27.567544] Cell d1cc041a-d5a1-41d6-b9f6-6cda736ce3f0 destroying container for instance 5fea750c-fb35-4f6c-a1fa-5fd8e2bae107 (STDOUT, CELL)#
#2026 05 07 21:44:34.392#Z#DEBUG#988ff13c-4a5d-11f1-8594-eeee0a955217.Loja-db-deployer#flowable-async-job-executor-thread-9723#
[PollExecuteTaskStatusExecution] 540913b5-ee82-43db-a33d-eb5577322406 [2026-05-07T21:44:30.320212] Cell d1cc041a-d5a1-41d6-b9f6-6cda736ce3f0 successfully destroyed container for instance 5fea750c-fb35-4f6c-a1fa-5fd8e2bae107 (STDOUT, CELL)#
