#2026 05 07 21:42:07.718#Z#INFO#988ff13c-4a5d-11f1-8594-eeee0a955217.OPERATION#http-nio-0.0.0.0-8080-exec-10#
[XS2StartProcessListener] Operation ID: 988ff13c-4a5d-11f1-8594-eeee0a955217#
#2026 05 07 21:42:07.742#Z#DEBUG#988ff13c-4a5d-11f1-8594-eeee0a955217.OPERATION#http-nio-0.0.0.0-8080-exec-10#
[XS2StartProcessListener] Process environment: {
  "SKIP_SSL_VALIDATION" : "false",
  "FLOWABLE_JOB_EXECUTOR_MAX_THREADS" : "32",
  "VERSION" : "2.44.3",
  "BASIC_AUTH_ENABLED" : "true",
  "FLOWABLE_JOB_EXECUTOR_QUEUE_CAPACITY" : "16",
  "FLOWABLE_JOB_EXECUTOR_CORE_THREADS" : "8"
}#
#2026 05 07 21:42:07.742#Z#DEBUG#988ff13c-4a5d-11f1-8594-eeee0a955217.OPERATION#http-nio-0.0.0.0-8080-exec-10#
[XS2StartProcessListener] Current user: rodrigo.g.guedes@accenture.com#
#2026 05 07 21:42:07.742#Z#DEBUG#988ff13c-4a5d-11f1-8594-eeee0a955217.OPERATION#http-nio-0.0.0.0-8080-exec-10#
[XS2StartProcessListener] Client space: dev#
#2026 05 07 21:42:07.742#Z#DEBUG#988ff13c-4a5d-11f1-8594-eeee0a955217.OPERATION#http-nio-0.0.0.0-8080-exec-10#
[XS2StartProcessListener] Client organization: 03462a2ftrial#
#2026 05 07 21:42:07.742#Z#INFO#988ff13c-4a5d-11f1-8594-eeee0a955217.OPERATION#http-nio-0.0.0.0-8080-exec-10#
[XS2StartProcessListener] Process variables: {
  "keepFiles" : false,
  "skipAppDigestCalculation" : false,
  "abortOnError" : false,
  "mtaId" : "Loja",
  "noFailOnMissingPermissions" : false,
  "isSecurityEnabled" : false,
  "apiRequestPath" : "https://deploy-service.cf.us10-001.hana.ondemand.com/api/v1/spaces/3ae7c67b-9057-463c-933e-5dffbfe90d90/operations",
  "deleteServiceBrokers" : false,
  "appArchiveId" : "9abcfca9-0e5a-44dd-8996-25d46da57314",
  "isDisposableUserProvidedServiceEnabled" : false,
  "deleteServiceKeys" : false,
  "noRestartSubscribedApps" : false,
  "noStart" : false,
  "deleteServices" : false
}#
#2026 05 07 21:42:07.794#Z#DEBUG#988ff13c-4a5d-11f1-8594-eeee0a955217.OPERATION#flowable-async-job-executor-thread-8862#
[ValidateDeployParametersStep] Executing task "validateParametersTask" of process "988ff162-4a5d-11f1-8594-eeee0a955217"...#
#2026 05 07 21:42:07.794#Z#DEBUG#988ff13c-4a5d-11f1-8594-eeee0a955217.OPERATION#flowable-async-job-executor-thread-8862#
[ValidateDeployParametersStep] Validating parameters...#
#2026 05 07 21:42:07.797#Z#INFO#988ff13c-4a5d-11f1-8594-eeee0a955217.OPERATION#flowable-async-job-executor-thread-8862#
[ValidateDeployParametersStep] Size of mtars is 12,365,982 and size of extension descriptors is 0#
#2026 05 07 21:42:07.827#Z#INFO#988ff13c-4a5d-11f1-8594-eeee0a955217.OPERATION#flowable-async-job-executor-thread-8862#
[ValidateDeployParametersStep] Archive was not split! Total size in bytes: 12,365,982#
#2026 05 07 21:42:07.827#Z#INFO#988ff13c-4a5d-11f1-8594-eeee0a955217.OPERATION#flowable-async-job-executor-thread-8862#
[ValidateDeployParametersStep] Deploying in org "03462a2ftrial" and space "dev"#
#2026 05 07 21:42:07.833#Z#DEBUG#988ff13c-4a5d-11f1-8594-eeee0a955217.OPERATION#flowable-async-job-executor-thread-8862#
[ValidateDeployParametersStep] Parameters validated#
#2026 05 07 21:42:07.833#Z#DEBUG#988ff13c-4a5d-11f1-8594-eeee0a955217.OPERATION#flowable-async-job-executor-thread-8862#
Step "Validate Parameters" finished#
#2026 05 07 21:42:07.867#Z#DEBUG#988ff13c-4a5d-11f1-8594-eeee0a955217.OPERATION#flowable-async-job-executor-thread-8863#
[DeleteRemainingFileParts] Executing task "deleteRemainingFileParts" of process "988ff162-4a5d-11f1-8594-eeee0a955217"...#
#2026 05 07 21:42:07.868#Z#DEBUG#988ff13c-4a5d-11f1-8594-eeee0a955217.OPERATION#flowable-async-job-executor-thread-8863#
Step "Delete Remaining File Parts" finished#
#2026 05 07 21:42:07.899#Z#DEBUG#988ff13c-4a5d-11f1-8594-eeee0a955217.OPERATION#flowable-async-job-executor-thread-8864#
[XS2ProcessMtaArchiveStep] Executing task "processArchiveTask" of process "988ff162-4a5d-11f1-8594-eeee0a955217"...#
#2026 05 07 21:42:07.900#Z#DEBUG#988ff13c-4a5d-11f1-8594-eeee0a955217.OPERATION#flowable-async-job-executor-thread-8864#
[XS2ProcessMtaArchiveStep] Processing MTA archive...#
#2026 05 07 21:42:07.900#Z#DEBUG#988ff13c-4a5d-11f1-8594-eeee0a955217.OPERATION#flowable-async-job-executor-thread-8864#
[XS2ProcessMtaArchiveStep] MTA Archive ID: 9abcfca9-0e5a-44dd-8996-25d46da57314#
#2026 05 07 21:42:08.131#Z#DEBUG#988ff13c-4a5d-11f1-8594-eeee0a955217.OPERATION#flowable-async-job-executor-thread-8864#
[XS2ProcessMtaArchiveStep] MTA Descriptor length: 1,592#
#2026 05 07 21:42:08.131#Z#DEBUG#988ff13c-4a5d-11f1-8594-eeee0a955217.OPERATION#flowable-async-job-executor-thread-8864#
[XS2ProcessMtaArchiveStep] MTA Archive Modules: [Loja-db-deployer, Loja, Loja-srv]#
#2026 05 07 21:42:08.131#Z#DEBUG#988ff13c-4a5d-11f1-8594-eeee0a955217.OPERATION#flowable-async-job-executor-thread-8864#
[XS2ProcessMtaArchiveStep] MTA Archive Requires: []#
#2026 05 07 21:42:08.131#Z#DEBUG#988ff13c-4a5d-11f1-8594-eeee0a955217.OPERATION#flowable-async-job-executor-thread-8864#
[XS2ProcessMtaArchiveStep] MTA Archive Resources: [Loja-auth]#
#2026 05 07 21:42:08.142#Z#DEBUG#988ff13c-4a5d-11f1-8594-eeee0a955217.OPERATION#flowable-async-job-executor-thread-8864#
[XS2ProcessMtaArchiveStep] MTA archive processed#
#2026 05 07 21:42:08.142#Z#DEBUG#988ff13c-4a5d-11f1-8594-eeee0a955217.OPERATION#flowable-async-job-executor-thread-8864#
Step "Process Archive" finished#
#2026 05 07 21:42:08.185#Z#DEBUG#988ff13c-4a5d-11f1-8594-eeee0a955217.OPERATION#flowable-async-job-executor-thread-8865#
[ProcessMtaExtensionDescriptorsStep] Executing task "processExtensionDescriptorsTask" of process "988ff162-4a5d-11f1-8594-eeee0a955217"...#
#2026 05 07 21:42:08.186#Z#DEBUG#988ff13c-4a5d-11f1-8594-eeee0a955217.OPERATION#flowable-async-job-executor-thread-8865#
[ProcessMtaExtensionDescriptorsStep] Processing MTA extension descriptors...#
#2026 05 07 21:42:08.186#Z#DEBUG#988ff13c-4a5d-11f1-8594-eeee0a955217.OPERATION#flowable-async-job-executor-thread-8865#
[ProcessMtaExtensionDescriptorsStep] Provided extension descriptors: [ ]#
#2026 05 07 21:42:08.186#Z#DEBUG#988ff13c-4a5d-11f1-8594-eeee0a955217.OPERATION#flowable-async-job-executor-thread-8865#
[ProcessMtaExtensionDescriptorsStep] No extension descriptors in use#
#2026 05 07 21:42:08.186#Z#DEBUG#988ff13c-4a5d-11f1-8594-eeee0a955217.OPERATION#flowable-async-job-executor-thread-8865#
[ProcessMtaExtensionDescriptorsStep] MTA extension descriptors processed#
#2026 05 07 21:42:08.186#Z#DEBUG#988ff13c-4a5d-11f1-8594-eeee0a955217.OPERATION#flowable-async-job-executor-thread-8865#
Step "Process Extension Descriptors" finished#
#2026 05 07 21:42:08.229#Z#DEBUG#988ff13c-4a5d-11f1-8594-eeee0a955217.OPERATION#flowable-async-job-executor-thread-8866#
[XS2DetectMtaSchemaVersionStep] Executing task "detectSchemaVersionTask" of process "988ff162-4a5d-11f1-8594-eeee0a955217"...#
#2026 05 07 21:42:08.230#Z#DEBUG#988ff13c-4a5d-11f1-8594-eeee0a955217.OPERATION#flowable-async-job-executor-thread-8866#
[XS2DetectMtaSchemaVersionStep] Detecting MTA major schema version...#
#2026 05 07 21:42:08.232#Z#INFO#988ff13c-4a5d-11f1-8594-eeee0a955217.OPERATION#flowable-async-job-executor-thread-8866#
[XS2DetectMtaSchemaVersionStep] Detected MTA schema version: "3"#
#2026 05 07 21:42:08.236#Z#DEBUG#988ff13c-4a5d-11f1-8594-eeee0a955217.OPERATION#flowable-async-job-executor-thread-8866#
Step "Detect Schema Version" finished#
#2026 05 07 21:42:08.270#Z#DEBUG#988ff13c-4a5d-11f1-8594-eeee0a955217.OPERATION#flowable-async-job-executor-thread-8867#
[MergeDescriptorsStep] Executing task "mergeDescriptorsTask" of process "988ff162-4a5d-11f1-8594-eeee0a955217"...#
#2026 05 07 21:42:08.270#Z#DEBUG#988ff13c-4a5d-11f1-8594-eeee0a955217.OPERATION#flowable-async-job-executor-thread-8867#
[MergeDescriptorsStep] Validating and merging descriptors...#
#2026 05 07 21:42:08.273#Z#DEBUG#988ff13c-4a5d-11f1-8594-eeee0a955217.OPERATION#flowable-async-job-executor-thread-8867#
[MergeDescriptorsStep] Merged deployment descriptor: {
  "majorSchemaVersion" : 3,
  "schemaVersion" : "3.3.0",
  "id" : "Loja",
  "version" : "1.0.0",
  "modules" : [ {
    "majorSchemaVersion" : 3,
    "name" : "Loja-srv",
    "type" : "javascript.nodejs",
    "path" : "Loja-srv",
    "properties" : { },
    "parameters" : {
      "buildpack" : "nodejs_buildpack",
      "instances" : 1
    },
    "requiredDependencies" : [ {
      "majorSchemaVersion" : 3,
      "name" : "********",
      "properties" : { },
      "parameters" : { },
      "propertiesMetadata" : {
        "metadata" : { }
      },
      "parametersMetadata" : {
        "metadata" : { }
      }
    }, {
      "majorSchemaVersion" : 3,
      "name" : "Loja-db",
      "properties" : { },
      "parameters" : { },
      "propertiesMetadata" : {
        "metadata" : { }
      },
      "parametersMetadata" : {
        "metadata" : { }
      }
    } ],
    "providedDependencies" : [ {
      "majorSchemaVersion" : 3,
      "name" : "srv-api",
      "isPublic" : false,
      "properties" : {
        "srv-url" : "${default-url}"
      },
      "parameters" : { },
      "propertiesMetadata" : {
        "metadata" : { }
      },
      "parametersMetadata" : {
        "metadata" : { }
      }
    }, {
      "majorSchemaVersion" : 3,
      "name" : "Loja-srv",
      "isPublic" : false,
      "properties" : { },
      "parameters" : { },
      "propertiesMetadata" : {
        "metadata" : { }
      },
      "parametersMetadata" : {
        "metadata" : { }
      }
    } ],
    "propertiesMetadata" : {
      "metadata" : { }
    },
    "parametersMetadata" : {
      "metadata" : { }
    },
    "hooks" : [ ]
  }, {
    "majorSchemaVersion" : 3,
    "name" : "Loja-db-deployer",
    "type" : "com.sap.xs.hdi",
    "path" : "Loja-db-deployer",
    "properties" : {
      "EXIT" : 1
    },
    "parameters" : {
      "memory" : "256M",
      "buildpack" : "nodejs_buildpack",
      "no-route" : true,
      "dependency-type" : "hard",
      "tasks" : [ {
        "name" : "deploy",
        "memory" : "256M",
        "command" : "npm start"
      } ],
      "no-start" : true
    },
    "requiredDependencies" : [ {
      "majorSchemaVersion" : 3,
      "name" : "Loja-db",
      "properties" : { },
      "parameters" : { },
      "propertiesMetadata" : {
        "metadata" : { }
      },
      "parametersMetadata" : {
        "metadata" : { }
      }
    } ],
    "providedDependencies" : [ {
      "majorSchemaVersion" : 3,
      "name" : "Loja-db-deployer",
      "isPublic" : false,
      "properties" : { },
      "parameters" : { },
      "propertiesMetadata" : {
        "metadata" : { }
      },
      "parametersMetadata" : {
        "metadata" : { }
      }
    } ],
    "propertiesMetadata" : {
      "metadata" : { }
    },
    "parametersMetadata" : {
      "metadata" : { }
    },
    "hooks" : [ ]
  }, {
    "majorSchemaVersion" : 3,
    "name" : "Loja",
    "type" : "javascript.nodejs",
    "path" : "Loja",
    "properties" : { },
    "parameters" : {
      "disk-quota" : "256M",
      "keep-existing-routes" : true,
      "memory" : "256M"
    },
    "requiredDependencies" : [ {
      "majorSchemaVersion" : 3,
      "name" : "srv-api",
      "group" : "destinations",
      "properties" : {
        "name" : "srv-api",
        "forwardAuthToken" : "********",
        "url" : "~{srv-url}"
      },
      "parameters" : { },
      "propertiesMetadata" : {
        "metadata" : { }
      },
      "parametersMetadata" : {
        "metadata" : { }
      }
    }, {
      "majorSchemaVersion" : 3,
      "name" : "********",
      "properties" : { },
      "parameters" : { },
      "propertiesMetadata" : {
        "metadata" : { }
      },
      "parametersMetadata" : {
        "metadata" : { }
      }
    } ],
    "providedDependencies" : [ {
      "majorSchemaVersion" : 3,
      "name" : "app-api",
      "isPublic" : false,
      "properties" : {
        "app-protocol" : "${protocol}",
        "app-uri" : "${default-uri}"
      },
      "parameters" : { },
      "propertiesMetadata" : {
        "metadata" : { }
      },
      "parametersMetadata" : {
        "metadata" : { }
      }
    }, {
      "majorSchemaVersion" : 3,
      "name" : "Loja",
      "isPublic" : false,
      "properties" : { },
      "parameters" : { },
      "propertiesMetadata" : {
        "metadata" : { }
      },
      "parametersMetadata" : {
        "metadata" : { }
      }
    } ],
    "propertiesMetadata" : {
      "metadata" : { }
    },
    "parametersMetadata" : {
      "metadata" : { }
    },
    "hooks" : [ ]
  } ],
  "resources" : [ {
    "majorSchemaVersion" : 3,
    "name" : "********",
    "type" : "org.cloudfoundry.managed-service",
    "properties" : { },
    "parameters" : {
      "path" : "./xs-security.json",
      "service-plan" : "application",
      "type" : "managed-service",
      "config" : {
        "oauth2-configuration" : "********",
        "tenant-mode" : "dedicated",
        "xsappname" : "Loja-${org}-${space}"
      },
      "service" : "xsuaa"
    },
    "isActive" : true,
    "isOptional" : false,
    "propertiesMetadata" : {
      "metadata" : { }
    },
    "parametersMetadata" : {
      "metadata" : { }
    },
    "requiredDependencies" : [ {
      "majorSchemaVersion" : 3,
      "name" : "app-api",
      "properties" : { },
      "parameters" : { },
      "propertiesMetadata" : {
        "metadata" : { }
      },
      "parametersMetadata" : {
        "metadata" : { }
      }
    } ],
    "processedAfter" : [ ]
  }, {
    "majorSchemaVersion" : 3,
    "name" : "Loja-db",
    "type" : "com.sap.xs.hdi-container",
    "properties" : { },
    "parameters" : {
      "type" : "managed-service",
      "service" : "hana",
      "service-plan" : "hdi-shared"
    },
    "isActive" : true,
    "isOptional" : false,
    "propertiesMetadata" : {
      "metadata" : { }
    },
    "parametersMetadata" : {
      "metadata" : { }
    },
    "requiredDependencies" : [ ],
    "processedAfter" : [ ]
  } ],
  "parameters" : {
    "enable-parallel-deployments" : true
  },
  "parametersMetadata" : {
    "metadata" : { }
  }
}#
#2026 05 07 21:42:08.275#Z#DEBUG#988ff13c-4a5d-11f1-8594-eeee0a955217.OPERATION#flowable-async-job-executor-thread-8867#
[MergeDescriptorsStep] Descriptors validated and merged#
#2026 05 07 21:42:08.275#Z#DEBUG#988ff13c-4a5d-11f1-8594-eeee0a955217.OPERATION#flowable-async-job-executor-thread-8867#
Step "Merge Descriptors" finished#
#2026 05 07 21:42:08.315#Z#DEBUG#988ff13c-4a5d-11f1-8594-eeee0a955217.OPERATION#flowable-async-job-executor-thread-8868#
[DetectDeployedMtaStep] Executing task "detectDeployedMtaTask" of process "988ff162-4a5d-11f1-8594-eeee0a955217"...#
#2026 05 07 21:42:08.316#Z#DEBUG#988ff13c-4a5d-11f1-8594-eeee0a955217.OPERATION#flowable-async-job-executor-thread-8868#
[DetectDeployedMtaStep] Detecting deployed MTA...#
#2026 05 07 21:42:08.317#Z#DEBUG#988ff13c-4a5d-11f1-8594-eeee0a955217.OPERATION#flowable-async-job-executor-thread-8868#
[DetectDeployedMtaStep] Detecting MTA by id Loja and namespace null#
#2026 05 07 21:42:08.317#Z#DEBUG#988ff13c-4a5d-11f1-8594-eeee0a955217.OPERATION#flowable-async-job-executor-thread-8868#
[DetectDeployedMtaStep] Getting applications by metadata label selector "mta_id=c66da0175bd3249e12742501e804bc39,!mta_namespace"...#
#2026 05 07 21:42:08.365#Z#DEBUG#988ff13c-4a5d-11f1-8594-eeee0a955217.OPERATION#flowable-async-job-executor-thread-8868#
[DetectDeployedMtaStep] Getting service instances by metadata label selector "mta_id=c66da0175bd3249e12742501e804bc39,!mta_namespace"...#
#2026 05 07 21:42:08.484#Z#DEBUG#988ff13c-4a5d-11f1-8594-eeee0a955217.OPERATION#flowable-async-job-executor-thread-8868#
[DetectDeployedMtaStep] Deployed MTA: {
  "metadata" : {
    "id" : "Loja",
    "version" : "1.0.0"
  },
  "applications" : [ {
    "name" : "Loja-srv",
    "metadata" : {
      "guid" : "ed9d4a9f-430f-4465-b7b8-1aeb69fb45fe",
      "createdAt" : [ 2026, 5, 7, 21, 36, 14 ],
      "updatedAt" : [ 2026, 5, 7, 21, 37, 23 ]
    },
    "v3Metadata" : {
      "annotations" : {
        "mta_id" : "Loja",
        "mta_version" : "1.0.0",
        "mta_module" : "{\"name\":\"Loja-srv\"}",
        "mta_module_provided_dependencies" : "[]",
        "mta_bound_services" : "********"
      },
      "labels" : {
        "mta_id" : "c66da0175bd3249e12742501e804bc39"
      }
    },
    "state" : "STARTED",
    "lifecycle" : {
      "type" : "BUILDPACK",
      "data" : {
        "stack" : "cflinuxfs4",
        "buildpacks" : [ "nodejs_buildpack" ]
      }
    },
    "space" : {
      "name" : "dev",
      "metadata" : {
        "guid" : "3ae7c67b-9057-463c-933e-5dffbfe90d90",
        "createdAt" : [ 2026, 5, 6, 13, 11, 28 ],
        "updatedAt" : [ 2026, 5, 6, 13, 11, 28 ]
      },
      "organization" : {
        "name" : "03462a2ftrial",
        "metadata" : {
          "guid" : "04493104-1ac5-4d04-8e0e-f1ae4b500c3a",
          "createdAt" : [ 2026, 5, 6, 13, 11, 27 ],
          "updatedAt" : [ 2026, 5, 6, 13, 11, 28 ]
        }
      }
    },
    "moduleName" : "Loja-srv",
    "boundMtaServices" : [ "********", "Loja-db" ],
    "providedDependencyNames" : [ ],
    "productizationState" : "LIVE"
  }, {
    "name" : "Loja-db-deployer",
    "metadata" : {
      "guid" : "540913b5-ee82-43db-a33d-eb5577322406",
      "createdAt" : [ 2026, 5, 7, 21, 36, 14 ],
      "updatedAt" : [ 2026, 5, 7, 21, 38, 4 ]
    },
    "v3Metadata" : {
      "annotations" : {
        "mta_id" : "Loja",
        "mta_version" : "1.0.0",
        "mta_module" : "{\"name\":\"Loja-db-deployer\"}",
        "mta_module_provided_dependencies" : "[]",
        "mta_bound_services" : "[\"Loja-db\"]"
      },
      "labels" : {
        "mta_id" : "c66da0175bd3249e12742501e804bc39"
      }
    },
    "state" : "STOPPED",
    "lifecycle" : {
      "type" : "BUILDPACK",
      "data" : {
        "stack" : "cflinuxfs4",
        "buildpacks" : [ "nodejs_buildpack" ]
      }
    },
    "space" : {
      "name" : "dev",
      "metadata" : {
        "guid" : "3ae7c67b-9057-463c-933e-5dffbfe90d90",
        "createdAt" : [ 2026, 5, 6, 13, 11, 28 ],
        "updatedAt" : [ 2026, 5, 6, 13, 11, 28 ]
      },
      "organization" : {
        "name" : "03462a2ftrial",
        "metadata" : {
          "guid" : "04493104-1ac5-4d04-8e0e-f1ae4b500c3a",
          "createdAt" : [ 2026, 5, 6, 13, 11, 27 ],
          "updatedAt" : [ 2026, 5, 6, 13, 11, 28 ]
        }
      }
    },
    "moduleName" : "Loja-db-deployer",
    "boundMtaServices" : [ "Loja-db" ],
    "providedDependencyNames" : [ ],
    "productizationState" : "LIVE"
  }, {
    "name" : "Loja",
    "metadata" : {
      "guid" : "873ff1b8-4d50-4112-a2cb-c2c99fe18e99",
      "createdAt" : [ 2026, 5, 7, 21, 36, 17 ],
      "updatedAt" : [ 2026, 5, 7, 21, 37, 23 ]
    },
    "v3Metadata" : {
      "annotations" : {
        "mta_id" : "Loja",
        "mta_version" : "1.0.0",
        "mta_module" : "{\"name\":\"Loja\"}",
        "mta_module_provided_dependencies" : "[]",
        "mta_bound_services" : "********"
      },
      "labels" : {
        "mta_id" : "c66da0175bd3249e12742501e804bc39"
      }
    },
    "state" : "STARTED",
    "lifecycle" : {
      "type" : "BUILDPACK",
      "data" : {
        "stack" : "cflinuxfs4",
        "buildpacks" : [ ]
      }
    },
    "space" : {
      "name" : "dev",
      "metadata" : {
        "guid" : "3ae7c67b-9057-463c-933e-5dffbfe90d90",
        "createdAt" : [ 2026, 5, 6, 13, 11, 28 ],
        "updatedAt" : [ 2026, 5, 6, 13, 11, 28 ]
      },
      "organization" : {
        "name" : "03462a2ftrial",
        "metadata" : {
          "guid" : "04493104-1ac5-4d04-8e0e-f1ae4b500c3a",
          "createdAt" : [ 2026, 5, 6, 13, 11, 27 ],
          "updatedAt" : [ 2026, 5, 6, 13, 11, 28 ]
        }
      }
    },
    "moduleName" : "Loja",
    "boundMtaServices" : [ "********" ],
    "providedDependencyNames" : [ ],
    "productizationState" : "LIVE"
  } ],
  "services" : [ {
    "name" : "********",
    "metadata" : {
      "guid" : "3e58e042-919f-4b73-923a-17fab92a9330",
      "createdAt" : [ 2026, 5, 7, 21, 35, 59 ],
      "updatedAt" : [ 2026, 5, 7, 21, 36 ]
    },
    "v3Metadata" : {
      "annotations" : {
        "mta_id" : "Loja",
        "mta_version" : "1.0.0",
        "mta_resource" : "********"
      },
      "labels" : {
        "mta_id" : "c66da0175bd3249e12742501e804bc39"
      }
    },
    "label" : "xsuaa",
    "plan" : "application",
    "credentials" : "********",
    "tags" : [ ],
    "type" : "managed",
    "lastOperation" : {
      "type" : "CREATE",
      "description" : "",
      "state" : "SUCCEEDED"
    },
    "resourceName" : "********"
  }, {
    "name" : "Loja-db",
    "metadata" : {
      "guid" : "a23bff1b-91e8-488d-bcac-9e3d26ae9223",
      "createdAt" : [ 2026, 5, 7, 21, 35, 58 ],
      "updatedAt" : [ 2026, 5, 7, 21, 36 ]
    },
    "v3Metadata" : {
      "annotations" : {
        "mta_id" : "Loja",
        "mta_version" : "1.0.0",
        "mta_resource" : "{\"name\":\"Loja-db\"}"
      },
      "labels" : {
        "mta_id" : "c66da0175bd3249e12742501e804bc39"
      }
    },
    "label" : "hana",
    "plan" : "hdi-shared",
    "credentials" : "********",
    "tags" : [ ],
    "type" : "managed",
    "lastOperation" : {
      "type" : "CREATE",
      "state" : "SUCCEEDED"
    },
    "resourceName" : "Loja-db"
  } ]
}#
#2026 05 07 21:42:08.484#Z#INFO#988ff13c-4a5d-11f1-8594-eeee0a955217.OPERATION#flowable-async-job-executor-thread-8868#
[DetectDeployedMtaStep] Detected deployed MTA with ID "Loja" and version "1.0.0"#
#2026 05 07 21:42:08.490#Z#DEBUG#988ff13c-4a5d-11f1-8594-eeee0a955217.OPERATION#flowable-async-job-executor-thread-8868#
[DetectDeployedMtaStep] Detecting backup mta by id "Loja" and namespace "null"#
#2026 05 07 21:42:08.490#Z#DEBUG#988ff13c-4a5d-11f1-8594-eeee0a955217.OPERATION#flowable-async-job-executor-thread-8868#
[DetectDeployedMtaStep] Getting applications by metadata label selector "mta_id=c66da0175bd3249e12742501e804bc39,mta_namespace=b698114a0995e936895b9598a6c19a2c"...#
#2026 05 07 21:42:08.535#Z#DEBUG#988ff13c-4a5d-11f1-8594-eeee0a955217.OPERATION#flowable-async-job-executor-thread-8868#
[DetectDeployedMtaStep] Getting service instances by metadata label selector "mta_id=c66da0175bd3249e12742501e804bc39,mta_namespace=b698114a0995e936895b9598a6c19a2c"...#
#2026 05 07 21:42:08.593#Z#DEBUG#988ff13c-4a5d-11f1-8594-eeee0a955217.OPERATION#flowable-async-job-executor-thread-8868#
[DetectDeployedMtaStep] Deployed MTA service keys: [ ]#
#2026 05 07 21:42:08.593#Z#DEBUG#988ff13c-4a5d-11f1-8594-eeee0a955217.OPERATION#flowable-async-job-executor-thread-8868#
Step "Detect Deployed MTA" finished#
#2026 05 07 21:42:08.636#Z#DEBUG#988ff13c-4a5d-11f1-8594-eeee0a955217.OPERATION#flowable-async-job-executor-thread-8869#
[XS2CollectSystemParametersStep] Executing task "collectSystemParametersTask" of process "988ff162-4a5d-11f1-8594-eeee0a955217"...#
#2026 05 07 21:42:08.637#Z#DEBUG#988ff13c-4a5d-11f1-8594-eeee0a955217.OPERATION#flowable-async-job-executor-thread-8869#
[XS2CollectSystemParametersStep] Collecting system parameters...#
#2026 05 07 21:42:08.638#Z#DEBUG#988ff13c-4a5d-11f1-8594-eeee0a955217.OPERATION#flowable-async-job-executor-thread-8869#
[XS2CollectSystemParametersStep] Getting default domain...#
#2026 05 07 21:42:08.667#Z#DEBUG#988ff13c-4a5d-11f1-8594-eeee0a955217.OPERATION#flowable-async-job-executor-thread-8869#
[XS2CollectSystemParametersStep] Default domain: cfapps.us10-001.hana.ondemand.com#
#2026 05 07 21:42:08.669#Z#DEBUG#988ff13c-4a5d-11f1-8594-eeee0a955217.OPERATION#flowable-async-job-executor-thread-8869#
[XS2CollectSystemParametersStep] Checking for overwriting read-only parameters for mta with id: "Loja"#
#2026 05 07 21:42:08.669#Z#DEBUG#988ff13c-4a5d-11f1-8594-eeee0a955217.OPERATION#flowable-async-job-executor-thread-8869#
[XS2CollectSystemParametersStep] No read-only parameters are overwritten#
#2026 05 07 21:42:08.682#Z#DEBUG#988ff13c-4a5d-11f1-8594-eeee0a955217.OPERATION#flowable-async-job-executor-thread-8869#
[XS2CollectSystemParametersStep] Descriptor with system parameters: {
  "majorSchemaVersion" : 3,
  "schemaVersion" : "3.3.0",
  "id" : "Loja",
  "version" : "1.0.0",
  "modules" : [ {
    "majorSchemaVersion" : 3,
    "name" : "Loja-srv",
    "type" : "javascript.nodejs",
    "path" : "Loja-srv",
    "properties" : { },
    "parameters" : {
      "default-url" : "${protocol}://${default-uri}",
      "default-app-name" : "Loja-srv",
      "generated-password" : "********",
      "default-live-url" : "${protocol}://${default-live-uri}",
      "default-uri" : "${host}.${domain}",
      "default-instances" : 1,
      "default-live-host" : "03462a2ftrial-dev-loja-srv",
      "instances" : 1,
      "buildpack" : "nodejs_buildpack",
      "default-host" : "03462a2ftrial-dev-loja-srv",
      "app-name" : "${default-app-name}",
      "default-live-uri" : "03462a2ftrial-dev-loja-srv.${domain}",
      "protocol" : "https",
      "default-live-app-name" : "Loja-srv",
      "default-live-domain" : "cfapps.us10-001.hana.ondemand.com",
      "domain" : "${default-domain}",
      "host" : "${default-host}",
      "generated-user" : "********"
    },
    "requiredDependencies" : [ {
      "majorSchemaVersion" : 3,
      "name" : "********",
      "properties" : { },
      "parameters" : { },
      "propertiesMetadata" : {
        "metadata" : { }
      },
      "parametersMetadata" : {
        "metadata" : { }
      }
    }, {
      "majorSchemaVersion" : 3,
      "name" : "Loja-db",
      "properties" : { },
      "parameters" : { },
      "propertiesMetadata" : {
        "metadata" : { }
      },
      "parametersMetadata" : {
        "metadata" : { }
      }
    } ],
    "providedDependencies" : [ {
      "majorSchemaVersion" : 3,
      "name" : "srv-api",
      "isPublic" : false,
      "properties" : {
        "srv-url" : "${default-url}"
      },
      "parameters" : { },
      "propertiesMetadata" : {
        "metadata" : { }
      },
      "parametersMetadata" : {
        "metadata" : { }
      }
    }, {
      "majorSchemaVersion" : 3,
      "name" : "Loja-srv",
      "isPublic" : false,
      "properties" : { },
      "parameters" : { },
      "propertiesMetadata" : {
        "metadata" : { }
      },
      "parametersMetadata" : {
        "metadata" : { }
      }
    } ],
    "propertiesMetadata" : {
      "metadata" : { }
    },
    "parametersMetadata" : {
      "metadata" : { }
    },
    "hooks" : [ ]
  }, {
    "majorSchemaVersion" : 3,
    "name" : "Loja-db-deployer",
    "type" : "com.sap.xs.hdi",
    "path" : "Loja-db-deployer",
    "properties" : {
      "EXIT" : 1
    },
    "parameters" : {
      "default-url" : "${protocol}://${default-uri}",
      "default-app-name" : "Loja-db-deployer",
      "generated-password" : "********",
      "default-live-url" : "${protocol}://${default-live-uri}",
      "default-uri" : "${host}.${domain}",
      "memory" : "256M",
      "default-instances" : 1,
      "no-route" : true,
      "default-live-host" : "03462a2ftrial-dev-loja-db-deployer",
      "instances" : "${default-instances}",
      "buildpack" : "nodejs_buildpack",
      "default-host" : "03462a2ftrial-dev-loja-db-deployer",
      "app-name" : "${default-app-name}",
      "default-live-uri" : "03462a2ftrial-dev-loja-db-deployer.${domain}",
      "protocol" : "https",
      "default-live-app-name" : "Loja-db-deployer",
      "default-live-domain" : "cfapps.us10-001.hana.ondemand.com",
      "dependency-type" : "hard",
      "domain" : "${default-domain}",
      "host" : "${default-host}",
      "generated-user" : "********",
      "tasks" : [ {
        "name" : "deploy",
        "memory" : "256M",
        "command" : "npm start"
      } ],
      "no-start" : true
    },
    "requiredDependencies" : [ {
      "majorSchemaVersion" : 3,
      "name" : "Loja-db",
      "properties" : { },
      "parameters" : { },
      "propertiesMetadata" : {
        "metadata" : { }
      },
      "parametersMetadata" : {
        "metadata" : { }
      }
    } ],
    "providedDependencies" : [ {
      "majorSchemaVersion" : 3,
      "name" : "Loja-db-deployer",
      "isPublic" : false,
      "properties" : { },
      "parameters" : { },
      "propertiesMetadata" : {
        "metadata" : { }
      },
      "parametersMetadata" : {
        "metadata" : { }
      }
    } ],
    "propertiesMetadata" : {
      "metadata" : { }
    },
    "parametersMetadata" : {
      "metadata" : { }
    },
    "hooks" : [ ]
  }, {
    "majorSchemaVersion" : 3,
    "name" : "Loja",
    "type" : "javascript.nodejs",
    "path" : "Loja",
    "properties" : { },
    "parameters" : {
      "default-url" : "${protocol}://${default-uri}",
      "default-app-name" : "Loja",
      "generated-password" : "********",
      "default-live-url" : "${protocol}://${default-live-uri}",
      "default-uri" : "${host}.${domain}",
      "memory" : "256M",
      "default-instances" : 1,
      "default-live-host" : "03462a2ftrial-dev-loja",
      "instances" : "${default-instances}",
      "default-host" : "03462a2ftrial-dev-loja",
      "keep-existing-routes" : true,
      "app-name" : "${default-app-name}",
      "default-live-uri" : "03462a2ftrial-dev-loja.${domain}",
      "protocol" : "https",
      "default-live-app-name" : "Loja",
      "default-live-domain" : "cfapps.us10-001.hana.ondemand.com",
      "disk-quota" : "256M",
      "domain" : "${default-domain}",
      "host" : "${default-host}",
      "generated-user" : "********"
    },
    "requiredDependencies" : [ {
      "majorSchemaVersion" : 3,
      "name" : "srv-api",
      "group" : "destinations",
      "properties" : {
        "name" : "srv-api",
        "forwardAuthToken" : "********",
        "url" : "~{srv-url}"
      },
      "parameters" : { },
      "propertiesMetadata" : {
        "metadata" : { }
      },
      "parametersMetadata" : {
        "metadata" : { }
      }
    }, {
      "majorSchemaVersion" : 3,
      "name" : "********",
      "properties" : { },
      "parameters" : { },
      "propertiesMetadata" : {
        "metadata" : { }
      },
      "parametersMetadata" : {
        "metadata" : { }
      }
    } ],
    "providedDependencies" : [ {
      "majorSchemaVersion" : 3,
      "name" : "app-api",
      "isPublic" : false,
      "properties" : {
        "app-protocol" : "${protocol}",
        "app-uri" : "${default-uri}"
      },
      "parameters" : { },
      "propertiesMetadata" : {
        "metadata" : { }
      },
      "parametersMetadata" : {
        "metadata" : { }
      }
    }, {
      "majorSchemaVersion" : 3,
      "name" : "Loja",
      "isPublic" : false,
      "properties" : { },
      "parameters" : { },
      "propertiesMetadata" : {
        "metadata" : { }
      },
      "parametersMetadata" : {
        "metadata" : { }
      }
    } ],
    "propertiesMetadata" : {
      "metadata" : { }
    },
    "parametersMetadata" : {
      "metadata" : { }
    },
    "hooks" : [ ]
  } ],
  "resources" : [ {
    "majorSchemaVersion" : 3,
    "name" : "********",
    "type" : "org.cloudfoundry.managed-service",
    "properties" : { },
    "parameters" : {
      "generated-password" : "********",
      "path" : "./xs-security.json",
      "service-name" : "${default-service-name}",
      "service-plan" : "application",
      "service" : "xsuaa",
      "generated-user" : "********",
      "default-xsappname" : "********",
      "type" : "managed-service",
      "config" : {
        "oauth2-configuration" : "********",
        "tenant-mode" : "dedicated",
        "xsappname" : "Loja-${org}-${space}"
      },
      "default-service-name" : "********",
      "default-container-name" : "********"
    },
    "isActive" : true,
    "isOptional" : false,
    "propertiesMetadata" : {
      "metadata" : { }
    },
    "parametersMetadata" : {
      "metadata" : { }
    },
    "requiredDependencies" : [ {
      "majorSchemaVersion" : 3,
      "name" : "app-api",
      "properties" : { },
      "parameters" : { },
      "propertiesMetadata" : {
        "metadata" : { }
      },
      "parametersMetadata" : {
        "metadata" : { }
      }
    } ],
    "processedAfter" : [ ]
  }, {
    "majorSchemaVersion" : 3,
    "name" : "Loja-db",
    "type" : "com.sap.xs.hdi-container",
    "properties" : { },
    "parameters" : {
      "generated-password" : "********",
      "service-name" : "${default-service-name}",
      "service-plan" : "hdi-shared",
      "service" : "hana",
      "generated-user" : "********",
      "default-xsappname" : "Loja-db",
      "type" : "managed-service",
      "default-service-name" : "Loja-db",
      "default-container-name" : "03462A2FTRIAL_DEV_LOJA_DB"
    },
    "isActive" : true,
    "isOptional" : false,
    "propertiesMetadata" : {
      "metadata" : { }
    },
    "parametersMetadata" : {
      "metadata" : { }
    },
    "requiredDependencies" : [ ],
    "processedAfter" : [ ]
  } ],
  "parameters" : {
    "mta-id" : "Loja",
    "authorization-url" : "********",
    "org-guid" : "04493104-1ac5-4d04-8e0e-f1ae4b500c3a",
    "org" : "03462a2ftrial",
    "deploy-target" : "03462a2ftrial dev",
    "enable-parallel-deployments" : true,
    "space" : "dev",
    "xs-api-url" : "https://api.cf.us10-001.hana.ondemand.com",
    "deploy-url" : "deploy-service.cfapps.us10-001.hana.ondemand.com",
    "xs-type" : "CF",
    "default-domain" : "cfapps.us10-001.hana.ondemand.com",
    "mta-version" : "1.0.0",
    "xs-auth-url" : "********",
    "space-guid" : "3ae7c67b-9057-463c-933e-5dffbfe90d90",
    "user" : "********",
    "controller-url" : "https://api.cf.us10-001.hana.ondemand.com",
    "timestamp" : "20260507214207"
  },
  "parametersMetadata" : {
    "metadata" : { }
  }
}#
#2026 05 07 21:42:08.683#Z#DEBUG#988ff13c-4a5d-11f1-8594-eeee0a955217.OPERATION#flowable-async-job-executor-thread-8869#
[XS2CollectSystemParametersStep] Version rule: SAME_HIGHER#
#2026 05 07 21:42:08.683#Z#INFO#988ff13c-4a5d-11f1-8594-eeee0a955217.OPERATION#flowable-async-job-executor-thread-8869#
[XS2CollectSystemParametersStep] Detected new MTA version: "1.0.0"#
#2026 05 07 21:42:08.690#Z#INFO#988ff13c-4a5d-11f1-8594-eeee0a955217.OPERATION#flowable-async-job-executor-thread-8869#
[XS2CollectSystemParametersStep] Deployed MTA version: "1.0.0"#
#2026 05 07 21:42:08.695#Z#DEBUG#988ff13c-4a5d-11f1-8594-eeee0a955217.OPERATION#flowable-async-job-executor-thread-8869#
[XS2CollectSystemParametersStep] MTA accepted for deployment#
#2026 05 07 21:42:08.695#Z#DEBUG#988ff13c-4a5d-11f1-8594-eeee0a955217.OPERATION#flowable-async-job-executor-thread-8869#
[XS2CollectSystemParametersStep] System parameters collected#
#2026 05 07 21:42:08.696#Z#DEBUG#988ff13c-4a5d-11f1-8594-eeee0a955217.OPERATION#flowable-async-job-executor-thread-8869#
Step "Collect System Parameters" finished#
#2026 05 07 21:42:08.735#Z#DEBUG#988ff13c-4a5d-11f1-8594-eeee0a955217.OPERATION#flowable-async-job-executor-thread-8862#
[ProcessDescriptorStep] Executing task "processDescriptorTask" of process "988ff162-4a5d-11f1-8594-eeee0a955217"...#
#2026 05 07 21:42:08.736#Z#DEBUG#988ff13c-4a5d-11f1-8594-eeee0a955217.OPERATION#flowable-async-job-executor-thread-8862#
[ProcessDescriptorStep] Resolving properties and parameters in merged descriptor...#
#2026 05 07 21:42:08.740#Z#DEBUG#988ff13c-4a5d-11f1-8594-eeee0a955217.OPERATION#flowable-async-job-executor-thread-8862#
[ProcessDescriptorStep] Subscriptions: [ ]#
#2026 05 07 21:42:08.740#Z#DEBUG#988ff13c-4a5d-11f1-8594-eeee0a955217.OPERATION#flowable-async-job-executor-thread-8862#
[ProcessDescriptorStep] MTA modules: [Loja-db-deployer, Loja, Loja-srv]#
#2026 05 07 21:42:08.741#Z#DEBUG#988ff13c-4a5d-11f1-8594-eeee0a955217.OPERATION#flowable-async-job-executor-thread-8862#
[ProcessDescriptorStep] Resolved deployment descriptor: {
  "majorSchemaVersion" : 3,
  "schemaVersion" : "3.3.0",
  "id" : "Loja",
  "version" : "1.0.0",
  "modules" : [ {
    "majorSchemaVersion" : 3,
    "name" : "Loja-srv",
    "type" : "javascript.nodejs",
    "path" : "Loja-srv",
    "properties" : { },
    "parameters" : {
      "default-url" : "https://03462a2ftrial-dev-loja-srv.cfapps.us10-001.hana.ondemand.com",
      "default-app-name" : "Loja-srv",
      "generated-password" : "********",
      "default-live-url" : "https://03462a2ftrial-dev-loja-srv.cfapps.us10-001.hana.ondemand.com",
      "default-uri" : "03462a2ftrial-dev-loja-srv.cfapps.us10-001.hana.ondemand.com",
      "default-instances" : 1,
      "default-live-host" : "03462a2ftrial-dev-loja-srv",
      "instances" : 1,
      "buildpack" : "nodejs_buildpack",
      "default-host" : "03462a2ftrial-dev-loja-srv",
      "app-name" : "Loja-srv",
      "default-live-uri" : "03462a2ftrial-dev-loja-srv.cfapps.us10-001.hana.ondemand.com",
      "protocol" : "https",
      "default-live-app-name" : "Loja-srv",
      "default-live-domain" : "cfapps.us10-001.hana.ondemand.com",
      "domain" : "cfapps.us10-001.hana.ondemand.com",
      "host" : "03462a2ftrial-dev-loja-srv",
      "generated-user" : "********"
    },
    "requiredDependencies" : [ {
      "majorSchemaVersion" : 3,
      "name" : "********",
      "properties" : { },
      "parameters" : { },
      "propertiesMetadata" : {
        "metadata" : { }
      },
      "parametersMetadata" : {
        "metadata" : { }
      }
    }, {
      "majorSchemaVersion" : 3,
      "name" : "Loja-db",
      "properties" : { },
      "parameters" : { },
      "propertiesMetadata" : {
        "metadata" : { }
      },
      "parametersMetadata" : {
        "metadata" : { }
      }
    } ],
    "providedDependencies" : [ {
      "majorSchemaVersion" : 3,
      "name" : "srv-api",
      "isPublic" : false,
      "properties" : {
        "srv-url" : "https://03462a2ftrial-dev-loja-srv.cfapps.us10-001.hana.ondemand.com"
      },
      "parameters" : { },
      "propertiesMetadata" : {
        "metadata" : { }
      },
      "parametersMetadata" : {
        "metadata" : { }
      }
    }, {
      "majorSchemaVersion" : 3,
      "name" : "Loja-srv",
      "isPublic" : false,
      "properties" : { },
      "parameters" : { },
      "propertiesMetadata" : {
        "metadata" : { }
      },
      "parametersMetadata" : {
        "metadata" : { }
      }
    } ],
    "propertiesMetadata" : {
      "metadata" : { }
    },
    "parametersMetadata" : {
      "metadata" : { }
    },
    "hooks" : [ ]
  }, {
    "majorSchemaVersion" : 3,
    "name" : "Loja-db-deployer",
    "type" : "com.sap.xs.hdi",
    "path" : "Loja-db-deployer",
    "properties" : {
      "EXIT" : 1
    },
    "parameters" : {
      "default-url" : "https://03462a2ftrial-dev-loja-db-deployer.cfapps.us10-001.hana.ondemand.com",
      "default-app-name" : "Loja-db-deployer",
      "generated-password" : "********",
      "default-live-url" : "https://03462a2ftrial-dev-loja-db-deployer.cfapps.us10-001.hana.ondemand.com",
      "default-uri" : "03462a2ftrial-dev-loja-db-deployer.cfapps.us10-001.hana.ondemand.com",
      "memory" : "256M",
      "default-instances" : 1,
      "no-route" : true,
      "default-live-host" : "03462a2ftrial-dev-loja-db-deployer",
      "instances" : 1,
      "buildpack" : "nodejs_buildpack",
      "default-host" : "03462a2ftrial-dev-loja-db-deployer",
      "app-name" : "Loja-db-deployer",
      "default-live-uri" : "03462a2ftrial-dev-loja-db-deployer.cfapps.us10-001.hana.ondemand.com",
      "protocol" : "https",
      "default-live-app-name" : "Loja-db-deployer",
      "default-live-domain" : "cfapps.us10-001.hana.ondemand.com",
      "dependency-type" : "hard",
      "domain" : "cfapps.us10-001.hana.ondemand.com",
      "host" : "03462a2ftrial-dev-loja-db-deployer",
      "generated-user" : "********",
      "tasks" : [ {
        "command" : "npm start",
        "memory" : "256M",
        "name" : "deploy"
      } ],
      "no-start" : true
    },
    "requiredDependencies" : [ {
      "majorSchemaVersion" : 3,
      "name" : "Loja-db",
      "properties" : { },
      "parameters" : { },
      "propertiesMetadata" : {
        "metadata" : { }
      },
      "parametersMetadata" : {
        "metadata" : { }
      }
    } ],
    "providedDependencies" : [ {
      "majorSchemaVersion" : 3,
      "name" : "Loja-db-deployer",
      "isPublic" : false,
      "properties" : { },
      "parameters" : { },
      "propertiesMetadata" : {
        "metadata" : { }
      },
      "parametersMetadata" : {
        "metadata" : { }
      }
    } ],
    "propertiesMetadata" : {
      "metadata" : { }
    },
    "parametersMetadata" : {
      "metadata" : { }
    },
    "hooks" : [ ]
  }, {
    "majorSchemaVersion" : 3,
    "name" : "Loja",
    "type" : "javascript.nodejs",
    "path" : "Loja",
    "properties" : { },
    "parameters" : {
      "default-url" : "https://03462a2ftrial-dev-loja.cfapps.us10-001.hana.ondemand.com",
      "default-app-name" : "Loja",
      "generated-password" : "********",
      "default-live-url" : "https://03462a2ftrial-dev-loja.cfapps.us10-001.hana.ondemand.com",
      "default-uri" : "03462a2ftrial-dev-loja.cfapps.us10-001.hana.ondemand.com",
      "memory" : "256M",
      "default-instances" : 1,
      "default-live-host" : "03462a2ftrial-dev-loja",
      "instances" : 1,
      "default-host" : "03462a2ftrial-dev-loja",
      "keep-existing-routes" : true,
      "app-name" : "Loja",
      "default-live-uri" : "03462a2ftrial-dev-loja.cfapps.us10-001.hana.ondemand.com",
      "protocol" : "https",
      "default-live-app-name" : "Loja",
      "default-live-domain" : "cfapps.us10-001.hana.ondemand.com",
      "disk-quota" : "256M",
      "domain" : "cfapps.us10-001.hana.ondemand.com",
      "host" : "03462a2ftrial-dev-loja",
      "generated-user" : "********"
    },
    "requiredDependencies" : [ {
      "majorSchemaVersion" : 3,
      "name" : "srv-api",
      "group" : "destinations",
      "properties" : {
        "name" : "srv-api",
        "forwardAuthToken" : "********",
        "url" : "https://03462a2ftrial-dev-loja-srv.cfapps.us10-001.hana.ondemand.com"
      },
      "parameters" : { },
      "propertiesMetadata" : {
        "metadata" : { }
      },
      "parametersMetadata" : {
        "metadata" : { }
      }
    }, {
      "majorSchemaVersion" : 3,
      "name" : "********",
      "properties" : { },
      "parameters" : { },
      "propertiesMetadata" : {
        "metadata" : { }
      },
      "parametersMetadata" : {
        "metadata" : { }
      }
    } ],
    "providedDependencies" : [ {
      "majorSchemaVersion" : 3,
      "name" : "app-api",
      "isPublic" : false,
      "properties" : {
        "app-protocol" : "https",
        "app-uri" : "03462a2ftrial-dev-loja.cfapps.us10-001.hana.ondemand.com"
      },
      "parameters" : { },
      "propertiesMetadata" : {
        "metadata" : { }
      },
      "parametersMetadata" : {
        "metadata" : { }
      }
    }, {
      "majorSchemaVersion" : 3,
      "name" : "Loja",
      "isPublic" : false,
      "properties" : { },
      "parameters" : { },
      "propertiesMetadata" : {
        "metadata" : { }
      },
      "parametersMetadata" : {
        "metadata" : { }
      }
    } ],
    "propertiesMetadata" : {
      "metadata" : { }
    },
    "parametersMetadata" : {
      "metadata" : { }
    },
    "hooks" : [ ]
  } ],
  "resources" : [ {
    "majorSchemaVersion" : 3,
    "name" : "********",
    "type" : "org.cloudfoundry.managed-service",
    "properties" : { },
    "parameters" : {
      "generated-password" : "********",
      "path" : "./xs-security.json",
      "service-name" : "********",
      "service-plan" : "application",
      "service" : "xsuaa",
      "generated-user" : "********",
      "default-xsappname" : "********",
      "type" : "managed-service",
      "config" : {
        "oauth2-configuration" : "********",
        "tenant-mode" : "dedicated",
        "xsappname" : "Loja-03462a2ftrial-dev"
      },
      "default-service-name" : "********",
      "default-container-name" : "********"
    },
    "isActive" : true,
    "isOptional" : false,
    "propertiesMetadata" : {
      "metadata" : { }
    },
    "parametersMetadata" : {
      "metadata" : { }
    },
    "requiredDependencies" : [ {
      "majorSchemaVersion" : 3,
      "name" : "app-api",
      "properties" : { },
      "parameters" : { },
      "propertiesMetadata" : {
        "metadata" : { }
      },
      "parametersMetadata" : {
        "metadata" : { }
      }
    } ],
    "processedAfter" : [ ]
  }, {
    "majorSchemaVersion" : 3,
    "name" : "Loja-db",
    "type" : "com.sap.xs.hdi-container",
    "properties" : { },
    "parameters" : {
      "generated-password" : "********",
      "service-name" : "Loja-db",
      "service-plan" : "hdi-shared",
      "service" : "hana",
      "generated-user" : "********",
      "default-xsappname" : "Loja-db",
      "type" : "managed-service",
      "default-service-name" : "Loja-db",
      "default-container-name" : "03462A2FTRIAL_DEV_LOJA_DB"
    },
    "isActive" : true,
    "isOptional" : false,
    "propertiesMetadata" : {
      "metadata" : { }
    },
    "parametersMetadata" : {
      "metadata" : { }
    },
    "requiredDependencies" : [ ],
    "processedAfter" : [ ]
  } ],
  "parameters" : {
    "mta-id" : "Loja",
    "authorization-url" : "********",
    "org-guid" : "04493104-1ac5-4d04-8e0e-f1ae4b500c3a",
    "org" : "03462a2ftrial",
    "deploy-target" : "03462a2ftrial dev",
    "enable-parallel-deployments" : true,
    "region-primary-domain" : "us10.hana.ondemand.com",
    "space" : "dev",
    "region-domain" : "us10-001.hana.ondemand.com",
    "xs-api-url" : "https://api.cf.us10-001.hana.ondemand.com",
    "deploy-url" : "deploy-service.cfapps.us10-001.hana.ondemand.com",
    "xs-type" : "CF",
    "default-domain" : "cfapps.us10-001.hana.ondemand.com",
    "mta-version" : "1.0.0",
    "xs-auth-url" : "********",
    "space-guid" : "3ae7c67b-9057-463c-933e-5dffbfe90d90",
    "user" : "********",
    "controller-url" : "https://api.cf.us10-001.hana.ondemand.com",
    "timestamp" : "20260507214207"
  },
  "parametersMetadata" : {
    "metadata" : { }
  }
}#
#2026 05 07 21:42:08.741#Z#DEBUG#988ff13c-4a5d-11f1-8594-eeee0a955217.OPERATION#flowable-async-job-executor-thread-8862#
[ProcessDescriptorStep] Merged descriptor properties and parameters resolved#
#2026 05 07 21:42:08.741#Z#DEBUG#988ff13c-4a5d-11f1-8594-eeee0a955217.OPERATION#flowable-async-job-executor-thread-8862#
Step "Process Descriptor Step" finished#
#2026 05 07 21:42:08.778#Z#DEBUG#988ff13c-4a5d-11f1-8594-eeee0a955217.OPERATION#flowable-async-job-executor-thread-8863#
[XS2BuildCloudDeployModelStep] Executing task "buildDeployModelTask" of process "988ff162-4a5d-11f1-8594-eeee0a955217"...#
#2026 05 07 21:42:08.781#Z#DEBUG#988ff13c-4a5d-11f1-8594-eeee0a955217.OPERATION#flowable-async-job-executor-thread-8863#
[XS2BuildCloudDeployModelStep] Service keys defined for content deployment grouped by service name: { }#
#2026 05 07 21:42:08.781#Z#DEBUG#988ff13c-4a5d-11f1-8594-eeee0a955217.OPERATION#flowable-async-job-executor-thread-8863#
[XS2BuildCloudDeployModelStep] Building cloud deployment model...#
#2026 05 07 21:42:08.783#Z#DEBUG#988ff13c-4a5d-11f1-8594-eeee0a955217.OPERATION#flowable-async-job-executor-thread-8863#
[XS2BuildCloudDeployModelStep] MTA archive modules: [Loja-db-deployer, Loja, Loja-srv]#
#2026 05 07 21:42:08.783#Z#DEBUG#988ff13c-4a5d-11f1-8594-eeee0a955217.OPERATION#flowable-async-job-executor-thread-8863#
[XS2BuildCloudDeployModelStep] Deployed modules: [Loja, Loja-db-deployer, Loja-srv]#
#2026 05 07 21:42:08.784#Z#DEBUG#988ff13c-4a5d-11f1-8594-eeee0a955217.OPERATION#flowable-async-job-executor-thread-8863#
[XS2BuildCloudDeployModelStep] MTA modules: [Loja-db-deployer, Loja, Loja-srv]#
#2026 05 07 21:42:08.785#Z#DEBUG#988ff13c-4a5d-11f1-8594-eeee0a955217.OPERATION#flowable-async-job-executor-thread-8863#
[XS2BuildCloudDeployModelStep] Service keys to create: {
  "Loja-db" : [ ],
  "Loja-auth" : "********"
}#
#2026 05 07 21:42:08.785#Z#DEBUG#988ff13c-4a5d-11f1-8594-eeee0a955217.OPERATION#flowable-async-job-executor-thread-8863#
[XS2BuildCloudDeployModelStep] Modules to deploy: [{
  "majorSchemaVersion" : 3,
  "name" : "Loja-srv",
  "type" : "javascript.nodejs",
  "path" : "Loja-srv",
  "properties" : { },
  "parameters" : {
    "default-url" : "https://03462a2ftrial-dev-loja-srv.cfapps.us10-001.hana.ondemand.com",
    "default-app-name" : "Loja-srv",
    "generated-password" : "********",
    "default-live-url" : "https://03462a2ftrial-dev-loja-srv.cfapps.us10-001.hana.ondemand.com",
    "default-uri" : "03462a2ftrial-dev-loja-srv.cfapps.us10-001.hana.ondemand.com",
    "default-instances" : 1,
    "default-live-host" : "03462a2ftrial-dev-loja-srv",
    "instances" : 1,
    "buildpack" : "nodejs_buildpack",
    "default-host" : "03462a2ftrial-dev-loja-srv",
    "app-name" : "Loja-srv",
    "default-live-uri" : "03462a2ftrial-dev-loja-srv.cfapps.us10-001.hana.ondemand.com",
    "protocol" : "https",
    "default-live-app-name" : "Loja-srv",
    "default-live-domain" : "cfapps.us10-001.hana.ondemand.com",
    "dependency-type" : "soft",
    "domain" : "cfapps.us10-001.hana.ondemand.com",
    "host" : "03462a2ftrial-dev-loja-srv",
    "generated-user" : "********"
  },
  "requiredDependencies" : [ {
    "majorSchemaVersion" : 3,
    "name" : "********",
    "properties" : { },
    "parameters" : { },
    "propertiesMetadata" : {
      "metadata" : { }
    },
    "parametersMetadata" : {
      "metadata" : { }
    }
  }, {
    "majorSchemaVersion" : 3,
    "name" : "Loja-db",
    "properties" : { },
    "parameters" : { },
    "propertiesMetadata" : {
      "metadata" : { }
    },
    "parametersMetadata" : {
      "metadata" : { }
    }
  } ],
  "providedDependencies" : [ {
    "majorSchemaVersion" : 3,
    "name" : "srv-api",
    "isPublic" : false,
    "properties" : {
      "srv-url" : "https://03462a2ftrial-dev-loja-srv.cfapps.us10-001.hana.ondemand.com"
    },
    "parameters" : { },
    "propertiesMetadata" : {
      "metadata" : { }
    },
    "parametersMetadata" : {
      "metadata" : { }
    }
  }, {
    "majorSchemaVersion" : 3,
    "name" : "Loja-srv",
    "isPublic" : false,
    "properties" : { },
    "parameters" : { },
    "propertiesMetadata" : {
      "metadata" : { }
    },
    "parametersMetadata" : {
      "metadata" : { }
    }
  } ],
  "propertiesMetadata" : {
    "metadata" : { }
  },
  "parametersMetadata" : {
    "metadata" : { }
  },
  "deployedAfter" : [ ],
  "hooks" : [ ]
}, {
  "majorSchemaVersion" : 3,
  "name" : "Loja-db-deployer",
  "type" : "com.sap.xs.hdi",
  "path" : "Loja-db-deployer",
  "properties" : {
    "EXIT" : 1
  },
  "parameters" : {
    "default-url" : "https://03462a2ftrial-dev-loja-db-deployer.cfapps.us10-001.hana.ondemand.com",
    "default-app-name" : "Loja-db-deployer",
    "generated-password" : "********",
    "default-live-url" : "https://03462a2ftrial-dev-loja-db-deployer.cfapps.us10-001.hana.ondemand.com",
    "default-uri" : "03462a2ftrial-dev-loja-db-deployer.cfapps.us10-001.hana.ondemand.com",
    "memory" : "256M",
    "default-instances" : 1,
    "no-route" : true,
    "default-live-host" : "03462a2ftrial-dev-loja-db-deployer",
    "instances" : 1,
    "buildpack" : "nodejs_buildpack",
    "default-host" : "03462a2ftrial-dev-loja-db-deployer",
    "app-name" : "Loja-db-deployer",
    "default-live-uri" : "03462a2ftrial-dev-loja-db-deployer.cfapps.us10-001.hana.ondemand.com",
    "protocol" : "https",
    "default-live-app-name" : "Loja-db-deployer",
    "default-live-domain" : "cfapps.us10-001.hana.ondemand.com",
    "dependency-type" : "hard",
    "domain" : "cfapps.us10-001.hana.ondemand.com",
    "host" : "03462a2ftrial-dev-loja-db-deployer",
    "generated-user" : "********",
    "tasks" : [ {
      "command" : "npm start",
      "memory" : "256M",
      "name" : "deploy"
    } ],
    "no-start" : true
  },
  "requiredDependencies" : [ {
    "majorSchemaVersion" : 3,
    "name" : "Loja-db",
    "properties" : { },
    "parameters" : { },
    "propertiesMetadata" : {
      "metadata" : { }
    },
    "parametersMetadata" : {
      "metadata" : { }
    }
  } ],
  "providedDependencies" : [ {
    "majorSchemaVersion" : 3,
    "name" : "Loja-db-deployer",
    "isPublic" : false,
    "properties" : { },
    "parameters" : { },
    "propertiesMetadata" : {
      "metadata" : { }
    },
    "parametersMetadata" : {
      "metadata" : { }
    }
  } ],
  "propertiesMetadata" : {
    "metadata" : { }
  },
  "parametersMetadata" : {
    "metadata" : { }
  },
  "deployedAfter" : [ ],
  "hooks" : [ ]
}, {
  "majorSchemaVersion" : 3,
  "name" : "Loja",
  "type" : "javascript.nodejs",
  "path" : "Loja",
  "properties" : { },
  "parameters" : {
    "default-url" : "https://03462a2ftrial-dev-loja.cfapps.us10-001.hana.ondemand.com",
    "default-app-name" : "Loja",
    "generated-password" : "********",
    "default-live-url" : "https://03462a2ftrial-dev-loja.cfapps.us10-001.hana.ondemand.com",
    "default-uri" : "03462a2ftrial-dev-loja.cfapps.us10-001.hana.ondemand.com",
    "memory" : "256M",
    "default-instances" : 1,
    "default-live-host" : "03462a2ftrial-dev-loja",
    "instances" : 1,
    "default-host" : "03462a2ftrial-dev-loja",
    "keep-existing-routes" : true,
    "app-name" : "Loja",
    "default-live-uri" : "03462a2ftrial-dev-loja.cfapps.us10-001.hana.ondemand.com",
    "protocol" : "https",
    "default-live-app-name" : "Loja",
    "default-live-domain" : "cfapps.us10-001.hana.ondemand.com",
    "disk-quota" : "256M",
    "dependency-type" : "soft",
    "domain" : "cfapps.us10-001.hana.ondemand.com",
    "host" : "03462a2ftrial-dev-loja",
    "generated-user" : "********"
  },
  "requiredDependencies" : [ {
    "majorSchemaVersion" : 3,
    "name" : "srv-api",
    "group" : "destinations",
    "properties" : {
      "name" : "srv-api",
      "forwardAuthToken" : "********",
      "url" : "https://03462a2ftrial-dev-loja-srv.cfapps.us10-001.hana.ondemand.com"
    },
    "parameters" : { },
    "propertiesMetadata" : {
      "metadata" : { }
    },
    "parametersMetadata" : {
      "metadata" : { }
    }
  }, {
    "majorSchemaVersion" : 3,
    "name" : "********",
    "properties" : { },
    "parameters" : { },
    "propertiesMetadata" : {
      "metadata" : { }
    },
    "parametersMetadata" : {
      "metadata" : { }
    }
  } ],
  "providedDependencies" : [ {
    "majorSchemaVersion" : 3,
    "name" : "app-api",
    "isPublic" : false,
    "properties" : {
      "app-protocol" : "https",
      "app-uri" : "03462a2ftrial-dev-loja.cfapps.us10-001.hana.ondemand.com"
    },
    "parameters" : { },
    "propertiesMetadata" : {
      "metadata" : { }
    },
    "parametersMetadata" : {
      "metadata" : { }
    }
  }, {
    "majorSchemaVersion" : 3,
    "name" : "Loja",
    "isPublic" : false,
    "properties" : { },
    "parameters" : { },
    "propertiesMetadata" : {
      "metadata" : { }
    },
    "parametersMetadata" : {
      "metadata" : { }
    }
  } ],
  "propertiesMetadata" : {
    "metadata" : { }
  },
  "parametersMetadata" : {
    "metadata" : { }
  },
  "deployedAfter" : [ ],
  "hooks" : [ ]
}]#
#2026 05 07 21:42:08.786#Z#DEBUG#988ff13c-4a5d-11f1-8594-eeee0a955217.OPERATION#flowable-async-job-executor-thread-8863#
[XS2BuildCloudDeployModelStep] Custom domains: []#
#2026 05 07 21:42:08.789#Z#DEBUG#988ff13c-4a5d-11f1-8594-eeee0a955217.OPERATION#flowable-async-job-executor-thread-8863#
[XS2BuildCloudDeployModelStep] Calculating resource batches...#
#2026 05 07 21:42:08.789#Z#DEBUG#988ff13c-4a5d-11f1-8594-eeee0a955217.OPERATION#flowable-async-job-executor-thread-8863#
[XS2BuildCloudDeployModelStep] Calculating resource batches completed.#
#2026 05 07 21:42:08.789#Z#DEBUG#988ff13c-4a5d-11f1-8594-eeee0a955217.OPERATION#flowable-async-job-executor-thread-8863#
[XS2BuildCloudDeployModelStep] Cloud deployment model built#
#2026 05 07 21:42:08.789#Z#DEBUG#988ff13c-4a5d-11f1-8594-eeee0a955217.OPERATION#flowable-async-job-executor-thread-8863#
Step "Build Deploy Model" finished#
#2026 05 07 21:42:08.833#Z#DEBUG#988ff13c-4a5d-11f1-8594-eeee0a955217.OPERATION#flowable-async-job-executor-thread-8864#
[BuildCloudUndeployModelStep] Executing task "buildUndeployModelTask" of process "988ff162-4a5d-11f1-8594-eeee0a955217"...#
#2026 05 07 21:42:08.834#Z#DEBUG#988ff13c-4a5d-11f1-8594-eeee0a955217.OPERATION#flowable-async-job-executor-thread-8864#
[BuildCloudUndeployModelStep] Building cloud undeployment model...#
#2026 05 07 21:42:08.836#Z#DEBUG#988ff13c-4a5d-11f1-8594-eeee0a955217.OPERATION#flowable-async-job-executor-thread-8864#
[BuildCloudUndeployModelStep] Detecting service keys to delete.#
#2026 05 07 21:42:08.837#Z#DEBUG#988ff13c-4a5d-11f1-8594-eeee0a955217.OPERATION#flowable-async-job-executor-thread-8864#
[BuildCloudUndeployModelStep] No deployed service keys detected!#
#2026 05 07 21:42:08.837#Z#DEBUG#988ff13c-4a5d-11f1-8594-eeee0a955217.OPERATION#flowable-async-job-executor-thread-8864#
[BuildCloudUndeployModelStep] Detected service keys to delete "[]"#
#2026 05 07 21:42:08.842#Z#DEBUG#988ff13c-4a5d-11f1-8594-eeee0a955217.OPERATION#flowable-async-job-executor-thread-8864#
[BuildCloudUndeployModelStep] MTA modules: [Loja-db-deployer, Loja, Loja-srv]#
#2026 05 07 21:42:08.842#Z#DEBUG#988ff13c-4a5d-11f1-8594-eeee0a955217.OPERATION#flowable-async-job-executor-thread-8864#
[BuildCloudUndeployModelStep] Modules to undeploy: [ ]#
#2026 05 07 21:42:08.842#Z#DEBUG#988ff13c-4a5d-11f1-8594-eeee0a955217.OPERATION#flowable-async-job-executor-thread-8864#
[BuildCloudUndeployModelStep] Modules that won't be changed: [ ]#
#2026 05 07 21:42:08.844#Z#DEBUG#988ff13c-4a5d-11f1-8594-eeee0a955217.OPERATION#flowable-async-job-executor-thread-8864#
[BuildCloudUndeployModelStep] Subscriptions to delete: [ ]#
#2026 05 07 21:42:08.845#Z#DEBUG#988ff13c-4a5d-11f1-8594-eeee0a955217.OPERATION#flowable-async-job-executor-thread-8864#
[BuildCloudUndeployModelStep] Cloud services to delete: []#
#2026 05 07 21:42:08.845#Z#DEBUG#988ff13c-4a5d-11f1-8594-eeee0a955217.OPERATION#flowable-async-job-executor-thread-8864#
[BuildCloudUndeployModelStep] Cloud applications to undeploy: [ ]#
#2026 05 07 21:42:08.848#Z#DEBUG#988ff13c-4a5d-11f1-8594-eeee0a955217.OPERATION#flowable-async-job-executor-thread-8864#
[BuildCloudUndeployModelStep] Cloud undeployment model built#
#2026 05 07 21:42:08.848#Z#DEBUG#988ff13c-4a5d-11f1-8594-eeee0a955217.OPERATION#flowable-async-job-executor-thread-8864#
Step "Build Undeploy Model" finished#
#2026 05 07 21:42:08.885#Z#DEBUG#988ff13c-4a5d-11f1-8594-eeee0a955217.OPERATION#flowable-async-job-executor-thread-8864#
[AddDomainsStep] Executing task "addDomainsTask" of process "988ff162-4a5d-11f1-8594-eeee0a955217"...#
#2026 05 07 21:42:08.887#Z#DEBUG#988ff13c-4a5d-11f1-8594-eeee0a955217.OPERATION#flowable-async-job-executor-thread-8864#
[AddDomainsStep] Custom domains: []#
#2026 05 07 21:42:08.887#Z#DEBUG#988ff13c-4a5d-11f1-8594-eeee0a955217.OPERATION#flowable-async-job-executor-thread-8864#
Step "Add Domains" finished#
#2026 05 07 21:42:09.030#Z#DEBUG#988ff13c-4a5d-11f1-8594-eeee0a955217.OPERATION#flowable-async-job-executor-thread-8867#
[ExtractBatchedServicesWithResolvedDynamicParametersStep] Executing task "prepareModulesDeploymentTask" of process "994c63a2-4a5d-11f1-8594-eeee0a955217"...#
#2026 05 07 21:42:09.031#Z#DEBUG#988ff13c-4a5d-11f1-8594-eeee0a955217.OPERATION#flowable-async-job-executor-thread-8867#
[ExtractBatchedServicesWithResolvedDynamicParametersStep] Extracting services and resolving dynamic parameters from batch#
#2026 05 07 21:42:09.032#Z#DEBUG#988ff13c-4a5d-11f1-8594-eeee0a955217.OPERATION#flowable-async-job-executor-thread-8867#
[ExtractBatchedServicesWithResolvedDynamicParametersStep] Services to create: [ {
  "isOptional" : false,
  "isManaged" : true,
  "name" : "********",
  "v3Metadata" : {
    "annotations" : {
      "mta_id" : "Loja",
      "mta_version" : "1.0.0",
      "mta_resource" : "********"
    },
    "labels" : {
      "mta_id" : "c66da0175bd3249e12742501e804bc39"
    }
  },
  "label" : "xsuaa",
  "plan" : "application",
  "credentials" : "********",
  "tags" : [ ],
  "type" : "managed",
  "resourceName" : "********",
  "shouldSkipParametersUpdate" : false,
  "shouldSkipPlanUpdate" : false,
  "shouldSkipTagsUpdate" : false,
  "shouldSkipSyslogUrlUpdate" : false
}, {
  "isOptional" : false,
  "isManaged" : true,
  "name" : "Loja-db",
  "v3Metadata" : {
    "annotations" : {
      "mta_id" : "Loja",
      "mta_version" : "1.0.0",
      "mta_resource" : "{\"name\":\"Loja-db\"}"
    },
    "labels" : {
      "mta_id" : "c66da0175bd3249e12742501e804bc39"
    }
  },
  "label" : "hana",
  "plan" : "hdi-shared",
  "credentials" : "********",
  "tags" : [ ],
  "type" : "managed",
  "resourceName" : "Loja-db",
  "shouldSkipParametersUpdate" : false,
  "shouldSkipPlanUpdate" : false,
  "shouldSkipTagsUpdate" : false,
  "shouldSkipSyslogUrlUpdate" : false
} ]#
#2026 05 07 21:42:09.033#Z#DEBUG#988ff13c-4a5d-11f1-8594-eeee0a955217.OPERATION#flowable-async-job-executor-thread-8867#
Step "Extract Services with Resolved Dynamic parameters from batch" finished#
#2026 05 07 21:42:09.133#Z#DEBUG#988ff13c-4a5d-11f1-8594-eeee0a955217.OPERATION#flowable-async-job-executor-thread-8868#
[CheckServiceOperationStateStep] Executing task "CheckServiceOperationStateTask" of process "99608720-4a5d-11f1-8594-eeee0a955217"...#
#2026 05 07 21:42:09.134#Z#DEBUG#988ff13c-4a5d-11f1-8594-eeee0a955217.OPERATION#flowable-async-job-executor-thread-8868#
[CheckServiceOperationStateStep] Getting service instance "Loja-db"...#
#2026 05 07 21:42:09.226#Z#DEBUG#988ff13c-4a5d-11f1-8594-eeee0a955217.OPERATION#flowable-async-job-executor-thread-8863#
[CheckServiceOperationStateStep] Executing task "CheckServiceOperationStateTask" of process "996e910f-4a5d-11f1-8594-eeee0a955217"...#
#2026 05 07 21:42:09.227#Z#DEBUG#988ff13c-4a5d-11f1-8594-eeee0a955217.OPERATION#flowable-async-job-executor-thread-8863#
[CheckServiceOperationStateStep] Getting service instance "Loja-auth"...#
#2026 05 07 21:42:09.232#Z#DEBUG#988ff13c-4a5d-11f1-8594-eeee0a955217.OPERATION#flowable-async-job-executor-thread-8868#
Step "Check for service operations in Progress" finished#
#2026 05 07 21:42:09.331#Z#DEBUG#988ff13c-4a5d-11f1-8594-eeee0a955217.OPERATION#flowable-async-job-executor-thread-8863#
Step "Check for service operations in Progress" finished#
#2026 05 07 21:42:09.266#Z#DEBUG#988ff13c-4a5d-11f1-8594-eeee0a955217.OPERATION#flowable-async-job-executor-thread-8864#
[DetermineServiceCreateUpdateServiceActionsStep] Executing task "DetermineServiceCreateUpdateActionsTask" of process "99608720-4a5d-11f1-8594-eeee0a955217"...#
#2026 05 07 21:42:09.268#Z#INFO#988ff13c-4a5d-11f1-8594-eeee0a955217.OPERATION#flowable-async-job-executor-thread-8864#
[DetermineServiceCreateUpdateServiceActionsStep] Processing service "Loja-db"...#
#2026 05 07 21:42:09.273#Z#DEBUG#988ff13c-4a5d-11f1-8594-eeee0a955217.OPERATION#flowable-async-job-executor-thread-8864#
[DetermineServiceCreateUpdateServiceActionsStep] Getting service instance "Loja-db"...#
#2026 05 07 21:42:09.368#Z#DEBUG#988ff13c-4a5d-11f1-8594-eeee0a955217.OPERATION#flowable-async-job-executor-thread-8863#
[DetermineServiceCreateUpdateServiceActionsStep] Executing task "DetermineServiceCreateUpdateActionsTask" of process "996e910f-4a5d-11f1-8594-eeee0a955217"...#
#2026 05 07 21:42:09.370#Z#INFO#988ff13c-4a5d-11f1-8594-eeee0a955217.OPERATION#flowable-async-job-executor-thread-8863#
[DetermineServiceCreateUpdateServiceActionsStep] Processing service "Loja-auth"...#
#2026 05 07 21:42:09.376#Z#DEBUG#988ff13c-4a5d-11f1-8594-eeee0a955217.OPERATION#flowable-async-job-executor-thread-8863#
[DetermineServiceCreateUpdateServiceActionsStep] Getting service instance "Loja-auth"...#
#2026 05 07 21:42:09.460#Z#DEBUG#988ff13c-4a5d-11f1-8594-eeee0a955217.OPERATION#flowable-async-job-executor-thread-8864#
[DetermineServiceCreateUpdateServiceActionsStep] Existing service: {
  "name" : "Loja-db",
  "metadata" : {
    "guid" : "a23bff1b-91e8-488d-bcac-9e3d26ae9223",
    "createdAt" : [ 2026, 5, 7, 21, 35, 58 ],
    "updatedAt" : [ 2026, 5, 7, 21, 36 ]
  },
  "v3Metadata" : {
    "annotations" : {
      "mta_id" : "Loja",
      "mta_version" : "1.0.0",
      "mta_resource" : "{\"name\":\"Loja-db\"}"
    },
    "labels" : {
      "mta_id" : "c66da0175bd3249e12742501e804bc39"
    }
  },
  "label" : "hana",
  "plan" : "hdi-shared",
  "credentials" : "********",
  "tags" : [ ],
  "type" : "managed",
  "lastOperation" : {
    "type" : "CREATE",
    "state" : "SUCCEEDED"
  }
}#
#2026 05 07 21:42:09.460#Z#WARN#988ff13c-4a5d-11f1-8594-eeee0a955217.OPERATION#flowable-async-job-executor-thread-8864#
[DetermineServiceCreateUpdateServiceActionsStep] Service parameters for service "Loja-db" will not be updated, as the parameters are not defined or empty.#
#2026 05 07 21:42:09.460#Z#DEBUG#988ff13c-4a5d-11f1-8594-eeee0a955217.OPERATION#flowable-async-job-executor-thread-8864#
Step "Determine update actions" finished#
#2026 05 07 21:42:09.510#Z#DEBUG#988ff13c-4a5d-11f1-8594-eeee0a955217.OPERATION#flowable-async-job-executor-thread-8864#
[CheckForServiceBindingOrKeyOperationStep] Executing task "CheckForServiceBindingOrKeyCreation" of process "99608720-4a5d-11f1-8594-eeee0a955217"...#
#2026 05 07 21:42:09.512#Z#DEBUG#988ff13c-4a5d-11f1-8594-eeee0a955217.OPERATION#flowable-async-job-executor-thread-8864#
Step "Check for service binding or key creation" finished#
#2026 05 07 21:42:09.497#Z#INFO#988ff13c-4a5d-11f1-8594-eeee0a955217.OPERATION#flowable-async-job-executor-thread-8863#
[DetermineServiceCreateUpdateServiceActionsStep] Setting service "Loja-auth" parameters from "xs-security.json"#
#2026 05 07 21:42:09.532#Z#DEBUG#988ff13c-4a5d-11f1-8594-eeee0a955217.OPERATION#flowable-async-job-executor-thread-8863#
[DetermineServiceCreateUpdateServiceActionsStep] Existing service: {
  "name" : "********",
  "metadata" : {
    "guid" : "3e58e042-919f-4b73-923a-17fab92a9330",
    "createdAt" : [ 2026, 5, 7, 21, 35, 59 ],
    "updatedAt" : [ 2026, 5, 7, 21, 36 ]
  },
  "v3Metadata" : {
    "annotations" : {
      "mta_id" : "Loja",
      "mta_version" : "1.0.0",
      "mta_resource" : "********"
    },
    "labels" : {
      "mta_id" : "c66da0175bd3249e12742501e804bc39"
    }
  },
  "label" : "xsuaa",
  "plan" : "application",
  "credentials" : "********",
  "tags" : [ ],
  "type" : "managed",
  "lastOperation" : {
    "type" : "CREATE",
    "description" : "",
    "state" : "SUCCEEDED"
  }
}#
#2026 05 07 21:42:09.532#Z#DEBUG#988ff13c-4a5d-11f1-8594-eeee0a955217.OPERATION#flowable-async-job-executor-thread-8863#
[DetermineServiceCreateUpdateServiceActionsStep] Service parameters will be updated#
#2026 05 07 21:42:09.532#Z#DEBUG#988ff13c-4a5d-11f1-8594-eeee0a955217.OPERATION#flowable-async-job-executor-thread-8863#
[DetermineServiceCreateUpdateServiceActionsStep] New parameters: {
  "attributes" : [ ],
  "authorities-inheritance" : "********",
  "oauth2-configuration" : "********",
  "role-templates" : [ ],
  "scopes" : [ ],
  "tenant-mode" : "dedicated",
  "xsappname" : "Loja-03462a2ftrial-dev"
}#
#2026 05 07 21:42:09.532#Z#DEBUG#988ff13c-4a5d-11f1-8594-eeee0a955217.OPERATION#flowable-async-job-executor-thread-8863#
Step "Determine update actions" finished#
#2026 05 07 21:42:09.582#Z#DEBUG#988ff13c-4a5d-11f1-8594-eeee0a955217.OPERATION#flowable-async-job-executor-thread-8863#
[CheckForServiceBindingOrKeyOperationStep] Executing task "CheckForServiceBindingOrKeyCreation" of process "996e910f-4a5d-11f1-8594-eeee0a955217"...#
#2026 05 07 21:42:09.584#Z#DEBUG#988ff13c-4a5d-11f1-8594-eeee0a955217.OPERATION#flowable-async-job-executor-thread-8863#
Step "Check for service binding or key creation" finished#
#2026 05 07 21:42:09.623#Z#DEBUG#988ff13c-4a5d-11f1-8594-eeee0a955217.OPERATION#flowable-async-job-executor-thread-8863#
[UpdateServiceParametersStep] Executing task "UpdateServiceParametersTask" of process "996e910f-4a5d-11f1-8594-eeee0a955217"...#
#2026 05 07 21:42:09.626#Z#INFO#988ff13c-4a5d-11f1-8594-eeee0a955217.OPERATION#flowable-async-job-executor-thread-8863#
[UpdateServiceParametersStep] Updating service "Loja-auth"...#
#2026 05 07 21:42:09.631#Z#DEBUG#988ff13c-4a5d-11f1-8594-eeee0a955217.OPERATION#flowable-async-job-executor-thread-8863#
[UpdateServiceParametersStep] Updating service parameters for service "Loja-auth"...#
#2026 05 07 21:42:09.718#Z#DEBUG#988ff13c-4a5d-11f1-8594-eeee0a955217.OPERATION#flowable-async-job-executor-thread-8863#
[UpdateServiceParametersStep] Service "Loja-auth" updated#
#2026 05 07 21:42:09.718#Z#DEBUG#988ff13c-4a5d-11f1-8594-eeee0a955217.OPERATION#flowable-async-job-executor-thread-8863#
[UpdateServiceParametersStep] Triggered service operations: {
  "Loja-auth" : "UPDATE"
}#
#2026 05 07 21:42:09.720#Z#DEBUG#988ff13c-4a5d-11f1-8594-eeee0a955217.OPERATION#flowable-async-job-executor-thread-8863#
Step "Update parameters" finished#
#2026 05 07 21:42:23.553#Z#DEBUG#988ff13c-4a5d-11f1-8594-eeee0a955217.OPERATION#flowable-async-job-executor-thread-13962#
[UpdateServiceParametersStep] Executing task "UpdateServiceParametersTask" of process "996e910f-4a5d-11f1-8594-eeee0a955217"...#
#2026 05 07 21:42:23.553#Z#DEBUG#988ff13c-4a5d-11f1-8594-eeee0a955217.OPERATION#flowable-async-job-executor-thread-13962#
[UpdateServiceParametersStep] Polling service operations...#
#2026 05 07 21:42:23.617#Z#DEBUG#988ff13c-4a5d-11f1-8594-eeee0a955217.OPERATION#flowable-async-job-executor-thread-13962#
[UpdateServiceParametersStep] Getting service instance "Loja-auth"...#
#2026 05 07 21:42:23.731#Z#DEBUG#988ff13c-4a5d-11f1-8594-eeee0a955217.OPERATION#flowable-async-job-executor-thread-13962#
[UpdateServiceParametersStep] Last operation for service "Loja-auth": {
  "type" : "UPDATE",
  "description" : "",
  "state" : "SUCCEEDED"
}#
#2026 05 07 21:42:23.731#Z#DEBUG#988ff13c-4a5d-11f1-8594-eeee0a955217.OPERATION#flowable-async-job-executor-thread-13962#
[UpdateServiceParametersStep] Service "Loja-auth" updated#
#2026 05 07 21:42:23.731#Z#INFO#988ff13c-4a5d-11f1-8594-eeee0a955217.OPERATION#flowable-async-job-executor-thread-13962#
[UpdateServiceParametersStep] 1 of 1 done#
#2026 05 07 21:42:23.735#Z#DEBUG#988ff13c-4a5d-11f1-8594-eeee0a955217.OPERATION#flowable-async-job-executor-thread-13962#
[UpdateServiceParametersStep] Remaining services to poll: [ ]#
#2026 05 07 21:42:23.736#Z#DEBUG#988ff13c-4a5d-11f1-8594-eeee0a955217.OPERATION#flowable-async-job-executor-thread-13962#
Step "Update parameters" finished#
#2026 05 07 21:42:23.923#Z#DEBUG#988ff13c-4a5d-11f1-8594-eeee0a955217.OPERATION#flowable-async-job-executor-thread-13965#
[PrepareModulesDeploymentStep] Executing task "prepareModulesDeploymentTask" of process "a230b13b-4a5d-11f1-aac6-eeee0a96ae62"...#
#2026 05 07 21:42:23.924#Z#DEBUG#988ff13c-4a5d-11f1-8594-eeee0a955217.OPERATION#flowable-async-job-executor-thread-13965#
[PrepareModulesDeploymentStep] Preparing modules deployment...#
#2026 05 07 21:42:23.927#Z#DEBUG#988ff13c-4a5d-11f1-8594-eeee0a955217.OPERATION#flowable-async-job-executor-thread-13965#
Step "Prepare Modules Deployment" finished#
#2026 05 07 21:42:23.954#Z#DEBUG#988ff13c-4a5d-11f1-8594-eeee0a955217.OPERATION#flowable-async-job-executor-thread-13965#
[ComputeNextModulesStep] Executing task "computeNextModulesToDeployInParallel" of process "a230b13b-4a5d-11f1-aac6-eeee0a96ae62"...#
#2026 05 07 21:42:23.954#Z#DEBUG#988ff13c-4a5d-11f1-8594-eeee0a955217.OPERATION#flowable-async-job-executor-thread-13965#
[ComputeNextModulesStep] Computing modules for next parallel iteration...#
#2026 05 07 21:42:23.956#Z#DEBUG#988ff13c-4a5d-11f1-8594-eeee0a955217.OPERATION#flowable-async-job-executor-thread-13965#
[ComputeNextModulesStep] Completed modules detected: []#
#2026 05 07 21:42:23.956#Z#DEBUG#988ff13c-4a5d-11f1-8594-eeee0a955217.OPERATION#flowable-async-job-executor-thread-13965#
[ComputeNextModulesStep] All modules for deploy detected: [Loja-db-deployer, Loja, Loja-srv]#
#2026 05 07 21:42:23.956#Z#DEBUG#988ff13c-4a5d-11f1-8594-eeee0a955217.OPERATION#flowable-async-job-executor-thread-13965#
[ComputeNextModulesStep] Modules not for deploy detected: []#
#2026 05 07 21:42:23.957#Z#DEBUG#988ff13c-4a5d-11f1-8594-eeee0a955217.OPERATION#flowable-async-job-executor-thread-13965#
[ComputeNextModulesStep] Computed modules for next parallel iteration: [ {
  "majorSchemaVersion" : 3,
  "name" : "Loja-srv",
  "type" : "javascript.nodejs",
  "path" : "Loja-srv",
  "properties" : { },
  "parameters" : {
    "app-name" : "Loja-srv",
    "buildpack" : "nodejs_buildpack",
    "default-app-name" : "Loja-srv",
    "default-host" : "03462a2ftrial-dev-loja-srv",
    "default-instances" : 1,
    "default-live-app-name" : "Loja-srv",
    "default-live-domain" : "cfapps.us10-001.hana.ondemand.com",
    "default-live-host" : "03462a2ftrial-dev-loja-srv",
    "default-live-uri" : "03462a2ftrial-dev-loja-srv.cfapps.us10-001.hana.ondemand.com",
    "default-live-url" : "https://03462a2ftrial-dev-loja-srv.cfapps.us10-001.hana.ondemand.com",
    "default-uri" : "03462a2ftrial-dev-loja-srv.cfapps.us10-001.hana.ondemand.com",
    "default-url" : "https://03462a2ftrial-dev-loja-srv.cfapps.us10-001.hana.ondemand.com",
    "dependency-type" : "soft",
    "domain" : "cfapps.us10-001.hana.ondemand.com",
    "generated-password" : "********",
    "generated-user" : "********",
    "host" : "03462a2ftrial-dev-loja-srv",
    "instances" : 1,
    "protocol" : "https"
  },
  "requiredDependencies" : [ {
    "majorSchemaVersion" : 3,
    "name" : "********",
    "properties" : { },
    "parameters" : { },
    "propertiesMetadata" : {
      "metadata" : { }
    },
    "parametersMetadata" : {
      "metadata" : { }
    }
  }, {
    "majorSchemaVersion" : 3,
    "name" : "Loja-db",
    "properties" : { },
    "parameters" : { },
    "propertiesMetadata" : {
      "metadata" : { }
    },
    "parametersMetadata" : {
      "metadata" : { }
    }
  } ],
  "providedDependencies" : [ {
    "majorSchemaVersion" : 3,
    "name" : "srv-api",
    "isPublic" : false,
    "properties" : {
      "srv-url" : "https://03462a2ftrial-dev-loja-srv.cfapps.us10-001.hana.ondemand.com"
    },
    "parameters" : { },
    "propertiesMetadata" : {
      "metadata" : { }
    },
    "parametersMetadata" : {
      "metadata" : { }
    }
  }, {
    "majorSchemaVersion" : 3,
    "name" : "Loja-srv",
    "isPublic" : false,
    "properties" : { },
    "parameters" : { },
    "propertiesMetadata" : {
      "metadata" : { }
    },
    "parametersMetadata" : {
      "metadata" : { }
    }
  } ],
  "propertiesMetadata" : {
    "metadata" : { }
  },
  "parametersMetadata" : {
    "metadata" : { }
  },
  "deployedAfter" : [ ],
  "hooks" : [ ]
}, {
  "majorSchemaVersion" : 3,
  "name" : "Loja-db-deployer",
  "type" : "com.sap.xs.hdi",
  "path" : "Loja-db-deployer",
  "properties" : {
    "EXIT" : 1
  },
  "parameters" : {
    "app-name" : "Loja-db-deployer",
    "buildpack" : "nodejs_buildpack",
    "default-app-name" : "Loja-db-deployer",
    "default-host" : "03462a2ftrial-dev-loja-db-deployer",
    "default-instances" : 1,
    "default-live-app-name" : "Loja-db-deployer",
    "default-live-domain" : "cfapps.us10-001.hana.ondemand.com",
    "default-live-host" : "03462a2ftrial-dev-loja-db-deployer",
    "default-live-uri" : "03462a2ftrial-dev-loja-db-deployer.cfapps.us10-001.hana.ondemand.com",
    "default-live-url" : "https://03462a2ftrial-dev-loja-db-deployer.cfapps.us10-001.hana.ondemand.com",
    "default-uri" : "03462a2ftrial-dev-loja-db-deployer.cfapps.us10-001.hana.ondemand.com",
    "default-url" : "https://03462a2ftrial-dev-loja-db-deployer.cfapps.us10-001.hana.ondemand.com",
    "dependency-type" : "hard",
    "domain" : "cfapps.us10-001.hana.ondemand.com",
    "generated-password" : "********",
    "generated-user" : "********",
    "host" : "03462a2ftrial-dev-loja-db-deployer",
    "instances" : 1,
    "memory" : "256M",
    "no-route" : true,
    "no-start" : true,
    "protocol" : "https",
    "tasks" : [ {
      "command" : "npm start",
      "memory" : "256M",
      "name" : "deploy"
    } ]
  },
  "requiredDependencies" : [ {
    "majorSchemaVersion" : 3,
    "name" : "Loja-db",
    "properties" : { },
    "parameters" : { },
    "propertiesMetadata" : {
      "metadata" : { }
    },
    "parametersMetadata" : {
      "metadata" : { }
    }
  } ],
  "providedDependencies" : [ {
    "majorSchemaVersion" : 3,
    "name" : "Loja-db-deployer",
    "isPublic" : false,
    "properties" : { },
    "parameters" : { },
    "propertiesMetadata" : {
      "metadata" : { }
    },
    "parametersMetadata" : {
      "metadata" : { }
    }
  } ],
  "propertiesMetadata" : {
    "metadata" : { }
  },
  "parametersMetadata" : {
    "metadata" : { }
  },
  "deployedAfter" : [ ],
  "hooks" : [ ]
}, {
  "majorSchemaVersion" : 3,
  "name" : "Loja",
  "type" : "javascript.nodejs",
  "path" : "Loja",
  "properties" : { },
  "parameters" : {
    "app-name" : "Loja",
    "default-app-name" : "Loja",
    "default-host" : "03462a2ftrial-dev-loja",
    "default-instances" : 1,
    "default-live-app-name" : "Loja",
    "default-live-domain" : "cfapps.us10-001.hana.ondemand.com",
    "default-live-host" : "03462a2ftrial-dev-loja",
    "default-live-uri" : "03462a2ftrial-dev-loja.cfapps.us10-001.hana.ondemand.com",
    "default-live-url" : "https://03462a2ftrial-dev-loja.cfapps.us10-001.hana.ondemand.com",
    "default-uri" : "03462a2ftrial-dev-loja.cfapps.us10-001.hana.ondemand.com",
    "default-url" : "https://03462a2ftrial-dev-loja.cfapps.us10-001.hana.ondemand.com",
    "dependency-type" : "soft",
    "disk-quota" : "256M",
    "domain" : "cfapps.us10-001.hana.ondemand.com",
    "generated-password" : "********",
    "generated-user" : "********",
    "host" : "03462a2ftrial-dev-loja",
    "instances" : 1,
    "keep-existing-routes" : true,
    "memory" : "256M",
    "protocol" : "https"
  },
  "requiredDependencies" : [ {
    "majorSchemaVersion" : 3,
    "name" : "srv-api",
    "group" : "destinations",
    "properties" : {
      "forwardAuthToken" : "********",
      "name" : "srv-api",
      "url" : "https://03462a2ftrial-dev-loja-srv.cfapps.us10-001.hana.ondemand.com"
    },
    "parameters" : { },
    "propertiesMetadata" : {
      "metadata" : { }
    },
    "parametersMetadata" : {
      "metadata" : { }
    }
  }, {
    "majorSchemaVersion" : 3,
    "name" : "********",
    "properties" : { },
    "parameters" : { },
    "propertiesMetadata" : {
      "metadata" : { }
    },
    "parametersMetadata" : {
      "metadata" : { }
    }
  } ],
  "providedDependencies" : [ {
    "majorSchemaVersion" : 3,
    "name" : "app-api",
    "isPublic" : false,
    "properties" : {
      "app-protocol" : "https",
      "app-uri" : "03462a2ftrial-dev-loja.cfapps.us10-001.hana.ondemand.com"
    },
    "parameters" : { },
    "propertiesMetadata" : {
      "metadata" : { }
    },
    "parametersMetadata" : {
      "metadata" : { }
    }
  }, {
    "majorSchemaVersion" : 3,
    "name" : "Loja",
    "isPublic" : false,
    "properties" : { },
    "parameters" : { },
    "propertiesMetadata" : {
      "metadata" : { }
    },
    "parametersMetadata" : {
      "metadata" : { }
    }
  } ],
  "propertiesMetadata" : {
    "metadata" : { }
  },
  "parametersMetadata" : {
    "metadata" : { }
  },
  "deployedAfter" : [ ],
  "hooks" : [ ]
} ]#
#2026 05 07 21:42:23.957#Z#DEBUG#988ff13c-4a5d-11f1-8594-eeee0a955217.OPERATION#flowable-async-job-executor-thread-13965#
Step "Compute Next Modules To Deploy" finished#
#2026 05 07 21:42:24.081#Z#DEBUG#988ff13c-4a5d-11f1-8594-eeee0a955217.OPERATION#flowable-async-job-executor-thread-13960#
[ProcessDescriptorStep] Executing task "reprocessDescriptorTask" of process "a246f926-4a5d-11f1-aac6-eeee0a96ae62"...#
#2026 05 07 21:42:24.081#Z#DEBUG#988ff13c-4a5d-11f1-8594-eeee0a955217.OPERATION#flowable-async-job-executor-thread-13960#
[ProcessDescriptorStep] Resolving properties and parameters in merged descriptor...#
#2026 05 07 21:42:24.084#Z#DEBUG#988ff13c-4a5d-11f1-8594-eeee0a955217.OPERATION#flowable-async-job-executor-thread-13960#
[ProcessDescriptorStep] Subscriptions: [ ]#
#2026 05 07 21:42:24.088#Z#DEBUG#988ff13c-4a5d-11f1-8594-eeee0a955217.OPERATION#flowable-async-job-executor-thread-13960#
[ProcessDescriptorStep] MTA modules: [Loja-db-deployer, Loja, Loja-srv]#
#2026 05 07 21:42:24.090#Z#DEBUG#988ff13c-4a5d-11f1-8594-eeee0a955217.OPERATION#flowable-async-job-executor-thread-13960#
[ProcessDescriptorStep] Resolved deployment descriptor: {
  "majorSchemaVersion" : 3,
  "schemaVersion" : "3.3.0",
  "id" : "Loja",
  "version" : "1.0.0",
  "modules" : [ {
    "majorSchemaVersion" : 3,
    "name" : "Loja-srv",
    "type" : "javascript.nodejs",
    "path" : "Loja-srv",
    "properties" : { },
    "parameters" : {
      "default-url" : "https://03462a2ftrial-dev-loja-srv.cfapps.us10-001.hana.ondemand.com",
      "default-app-name" : "Loja-srv",
      "generated-password" : "********",
      "default-live-url" : "https://03462a2ftrial-dev-loja-srv.cfapps.us10-001.hana.ondemand.com",
      "default-uri" : "03462a2ftrial-dev-loja-srv.cfapps.us10-001.hana.ondemand.com",
      "default-instances" : 1,
      "default-live-host" : "03462a2ftrial-dev-loja-srv",
      "instances" : 1,
      "buildpack" : "nodejs_buildpack",
      "default-host" : "03462a2ftrial-dev-loja-srv",
      "app-name" : "Loja-srv",
      "default-live-uri" : "03462a2ftrial-dev-loja-srv.cfapps.us10-001.hana.ondemand.com",
      "protocol" : "https",
      "default-live-app-name" : "Loja-srv",
      "default-live-domain" : "cfapps.us10-001.hana.ondemand.com",
      "domain" : "cfapps.us10-001.hana.ondemand.com",
      "host" : "03462a2ftrial-dev-loja-srv",
      "generated-user" : "********"
    },
    "requiredDependencies" : [ {
      "majorSchemaVersion" : 3,
      "name" : "********",
      "properties" : { },
      "parameters" : { },
      "propertiesMetadata" : {
        "metadata" : { }
      },
      "parametersMetadata" : {
        "metadata" : { }
      }
    }, {
      "majorSchemaVersion" : 3,
      "name" : "Loja-db",
      "properties" : { },
      "parameters" : { },
      "propertiesMetadata" : {
        "metadata" : { }
      },
      "parametersMetadata" : {
        "metadata" : { }
      }
    } ],
    "providedDependencies" : [ {
      "majorSchemaVersion" : 3,
      "name" : "srv-api",
      "isPublic" : false,
      "properties" : {
        "srv-url" : "https://03462a2ftrial-dev-loja-srv.cfapps.us10-001.hana.ondemand.com"
      },
      "parameters" : { },
      "propertiesMetadata" : {
        "metadata" : { }
      },
      "parametersMetadata" : {
        "metadata" : { }
      }
    }, {
      "majorSchemaVersion" : 3,
      "name" : "Loja-srv",
      "isPublic" : false,
      "properties" : { },
      "parameters" : { },
      "propertiesMetadata" : {
        "metadata" : { }
      },
      "parametersMetadata" : {
        "metadata" : { }
      }
    } ],
    "propertiesMetadata" : {
      "metadata" : { }
    },
    "parametersMetadata" : {
      "metadata" : { }
    },
    "hooks" : [ ]
  }, {
    "majorSchemaVersion" : 3,
    "name" : "Loja-db-deployer",
    "type" : "com.sap.xs.hdi",
    "path" : "Loja-db-deployer",
    "properties" : {
      "EXIT" : 1
    },
    "parameters" : {
      "default-url" : "https://03462a2ftrial-dev-loja-db-deployer.cfapps.us10-001.hana.ondemand.com",
      "default-app-name" : "Loja-db-deployer",
      "generated-password" : "********",
      "default-live-url" : "https://03462a2ftrial-dev-loja-db-deployer.cfapps.us10-001.hana.ondemand.com",
      "default-uri" : "03462a2ftrial-dev-loja-db-deployer.cfapps.us10-001.hana.ondemand.com",
      "memory" : "256M",
      "default-instances" : 1,
      "no-route" : true,
      "default-live-host" : "03462a2ftrial-dev-loja-db-deployer",
      "instances" : 1,
      "buildpack" : "nodejs_buildpack",
      "default-host" : "03462a2ftrial-dev-loja-db-deployer",
      "app-name" : "Loja-db-deployer",
      "default-live-uri" : "03462a2ftrial-dev-loja-db-deployer.cfapps.us10-001.hana.ondemand.com",
      "protocol" : "https",
      "default-live-app-name" : "Loja-db-deployer",
      "default-live-domain" : "cfapps.us10-001.hana.ondemand.com",
      "dependency-type" : "hard",
      "domain" : "cfapps.us10-001.hana.ondemand.com",
      "host" : "03462a2ftrial-dev-loja-db-deployer",
      "generated-user" : "********",
      "tasks" : [ {
        "command" : "npm start",
        "memory" : "256M",
        "name" : "deploy"
      } ],
      "no-start" : true
    },
    "requiredDependencies" : [ {
      "majorSchemaVersion" : 3,
      "name" : "Loja-db",
      "properties" : { },
      "parameters" : { },
      "propertiesMetadata" : {
        "metadata" : { }
      },
      "parametersMetadata" : {
        "metadata" : { }
      }
    } ],
    "providedDependencies" : [ {
      "majorSchemaVersion" : 3,
      "name" : "Loja-db-deployer",
      "isPublic" : false,
      "properties" : { },
      "parameters" : { },
      "propertiesMetadata" : {
        "metadata" : { }
      },
      "parametersMetadata" : {
        "metadata" : { }
      }
    } ],
    "propertiesMetadata" : {
      "metadata" : { }
    },
    "parametersMetadata" : {
      "metadata" : { }
    },
    "hooks" : [ ]
  }, {
    "majorSchemaVersion" : 3,
    "name" : "Loja",
    "type" : "javascript.nodejs",
    "path" : "Loja",
    "properties" : { },
    "parameters" : {
      "default-url" : "https://03462a2ftrial-dev-loja.cfapps.us10-001.hana.ondemand.com",
      "default-app-name" : "Loja",
      "generated-password" : "********",
      "default-live-url" : "https://03462a2ftrial-dev-loja.cfapps.us10-001.hana.ondemand.com",
      "default-uri" : "03462a2ftrial-dev-loja.cfapps.us10-001.hana.ondemand.com",
      "memory" : "256M",
      "default-instances" : 1,
      "default-live-host" : "03462a2ftrial-dev-loja",
      "instances" : 1,
      "default-host" : "03462a2ftrial-dev-loja",
      "keep-existing-routes" : true,
      "app-name" : "Loja",
      "default-live-uri" : "03462a2ftrial-dev-loja.cfapps.us10-001.hana.ondemand.com",
      "protocol" : "https",
      "default-live-app-name" : "Loja",
      "default-live-domain" : "cfapps.us10-001.hana.ondemand.com",
      "disk-quota" : "256M",
      "domain" : "cfapps.us10-001.hana.ondemand.com",
      "host" : "03462a2ftrial-dev-loja",
      "generated-user" : "********"
    },
    "requiredDependencies" : [ {
      "majorSchemaVersion" : 3,
      "name" : "srv-api",
      "group" : "destinations",
      "properties" : {
        "name" : "srv-api",
        "forwardAuthToken" : "********",
        "url" : "https://03462a2ftrial-dev-loja-srv.cfapps.us10-001.hana.ondemand.com"
      },
      "parameters" : { },
      "propertiesMetadata" : {
        "metadata" : { }
      },
      "parametersMetadata" : {
        "metadata" : { }
      }
    }, {
      "majorSchemaVersion" : 3,
      "name" : "********",
      "properties" : { },
      "parameters" : { },
      "propertiesMetadata" : {
        "metadata" : { }
      },
      "parametersMetadata" : {
        "metadata" : { }
      }
    } ],
    "providedDependencies" : [ {
      "majorSchemaVersion" : 3,
      "name" : "app-api",
      "isPublic" : false,
      "properties" : {
        "app-protocol" : "https",
        "app-uri" : "03462a2ftrial-dev-loja.cfapps.us10-001.hana.ondemand.com"
      },
      "parameters" : { },
      "propertiesMetadata" : {
        "metadata" : { }
      },
      "parametersMetadata" : {
        "metadata" : { }
      }
    }, {
      "majorSchemaVersion" : 3,
      "name" : "Loja",
      "isPublic" : false,
      "properties" : { },
      "parameters" : { },
      "propertiesMetadata" : {
        "metadata" : { }
      },
      "parametersMetadata" : {
        "metadata" : { }
      }
    } ],
    "propertiesMetadata" : {
      "metadata" : { }
    },
    "parametersMetadata" : {
      "metadata" : { }
    },
    "hooks" : [ ]
  } ],
  "resources" : [ {
    "majorSchemaVersion" : 3,
    "name" : "********",
    "type" : "org.cloudfoundry.managed-service",
    "properties" : { },
    "parameters" : {
      "generated-password" : "********",
      "path" : "./xs-security.json",
      "service-name" : "********",
      "service-plan" : "application",
      "service" : "xsuaa",
      "generated-user" : "********",
      "default-xsappname" : "********",
      "type" : "managed-service",
      "config" : {
        "oauth2-configuration" : "********",
        "tenant-mode" : "dedicated",
        "xsappname" : "Loja-03462a2ftrial-dev"
      },
      "default-service-name" : "********",
      "default-container-name" : "********"
    },
    "isActive" : true,
    "isOptional" : false,
    "propertiesMetadata" : {
      "metadata" : { }
    },
    "parametersMetadata" : {
      "metadata" : { }
    },
    "requiredDependencies" : [ {
      "majorSchemaVersion" : 3,
      "name" : "app-api",
      "properties" : { },
      "parameters" : { },
      "propertiesMetadata" : {
        "metadata" : { }
      },
      "parametersMetadata" : {
        "metadata" : { }
      }
    } ],
    "processedAfter" : [ ]
  }, {
    "majorSchemaVersion" : 3,
    "name" : "Loja-db",
    "type" : "com.sap.xs.hdi-container",
    "properties" : { },
    "parameters" : {
      "generated-password" : "********",
      "service-name" : "Loja-db",
      "service-plan" : "hdi-shared",
      "service" : "hana",
      "generated-user" : "********",
      "default-xsappname" : "Loja-db",
      "type" : "managed-service",
      "default-service-name" : "Loja-db",
      "default-container-name" : "03462A2FTRIAL_DEV_LOJA_DB"
    },
    "isActive" : true,
    "isOptional" : false,
    "propertiesMetadata" : {
      "metadata" : { }
    },
    "parametersMetadata" : {
      "metadata" : { }
    },
    "requiredDependencies" : [ ],
    "processedAfter" : [ ]
  } ],
  "parameters" : {
    "mta-id" : "Loja",
    "authorization-url" : "********",
    "org-guid" : "04493104-1ac5-4d04-8e0e-f1ae4b500c3a",
    "org" : "03462a2ftrial",
    "deploy-target" : "03462a2ftrial dev",
    "enable-parallel-deployments" : true,
    "region-primary-domain" : "us10.hana.ondemand.com",
    "space" : "dev",
    "region-domain" : "us10-001.hana.ondemand.com",
    "xs-api-url" : "https://api.cf.us10-001.hana.ondemand.com",
    "deploy-url" : "deploy-service.cfapps.us10-001.hana.ondemand.com",
    "xs-type" : "CF",
    "default-domain" : "cfapps.us10-001.hana.ondemand.com",
    "mta-version" : "1.0.0",
    "xs-auth-url" : "********",
    "space-guid" : "3ae7c67b-9057-463c-933e-5dffbfe90d90",
    "user" : "********",
    "controller-url" : "https://api.cf.us10-001.hana.ondemand.com",
    "timestamp" : "20260507214207"
  },
  "parametersMetadata" : {
    "metadata" : { }
  }
}#
#2026 05 07 21:42:24.090#Z#DEBUG#988ff13c-4a5d-11f1-8594-eeee0a955217.OPERATION#flowable-async-job-executor-thread-13960#
[ProcessDescriptorStep] Merged descriptor properties and parameters resolved#
#2026 05 07 21:42:24.090#Z#DEBUG#988ff13c-4a5d-11f1-8594-eeee0a955217.OPERATION#flowable-async-job-executor-thread-13960#
Step "Re-Process Descriptor Step" finished#
#2026 05 07 21:42:24.113#Z#DEBUG#988ff13c-4a5d-11f1-8594-eeee0a955217.OPERATION#flowable-async-job-executor-thread-13960#
[BuildApplicationDeployModelStep] Executing task "buildApplicationDeployModelTask" of process "a246f926-4a5d-11f1-aac6-eeee0a96ae62"...#
#2026 05 07 21:42:24.114#Z#DEBUG#988ff13c-4a5d-11f1-8594-eeee0a955217.OPERATION#flowable-async-job-executor-thread-13960#
[BuildApplicationDeployModelStep] Building cloud deployment model for application "Loja-db-deployer"...#
#2026 05 07 21:42:24.118#Z#DEBUG#988ff13c-4a5d-11f1-8594-eeee0a955217.OPERATION#flowable-async-job-executor-thread-13960#
[BuildApplicationDeployModelStep] No health-check-type is specified. Setting default type: port#
#2026 05 07 21:42:24.118#Z#INFO#988ff13c-4a5d-11f1-8594-eeee0a955217.OPERATION#flowable-async-job-executor-thread-13960#
[BuildApplicationDeployModelStep] Building configuration entries for org 03462a2ftrial, space dev, spaceId 3ae7c67b-9057-463c-933e-5dffbfe90d90 and namespace null!#
#2026 05 07 21:42:24.119#Z#DEBUG#988ff13c-4a5d-11f1-8594-eeee0a955217.OPERATION#flowable-async-job-executor-thread-13960#
[BuildApplicationDeployModelStep] Configuration entries to publish: [ ]#
#2026 05 07 21:42:24.119#Z#DEBUG#988ff13c-4a5d-11f1-8594-eeee0a955217.OPERATION#flowable-async-job-executor-thread-13960#
[BuildApplicationDeployModelStep] Cloud deployment model for application built#
#2026 05 07 21:42:24.119#Z#DEBUG#988ff13c-4a5d-11f1-8594-eeee0a955217.OPERATION#flowable-async-job-executor-thread-13960#
Step "Build Application Deploy Model" finished#
#2026 05 07 21:42:24.289#Z#DEBUG#988ff13c-4a5d-11f1-8594-eeee0a955217.OPERATION#flowable-async-job-executor-thread-9665#
[ProcessDescriptorStep] Executing task "reprocessDescriptorTask" of process "a26296da-4a5d-11f1-be89-eeee0a8b5731"...#
#2026 05 07 21:42:24.290#Z#DEBUG#988ff13c-4a5d-11f1-8594-eeee0a955217.OPERATION#flowable-async-job-executor-thread-9665#
[ProcessDescriptorStep] Resolving properties and parameters in merged descriptor...#
#2026 05 07 21:42:24.294#Z#DEBUG#988ff13c-4a5d-11f1-8594-eeee0a955217.OPERATION#flowable-async-job-executor-thread-9665#
[ProcessDescriptorStep] Subscriptions: [ ]#
#2026 05 07 21:42:24.302#Z#DEBUG#988ff13c-4a5d-11f1-8594-eeee0a955217.OPERATION#flowable-async-job-executor-thread-9665#
[ProcessDescriptorStep] MTA modules: [Loja-db-deployer, Loja, Loja-srv]#
#2026 05 07 21:42:24.307#Z#DEBUG#988ff13c-4a5d-11f1-8594-eeee0a955217.OPERATION#flowable-async-job-executor-thread-9665#
[ProcessDescriptorStep] Resolved deployment descriptor: {
  "majorSchemaVersion" : 3,
  "schemaVersion" : "3.3.0",
  "id" : "Loja",
  "version" : "1.0.0",
  "modules" : [ {
    "majorSchemaVersion" : 3,
    "name" : "Loja-srv",
    "type" : "javascript.nodejs",
    "path" : "Loja-srv",
    "properties" : { },
    "parameters" : {
      "default-url" : "https://03462a2ftrial-dev-loja-srv.cfapps.us10-001.hana.ondemand.com",
      "default-app-name" : "Loja-srv",
      "generated-password" : "********",
      "default-live-url" : "https://03462a2ftrial-dev-loja-srv.cfapps.us10-001.hana.ondemand.com",
      "default-uri" : "03462a2ftrial-dev-loja-srv.cfapps.us10-001.hana.ondemand.com",
      "default-instances" : 1,
      "default-live-host" : "03462a2ftrial-dev-loja-srv",
      "instances" : 1,
      "buildpack" : "nodejs_buildpack",
      "default-host" : "03462a2ftrial-dev-loja-srv",
      "app-name" : "Loja-srv",
      "default-live-uri" : "03462a2ftrial-dev-loja-srv.cfapps.us10-001.hana.ondemand.com",
      "protocol" : "https",
      "default-live-app-name" : "Loja-srv",
      "default-live-domain" : "cfapps.us10-001.hana.ondemand.com",
      "domain" : "cfapps.us10-001.hana.ondemand.com",
      "host" : "03462a2ftrial-dev-loja-srv",
      "generated-user" : "********"
    },
    "requiredDependencies" : [ {
      "majorSchemaVersion" : 3,
      "name" : "********",
      "properties" : { },
      "parameters" : { },
      "propertiesMetadata" : {
        "metadata" : { }
      },
      "parametersMetadata" : {
        "metadata" : { }
      }
    }, {
      "majorSchemaVersion" : 3,
      "name" : "Loja-db",
      "properties" : { },
      "parameters" : { },
      "propertiesMetadata" : {
        "metadata" : { }
      },
      "parametersMetadata" : {
        "metadata" : { }
      }
    } ],
    "providedDependencies" : [ {
      "majorSchemaVersion" : 3,
      "name" : "srv-api",
      "isPublic" : false,
      "properties" : {
        "srv-url" : "https://03462a2ftrial-dev-loja-srv.cfapps.us10-001.hana.ondemand.com"
      },
      "parameters" : { },
      "propertiesMetadata" : {
        "metadata" : { }
      },
      "parametersMetadata" : {
        "metadata" : { }
      }
    }, {
      "majorSchemaVersion" : 3,
      "name" : "Loja-srv",
      "isPublic" : false,
      "properties" : { },
      "parameters" : { },
      "propertiesMetadata" : {
        "metadata" : { }
      },
      "parametersMetadata" : {
        "metadata" : { }
      }
    } ],
    "propertiesMetadata" : {
      "metadata" : { }
    },
    "parametersMetadata" : {
      "metadata" : { }
    },
    "hooks" : [ ]
  }, {
    "majorSchemaVersion" : 3,
    "name" : "Loja-db-deployer",
    "type" : "com.sap.xs.hdi",
    "path" : "Loja-db-deployer",
    "properties" : {
      "EXIT" : 1
    },
    "parameters" : {
      "default-url" : "https://03462a2ftrial-dev-loja-db-deployer.cfapps.us10-001.hana.ondemand.com",
      "default-app-name" : "Loja-db-deployer",
      "generated-password" : "********",
      "default-live-url" : "https://03462a2ftrial-dev-loja-db-deployer.cfapps.us10-001.hana.ondemand.com",
      "default-uri" : "03462a2ftrial-dev-loja-db-deployer.cfapps.us10-001.hana.ondemand.com",
      "memory" : "256M",
      "default-instances" : 1,
      "no-route" : true,
      "default-live-host" : "03462a2ftrial-dev-loja-db-deployer",
      "instances" : 1,
      "buildpack" : "nodejs_buildpack",
      "default-host" : "03462a2ftrial-dev-loja-db-deployer",
      "app-name" : "Loja-db-deployer",
      "default-live-uri" : "03462a2ftrial-dev-loja-db-deployer.cfapps.us10-001.hana.ondemand.com",
      "protocol" : "https",
      "default-live-app-name" : "Loja-db-deployer",
      "default-live-domain" : "cfapps.us10-001.hana.ondemand.com",
      "dependency-type" : "hard",
      "domain" : "cfapps.us10-001.hana.ondemand.com",
      "host" : "03462a2ftrial-dev-loja-db-deployer",
      "generated-user" : "********",
      "tasks" : [ {
        "command" : "npm start",
        "memory" : "256M",
        "name" : "deploy"
      } ],
      "no-start" : true
    },
    "requiredDependencies" : [ {
      "majorSchemaVersion" : 3,
      "name" : "Loja-db",
      "properties" : { },
      "parameters" : { },
      "propertiesMetadata" : {
        "metadata" : { }
      },
      "parametersMetadata" : {
        "metadata" : { }
      }
    } ],
    "providedDependencies" : [ {
      "majorSchemaVersion" : 3,
      "name" : "Loja-db-deployer",
      "isPublic" : false,
      "properties" : { },
      "parameters" : { },
      "propertiesMetadata" : {
        "metadata" : { }
      },
      "parametersMetadata" : {
        "metadata" : { }
      }
    } ],
    "propertiesMetadata" : {
      "metadata" : { }
    },
    "parametersMetadata" : {
      "metadata" : { }
    },
    "hooks" : [ ]
  }, {
    "majorSchemaVersion" : 3,
    "name" : "Loja",
    "type" : "javascript.nodejs",
    "path" : "Loja",
    "properties" : { },
    "parameters" : {
      "default-url" : "https://03462a2ftrial-dev-loja.cfapps.us10-001.hana.ondemand.com",
      "default-app-name" : "Loja",
      "generated-password" : "********",
      "default-live-url" : "https://03462a2ftrial-dev-loja.cfapps.us10-001.hana.ondemand.com",
      "default-uri" : "03462a2ftrial-dev-loja.cfapps.us10-001.hana.ondemand.com",
      "memory" : "256M",
      "default-instances" : 1,
      "default-live-host" : "03462a2ftrial-dev-loja",
      "instances" : 1,
      "default-host" : "03462a2ftrial-dev-loja",
      "keep-existing-routes" : true,
      "app-name" : "Loja",
      "default-live-uri" : "03462a2ftrial-dev-loja.cfapps.us10-001.hana.ondemand.com",
      "protocol" : "https",
      "default-live-app-name" : "Loja",
      "default-live-domain" : "cfapps.us10-001.hana.ondemand.com",
      "disk-quota" : "256M",
      "domain" : "cfapps.us10-001.hana.ondemand.com",
      "host" : "03462a2ftrial-dev-loja",
      "generated-user" : "********"
    },
    "requiredDependencies" : [ {
      "majorSchemaVersion" : 3,
      "name" : "srv-api",
      "group" : "destinations",
      "properties" : {
        "name" : "srv-api",
        "forwardAuthToken" : "********",
        "url" : "https://03462a2ftrial-dev-loja-srv.cfapps.us10-001.hana.ondemand.com"
      },
      "parameters" : { },
      "propertiesMetadata" : {
        "metadata" : { }
      },
      "parametersMetadata" : {
        "metadata" : { }
      }
    }, {
      "majorSchemaVersion" : 3,
      "name" : "********",
      "properties" : { },
      "parameters" : { },
      "propertiesMetadata" : {
        "metadata" : { }
      },
      "parametersMetadata" : {
        "metadata" : { }
      }
    } ],
    "providedDependencies" : [ {
      "majorSchemaVersion" : 3,
      "name" : "app-api",
      "isPublic" : false,
      "properties" : {
        "app-protocol" : "https",
        "app-uri" : "03462a2ftrial-dev-loja.cfapps.us10-001.hana.ondemand.com"
      },
      "parameters" : { },
      "propertiesMetadata" : {
        "metadata" : { }
      },
      "parametersMetadata" : {
        "metadata" : { }
      }
    }, {
      "majorSchemaVersion" : 3,
      "name" : "Loja",
      "isPublic" : false,
      "properties" : { },
      "parameters" : { },
      "propertiesMetadata" : {
        "metadata" : { }
      },
      "parametersMetadata" : {
        "metadata" : { }
      }
    } ],
    "propertiesMetadata" : {
      "metadata" : { }
    },
    "parametersMetadata" : {
      "metadata" : { }
    },
    "hooks" : [ ]
  } ],
  "resources" : [ {
    "majorSchemaVersion" : 3,
    "name" : "********",
    "type" : "org.cloudfoundry.managed-service",
    "properties" : { },
    "parameters" : {
      "generated-password" : "********",
      "path" : "./xs-security.json",
      "service-name" : "********",
      "service-plan" : "application",
      "service" : "xsuaa",
      "generated-user" : "********",
      "default-xsappname" : "********",
      "type" : "managed-service",
      "config" : {
        "oauth2-configuration" : "********",
        "tenant-mode" : "dedicated",
        "xsappname" : "Loja-03462a2ftrial-dev"
      },
      "default-service-name" : "********",
      "default-container-name" : "********"
    },
    "isActive" : true,
    "isOptional" : false,
    "propertiesMetadata" : {
      "metadata" : { }
    },
    "parametersMetadata" : {
      "metadata" : { }
    },
    "requiredDependencies" : [ {
      "majorSchemaVersion" : 3,
      "name" : "app-api",
      "properties" : { },
      "parameters" : { },
      "propertiesMetadata" : {
        "metadata" : { }
      },
      "parametersMetadata" : {
        "metadata" : { }
      }
    } ],
    "processedAfter" : [ ]
  }, {
    "majorSchemaVersion" : 3,
    "name" : "Loja-db",
    "type" : "com.sap.xs.hdi-container",
    "properties" : { },
    "parameters" : {
      "generated-password" : "********",
      "service-name" : "Loja-db",
      "service-plan" : "hdi-shared",
      "service" : "hana",
      "generated-user" : "********",
      "default-xsappname" : "Loja-db",
      "type" : "managed-service",
      "default-service-name" : "Loja-db",
      "default-container-name" : "03462A2FTRIAL_DEV_LOJA_DB"
    },
    "isActive" : true,
    "isOptional" : false,
    "propertiesMetadata" : {
      "metadata" : { }
    },
    "parametersMetadata" : {
      "metadata" : { }
    },
    "requiredDependencies" : [ ],
    "processedAfter" : [ ]
  } ],
  "parameters" : {
    "mta-id" : "Loja",
    "authorization-url" : "********",
    "org-guid" : "04493104-1ac5-4d04-8e0e-f1ae4b500c3a",
    "org" : "03462a2ftrial",
    "deploy-target" : "03462a2ftrial dev",
    "enable-parallel-deployments" : true,
    "region-primary-domain" : "us10.hana.ondemand.com",
    "space" : "dev",
    "region-domain" : "us10-001.hana.ondemand.com",
    "xs-api-url" : "https://api.cf.us10-001.hana.ondemand.com",
    "deploy-url" : "deploy-service.cfapps.us10-001.hana.ondemand.com",
    "xs-type" : "CF",
    "default-domain" : "cfapps.us10-001.hana.ondemand.com",
    "mta-version" : "1.0.0",
    "xs-auth-url" : "********",
    "space-guid" : "3ae7c67b-9057-463c-933e-5dffbfe90d90",
    "user" : "********",
    "controller-url" : "https://api.cf.us10-001.hana.ondemand.com",
    "timestamp" : "20260507214207"
  },
  "parametersMetadata" : {
    "metadata" : { }
  }
}#
#2026 05 07 21:42:24.307#Z#DEBUG#988ff13c-4a5d-11f1-8594-eeee0a955217.OPERATION#flowable-async-job-executor-thread-9665#
[ProcessDescriptorStep] Merged descriptor properties and parameters resolved#
#2026 05 07 21:42:24.307#Z#DEBUG#988ff13c-4a5d-11f1-8594-eeee0a955217.OPERATION#flowable-async-job-executor-thread-9665#
Step "Re-Process Descriptor Step" finished#
#2026 05 07 21:42:24.351#Z#DEBUG#988ff13c-4a5d-11f1-8594-eeee0a955217.OPERATION#flowable-async-job-executor-thread-9665#
[BuildApplicationDeployModelStep] Executing task "buildApplicationDeployModelTask" of process "a26296da-4a5d-11f1-be89-eeee0a8b5731"...#
#2026 05 07 21:42:24.355#Z#DEBUG#988ff13c-4a5d-11f1-8594-eeee0a955217.OPERATION#flowable-async-job-executor-thread-9665#
[BuildApplicationDeployModelStep] Building cloud deployment model for application "Loja"...#
#2026 05 07 21:42:24.361#Z#DEBUG#988ff13c-4a5d-11f1-8594-eeee0a955217.OPERATION#flowable-async-job-executor-thread-9665#
[BuildApplicationDeployModelStep] Getting routes for application "873ff1b8-4d50-4112-a2cb-c2c99fe18e99"...#
#2026 05 07 21:42:24.402#Z#DEBUG#988ff13c-4a5d-11f1-8594-eeee0a955217.OPERATION#flowable-async-job-executor-thread-9665#
[BuildApplicationDeployModelStep] No health-check-type is specified. Setting default type: port#
#2026 05 07 21:42:24.402#Z#INFO#988ff13c-4a5d-11f1-8594-eeee0a955217.OPERATION#flowable-async-job-executor-thread-9665#
[BuildApplicationDeployModelStep] Building configuration entries for org 03462a2ftrial, space dev, spaceId 3ae7c67b-9057-463c-933e-5dffbfe90d90 and namespace null!#
#2026 05 07 21:42:24.403#Z#DEBUG#988ff13c-4a5d-11f1-8594-eeee0a955217.OPERATION#flowable-async-job-executor-thread-9665#
[BuildApplicationDeployModelStep] Configuration entries to publish: [ ]#
#2026 05 07 21:42:24.403#Z#DEBUG#988ff13c-4a5d-11f1-8594-eeee0a955217.OPERATION#flowable-async-job-executor-thread-9665#
[BuildApplicationDeployModelStep] Cloud deployment model for application built#
#2026 05 07 21:42:24.403#Z#DEBUG#988ff13c-4a5d-11f1-8594-eeee0a955217.OPERATION#flowable-async-job-executor-thread-9665#
Step "Build Application Deploy Model" finished#
#2026 05 07 21:42:24.151#Z#DEBUG#988ff13c-4a5d-11f1-8594-eeee0a955217.OPERATION#flowable-async-job-executor-thread-13960#
[CreateOrUpdateAppStep] Executing task "createAppTask" of process "a246f926-4a5d-11f1-aac6-eeee0a96ae62"...#
#2026 05 07 21:42:24.152#Z#DEBUG#988ff13c-4a5d-11f1-8594-eeee0a955217.OPERATION#flowable-async-job-executor-thread-13960#
[CreateOrUpdateAppStep] Getting application "Loja-db-deployer"...#
#2026 05 07 21:42:24.186#Z#INFO#988ff13c-4a5d-11f1-8594-eeee0a955217.OPERATION#flowable-async-job-executor-thread-13960#
[CreateOrUpdateAppStep] Updating application "Loja-db-deployer"...#
#2026 05 07 21:42:24.193#Z#DEBUG#988ff13c-4a5d-11f1-8594-eeee0a955217.OPERATION#flowable-async-job-executor-thread-13960#
[CreateOrUpdateAppStep] Getting process for application "540913b5-ee82-43db-a33d-eb5577322406"...#
#2026 05 07 21:42:24.227#Z#DEBUG#988ff13c-4a5d-11f1-8594-eeee0a955217.OPERATION#flowable-async-job-executor-thread-13960#
[CreateOrUpdateAppStep] Getting routes for application "540913b5-ee82-43db-a33d-eb5577322406"...#
#2026 05 07 21:42:24.253#Z#DEBUG#988ff13c-4a5d-11f1-8594-eeee0a955217.OPERATION#flowable-async-job-executor-thread-13960#
[CreateOrUpdateAppStep] Getting features for application "540913b5-ee82-43db-a33d-eb5577322406"#
#2026 05 07 21:42:24.277#Z#DEBUG#988ff13c-4a5d-11f1-8594-eeee0a955217.OPERATION#flowable-async-job-executor-thread-13960#
[CreateOrUpdateAppStep] Updating staging of application "Loja-db-deployer" to: {
  "isReadinessHealthCheckEnabled" : true,
  "buildpacks" : [ "nodejs_buildpack" ],
  "healthCheckType" : "port",
  "appFeatures" : { }
}#
#2026 05 07 21:42:24.450#Z#DEBUG#988ff13c-4a5d-11f1-8594-eeee0a955217.OPERATION#flowable-async-job-executor-thread-13960#
[CreateOrUpdateAppStep] Application "Loja-db-deployer" updated#
#2026 05 07 21:42:24.450#Z#DEBUG#988ff13c-4a5d-11f1-8594-eeee0a955217.OPERATION#flowable-async-job-executor-thread-13960#
[CreateOrUpdateAppStep] Getting environment of application "540913b5-ee82-43db-a33d-eb5577322406"...#
#2026 05 07 21:42:24.520#Z#DEBUG#988ff13c-4a5d-11f1-8594-eeee0a955217.OPERATION#flowable-async-job-executor-thread-13960#
[CreateOrUpdateAppStep] Application "Loja-db-deployer" updated#
#2026 05 07 21:42:24.520#Z#DEBUG#988ff13c-4a5d-11f1-8594-eeee0a955217.OPERATION#flowable-async-job-executor-thread-13960#
Step "Create App" finished#
#2026 05 07 21:42:24.599#Z#DEBUG#988ff13c-4a5d-11f1-8594-eeee0a955217.OPERATION#flowable-async-job-executor-thread-13960#
[CheckServiceBindingOperationStep] Executing task "checkForServiceBindingOperationInProgress" of process "a29a96b9-4a5d-11f1-aac6-eeee0a96ae62"...#
#2026 05 07 21:42:24.599#Z#DEBUG#988ff13c-4a5d-11f1-8594-eeee0a955217.OPERATION#flowable-async-job-executor-thread-13960#
[CheckServiceBindingOperationStep] Checking for service binding operation in progress between app "Loja-db-deployer" and service instance "Loja-db"#
#2026 05 07 21:42:24.599#Z#DEBUG#988ff13c-4a5d-11f1-8594-eeee0a955217.OPERATION#flowable-async-job-executor-thread-13960#
[CheckServiceBindingOperationStep] Getting application guid "Loja-db-deployer"...#
#2026 05 07 21:42:24.666#Z#DEBUG#988ff13c-4a5d-11f1-8594-eeee0a955217.OPERATION#flowable-async-job-executor-thread-13960#
[CheckServiceBindingOperationStep] Getting GUID of required service instance "Loja-db"...#
#2026 05 07 21:42:24.695#Z#DEBUG#988ff13c-4a5d-11f1-8594-eeee0a955217.OPERATION#flowable-async-job-executor-thread-13960#
[CheckServiceBindingOperationStep] Getting binding of service instance "a23bff1b-91e8-488d-bcac-9e3d26ae9223" with application "540913b5-ee82-43db-a33d-eb5577322406"...#
#2026 05 07 21:42:24.725#Z#DEBUG#988ff13c-4a5d-11f1-8594-eeee0a955217.OPERATION#flowable-async-job-executor-thread-13960#
[CheckServiceBindingOperationStep] Service binding operation "0501f02c-88b6-4e6e-8c2c-bf63ac216326" with type "create" is in state "succeeded"#
#2026 05 07 21:42:24.725#Z#DEBUG#988ff13c-4a5d-11f1-8594-eeee0a955217.OPERATION#flowable-async-job-executor-thread-13960#
Step "Check For Service Binding Operation In Progress" finished#
#2026 05 07 21:42:24.453#Z#DEBUG#988ff13c-4a5d-11f1-8594-eeee0a955217.OPERATION#flowable-async-job-executor-thread-9665#
[CreateOrUpdateAppStep] Executing task "createAppTask" of process "a26296da-4a5d-11f1-be89-eeee0a8b5731"...#
#2026 05 07 21:42:24.456#Z#DEBUG#988ff13c-4a5d-11f1-8594-eeee0a955217.OPERATION#flowable-async-job-executor-thread-9665#
[CreateOrUpdateAppStep] Getting application "Loja"...#
#2026 05 07 21:42:24.498#Z#INFO#988ff13c-4a5d-11f1-8594-eeee0a955217.OPERATION#flowable-async-job-executor-thread-9665#
[CreateOrUpdateAppStep] Updating application "Loja"...#
#2026 05 07 21:42:24.507#Z#DEBUG#988ff13c-4a5d-11f1-8594-eeee0a955217.OPERATION#flowable-async-job-executor-thread-9665#
[CreateOrUpdateAppStep] Getting process for application "873ff1b8-4d50-4112-a2cb-c2c99fe18e99"...#
#2026 05 07 21:42:24.537#Z#DEBUG#988ff13c-4a5d-11f1-8594-eeee0a955217.OPERATION#flowable-async-job-executor-thread-9665#
[CreateOrUpdateAppStep] Getting routes for application "873ff1b8-4d50-4112-a2cb-c2c99fe18e99"...#
#2026 05 07 21:42:24.584#Z#DEBUG#988ff13c-4a5d-11f1-8594-eeee0a955217.OPERATION#flowable-async-job-executor-thread-9665#
[CreateOrUpdateAppStep] Getting features for application "873ff1b8-4d50-4112-a2cb-c2c99fe18e99"#
#2026 05 07 21:42:24.610#Z#DEBUG#988ff13c-4a5d-11f1-8594-eeee0a955217.OPERATION#flowable-async-job-executor-thread-9665#
[CreateOrUpdateAppStep] Updating staging of application "Loja" to: {
  "isReadinessHealthCheckEnabled" : true,
  "buildpacks" : [ ],
  "healthCheckType" : "port",
  "appFeatures" : { }
}#
#2026 05 07 21:42:24.826#Z#DEBUG#988ff13c-4a5d-11f1-8594-eeee0a955217.OPERATION#flowable-async-job-executor-thread-9665#
[CreateOrUpdateAppStep] Application "Loja" updated#
#2026 05 07 21:42:24.826#Z#DEBUG#988ff13c-4a5d-11f1-8594-eeee0a955217.OPERATION#flowable-async-job-executor-thread-9665#
[CreateOrUpdateAppStep] Getting environment of application "873ff1b8-4d50-4112-a2cb-c2c99fe18e99"...#
#2026 05 07 21:42:24.906#Z#DEBUG#988ff13c-4a5d-11f1-8594-eeee0a955217.OPERATION#flowable-async-job-executor-thread-9665#
[CreateOrUpdateAppStep] Application "Loja" updated#
#2026 05 07 21:42:24.906#Z#DEBUG#988ff13c-4a5d-11f1-8594-eeee0a955217.OPERATION#flowable-async-job-executor-thread-9665#
Step "Create App" finished#
#2026 05 07 21:42:24.749#Z#DEBUG#988ff13c-4a5d-11f1-8594-eeee0a955217.OPERATION#flowable-async-job-executor-thread-13960#
[DetermineApplicationServiceBindingActionsStep] Executing task "determineApplicationServiceBindingActionsTask" of process "a29a96b9-4a5d-11f1-aac6-eeee0a96ae62"...#
#2026 05 07 21:42:24.750#Z#DEBUG#988ff13c-4a5d-11f1-8594-eeee0a955217.OPERATION#flowable-async-job-executor-thread-13960#
[DetermineApplicationServiceBindingActionsStep] Determine bind/unbind operations of application "Loja-db-deployer" to service instance "Loja-db"#
#2026 05 07 21:42:24.750#Z#DEBUG#988ff13c-4a5d-11f1-8594-eeee0a955217.OPERATION#flowable-async-job-executor-thread-13960#
[DetermineApplicationServiceBindingActionsStep] Getting application "Loja-db-deployer"...#
#2026 05 07 21:42:24.796#Z#DEBUG#988ff13c-4a5d-11f1-8594-eeee0a955217.OPERATION#flowable-async-job-executor-thread-13960#
[DetermineApplicationServiceBindingActionsStep] Binding parameters for application "Loja-db-deployer": { }#
#2026 05 07 21:42:24.822#Z#DEBUG#988ff13c-4a5d-11f1-8594-eeee0a955217.OPERATION#flowable-async-job-executor-thread-13960#
[DetermineApplicationServiceBindingActionsStep] Check should rebind application "Loja-db-deployer" and service instance "Loja-db"#
#2026 05 07 21:42:24.822#Z#DEBUG#988ff13c-4a5d-11f1-8594-eeee0a955217.OPERATION#flowable-async-job-executor-thread-13960#
[DetermineApplicationServiceBindingActionsStep] Getting GUID of required service instance "Loja-db"...#
#2026 05 07 21:42:24.850#Z#DEBUG#988ff13c-4a5d-11f1-8594-eeee0a955217.OPERATION#flowable-async-job-executor-thread-13960#
[DetermineApplicationServiceBindingActionsStep] Getting binding of service instance "a23bff1b-91e8-488d-bcac-9e3d26ae9223" with application "540913b5-ee82-43db-a33d-eb5577322406"...#
#2026 05 07 21:42:24.884#Z#DEBUG#988ff13c-4a5d-11f1-8594-eeee0a955217.OPERATION#flowable-async-job-executor-thread-13960#
[DetermineApplicationServiceBindingActionsStep] Getting parameters of service binding "0501f02c-88b6-4e6e-8c2c-bf63ac216326"...#
#2026 05 07 21:42:25.071#Z#INFO#988ff13c-4a5d-11f1-8594-eeee0a955217.OPERATION#flowable-async-job-executor-thread-13960#
[DetermineApplicationServiceBindingActionsStep] Service instance "Loja-db" will not be rebound to application "Loja-db-deployer" because the binding parameters are not modified#
#2026 05 07 21:42:25.075#Z#DEBUG#988ff13c-4a5d-11f1-8594-eeee0a955217.OPERATION#flowable-async-job-executor-thread-13960#
[DetermineApplicationServiceBindingActionsStep] Calculated binding operations between application "Loja-db-deployer" and service instance "Loja-db": unbind - false bind - false#
#2026 05 07 21:42:25.075#Z#DEBUG#988ff13c-4a5d-11f1-8594-eeee0a955217.OPERATION#flowable-async-job-executor-thread-13960#
Step "Determine Application Service Binding Actions" finished#
#2026 05 07 21:42:25.030#Z#DEBUG#988ff13c-4a5d-11f1-8594-eeee0a955217.OPERATION#flowable-async-job-executor-thread-9665#
[CheckServiceBindingOperationStep] Executing task "checkForServiceBindingOperationInProgress" of process "a2d9c306-4a5d-11f1-be89-eeee0a8b5731"...#
#2026 05 07 21:42:25.030#Z#DEBUG#988ff13c-4a5d-11f1-8594-eeee0a955217.OPERATION#flowable-async-job-executor-thread-9665#
[CheckServiceBindingOperationStep] Checking for service binding operation in progress between app "Loja" and service instance "Loja-auth"#
#2026 05 07 21:42:25.031#Z#DEBUG#988ff13c-4a5d-11f1-8594-eeee0a955217.OPERATION#flowable-async-job-executor-thread-9665#
[CheckServiceBindingOperationStep] Getting application guid "Loja"...#
#2026 05 07 21:42:25.076#Z#DEBUG#988ff13c-4a5d-11f1-8594-eeee0a955217.OPERATION#flowable-async-job-executor-thread-9665#
[CheckServiceBindingOperationStep] Getting GUID of required service instance "Loja-auth"...#
#2026 05 07 21:42:25.106#Z#DEBUG#988ff13c-4a5d-11f1-8594-eeee0a955217.OPERATION#flowable-async-job-executor-thread-9665#
[CheckServiceBindingOperationStep] Getting binding of service instance "3e58e042-919f-4b73-923a-17fab92a9330" with application "873ff1b8-4d50-4112-a2cb-c2c99fe18e99"...#
#2026 05 07 21:42:25.136#Z#DEBUG#988ff13c-4a5d-11f1-8594-eeee0a955217.OPERATION#flowable-async-job-executor-thread-9665#
[CheckServiceBindingOperationStep] Service binding operation "c4497d28-93dd-4458-82e8-4c25622e9a46" with type "create" is in state "succeeded"#
#2026 05 07 21:42:25.136#Z#DEBUG#988ff13c-4a5d-11f1-8594-eeee0a955217.OPERATION#flowable-async-job-executor-thread-9665#
Step "Check For Service Binding Operation In Progress" finished#
#2026 05 07 21:42:25.156#Z#DEBUG#988ff13c-4a5d-11f1-8594-eeee0a955217.OPERATION#flowable-async-job-executor-thread-13960#
[DetermineVcapServicesPropertiesChangedStep] Executing task "determineVcapServicesPropertiesChangedTask" of process "a2ef6d93-4a5d-11f1-aac6-eeee0a96ae62"...#
#2026 05 07 21:42:25.157#Z#DEBUG#988ff13c-4a5d-11f1-8594-eeee0a955217.OPERATION#flowable-async-job-executor-thread-13960#
[DetermineVcapServicesPropertiesChangedStep] VCAP_SERVICES properties for application "Loja-db-deployer" changed: false#
#2026 05 07 21:42:25.157#Z#DEBUG#988ff13c-4a5d-11f1-8594-eeee0a955217.OPERATION#flowable-async-job-executor-thread-13960#
Step "Determine vcap services properties changed" finished#
#2026 05 07 21:42:25.175#Z#DEBUG#988ff13c-4a5d-11f1-8594-eeee0a955217.OPERATION#flowable-async-job-executor-thread-9665#
[DetermineApplicationServiceBindingActionsStep] Executing task "determineApplicationServiceBindingActionsTask" of process "a2d9c306-4a5d-11f1-be89-eeee0a8b5731"...#
#2026 05 07 21:42:25.178#Z#DEBUG#988ff13c-4a5d-11f1-8594-eeee0a955217.OPERATION#flowable-async-job-executor-thread-9665#
[DetermineApplicationServiceBindingActionsStep] Determine bind/unbind operations of application "Loja" to service instance "Loja-auth"#
#2026 05 07 21:42:25.178#Z#DEBUG#988ff13c-4a5d-11f1-8594-eeee0a955217.OPERATION#flowable-async-job-executor-thread-9665#
[DetermineApplicationServiceBindingActionsStep] Getting application "Loja"...#
#2026 05 07 21:42:25.225#Z#DEBUG#988ff13c-4a5d-11f1-8594-eeee0a955217.OPERATION#flowable-async-job-executor-thread-9665#
[DetermineApplicationServiceBindingActionsStep] Binding parameters for application "Loja": { }#
#2026 05 07 21:42:25.258#Z#DEBUG#988ff13c-4a5d-11f1-8594-eeee0a955217.OPERATION#flowable-async-job-executor-thread-9665#
[DetermineApplicationServiceBindingActionsStep] Check should rebind application "Loja" and service instance "Loja-auth"#
#2026 05 07 21:42:25.258#Z#DEBUG#988ff13c-4a5d-11f1-8594-eeee0a955217.OPERATION#flowable-async-job-executor-thread-9665#
[DetermineApplicationServiceBindingActionsStep] Getting GUID of required service instance "Loja-auth"...#
#2026 05 07 21:42:25.288#Z#DEBUG#988ff13c-4a5d-11f1-8594-eeee0a955217.OPERATION#flowable-async-job-executor-thread-9665#
[DetermineApplicationServiceBindingActionsStep] Getting binding of service instance "3e58e042-919f-4b73-923a-17fab92a9330" with application "873ff1b8-4d50-4112-a2cb-c2c99fe18e99"...#
#2026 05 07 21:42:25.315#Z#DEBUG#988ff13c-4a5d-11f1-8594-eeee0a955217.OPERATION#flowable-async-job-executor-thread-9665#
[DetermineApplicationServiceBindingActionsStep] Getting parameters of service binding "c4497d28-93dd-4458-82e8-4c25622e9a46"...#
#2026 05 07 21:42:25.351#Z#WARN#988ff13c-4a5d-11f1-8594-eeee0a955217.OPERATION#flowable-async-job-executor-thread-9665#
[DetermineApplicationServiceBindingActionsStep] Cannot retrieve parameters of binding between application "Loja" and service instance "Loja-auth"#
#2026 05 07 21:42:25.353#Z#DEBUG#988ff13c-4a5d-11f1-8594-eeee0a955217.OPERATION#flowable-async-job-executor-thread-9665#
[DetermineApplicationServiceBindingActionsStep] Calculated binding operations between application "Loja" and service instance "Loja-auth": unbind - true bind - true#
#2026 05 07 21:42:25.353#Z#DEBUG#988ff13c-4a5d-11f1-8594-eeee0a955217.OPERATION#flowable-async-job-executor-thread-9665#
Step "Determine Application Service Binding Actions" finished#
#2026 05 07 21:42:25.178#Z#DEBUG#988ff13c-4a5d-11f1-8594-eeee0a955217.OPERATION#flowable-async-job-executor-thread-13960#
[UploadAppStep] Executing task "uploadAppTask" of process "a2ef6d93-4a5d-11f1-aac6-eeee0a96ae62"...#
#2026 05 07 21:42:25.180#Z#DEBUG#988ff13c-4a5d-11f1-8594-eeee0a955217.OPERATION#flowable-async-job-executor-thread-13960#
[UploadAppStep] Application upload timeout is default one: 3,600 seconds#
#2026 05 07 21:42:25.180#Z#INFO#988ff13c-4a5d-11f1-8594-eeee0a955217.OPERATION#flowable-async-job-executor-thread-13960#
[UploadAppStep] Uploading application "Loja-db-deployer"...#
#2026 05 07 21:42:25.184#Z#DEBUG#988ff13c-4a5d-11f1-8594-eeee0a955217.OPERATION#flowable-async-job-executor-thread-13960#
[UploadAppStep] Getting application "Loja-db-deployer"...#
#2026 05 07 21:42:25.234#Z#DEBUG#988ff13c-4a5d-11f1-8594-eeee0a955217.OPERATION#flowable-async-job-executor-thread-13960#
[UploadAppStep] Getting environment of application "540913b5-ee82-43db-a33d-eb5577322406"...#
#2026 05 07 21:42:25.274#Z#INFO#988ff13c-4a5d-11f1-8594-eeee0a955217.OPERATION#flowable-async-job-executor-thread-13960#
[UploadAppStep] Calculating application digest: "Loja-db-deployer"#
#2026 05 07 21:42:25.438#Z#DEBUG#988ff13c-4a5d-11f1-8594-eeee0a955217.OPERATION#flowable-async-job-executor-thread-13960#
Step "Upload App" finished#
#2026 05 07 21:42:25.402#Z#DEBUG#988ff13c-4a5d-11f1-8594-eeee0a955217.OPERATION#flowable-async-job-executor-thread-9665#
[UnbindServiceFromApplicationStep] Executing task "unbindServiceFromApplicationTask" of process "a2d9c306-4a5d-11f1-be89-eeee0a8b5731"...#
#2026 05 07 21:42:25.406#Z#INFO#988ff13c-4a5d-11f1-8594-eeee0a955217.OPERATION#flowable-async-job-executor-thread-9665#
[UnbindServiceFromApplicationStep] Unbinding service instance "Loja-auth" from application "Loja"...#
#2026 05 07 21:42:25.411#Z#DEBUG#988ff13c-4a5d-11f1-8594-eeee0a955217.OPERATION#flowable-async-job-executor-thread-9665#
[UnbindServiceFromApplicationStep] Unbinding application "Loja" from service instance "Loja-auth"...#
#2026 05 07 21:42:25.586#Z#DEBUG#988ff13c-4a5d-11f1-8594-eeee0a955217.OPERATION#flowable-async-job-executor-thread-9665#
Step "Unbind Service from Application" finished#
#2026 05 07 21:42:27.106#Z#DEBUG#988ff13c-4a5d-11f1-8594-eeee0a955217.OPERATION#flowable-async-job-executor-thread-13961#
[ProcessDescriptorStep] Executing task "reprocessDescriptorTask" of process "a4141820-4a5d-11f1-aac6-eeee0a96ae62"...#
#2026 05 07 21:42:27.106#Z#DEBUG#988ff13c-4a5d-11f1-8594-eeee0a955217.OPERATION#flowable-async-job-executor-thread-13961#
[ProcessDescriptorStep] Resolving properties and parameters in merged descriptor...#
#2026 05 07 21:42:27.109#Z#DEBUG#988ff13c-4a5d-11f1-8594-eeee0a955217.OPERATION#flowable-async-job-executor-thread-13961#
[ProcessDescriptorStep] Subscriptions: [ ]#
#2026 05 07 21:42:27.113#Z#DEBUG#988ff13c-4a5d-11f1-8594-eeee0a955217.OPERATION#flowable-async-job-executor-thread-13961#
[ProcessDescriptorStep] MTA modules: [Loja-db-deployer, Loja, Loja-srv]#
#2026 05 07 21:42:27.115#Z#DEBUG#988ff13c-4a5d-11f1-8594-eeee0a955217.OPERATION#flowable-async-job-executor-thread-13961#
[ProcessDescriptorStep] Resolved deployment descriptor: {
  "majorSchemaVersion" : 3,
  "schemaVersion" : "3.3.0",
  "id" : "Loja",
  "version" : "1.0.0",
  "modules" : [ {
    "majorSchemaVersion" : 3,
    "name" : "Loja-srv",
    "type" : "javascript.nodejs",
    "path" : "Loja-srv",
    "properties" : { },
    "parameters" : {
      "default-url" : "https://03462a2ftrial-dev-loja-srv.cfapps.us10-001.hana.ondemand.com",
      "default-app-name" : "Loja-srv",
      "generated-password" : "********",
      "default-live-url" : "https://03462a2ftrial-dev-loja-srv.cfapps.us10-001.hana.ondemand.com",
      "default-uri" : "03462a2ftrial-dev-loja-srv.cfapps.us10-001.hana.ondemand.com",
      "default-instances" : 1,
      "default-live-host" : "03462a2ftrial-dev-loja-srv",
      "instances" : 1,
      "buildpack" : "nodejs_buildpack",
      "default-host" : "03462a2ftrial-dev-loja-srv",
      "app-name" : "Loja-srv",
      "default-live-uri" : "03462a2ftrial-dev-loja-srv.cfapps.us10-001.hana.ondemand.com",
      "protocol" : "https",
      "default-live-app-name" : "Loja-srv",
      "default-live-domain" : "cfapps.us10-001.hana.ondemand.com",
      "domain" : "cfapps.us10-001.hana.ondemand.com",
      "host" : "03462a2ftrial-dev-loja-srv",
      "generated-user" : "********"
    },
    "requiredDependencies" : [ {
      "majorSchemaVersion" : 3,
      "name" : "********",
      "properties" : { },
      "parameters" : { },
      "propertiesMetadata" : {
        "metadata" : { }
      },
      "parametersMetadata" : {
        "metadata" : { }
      }
    }, {
      "majorSchemaVersion" : 3,
      "name" : "Loja-db",
      "properties" : { },
      "parameters" : { },
      "propertiesMetadata" : {
        "metadata" : { }
      },
      "parametersMetadata" : {
        "metadata" : { }
      }
    } ],
    "providedDependencies" : [ {
      "majorSchemaVersion" : 3,
      "name" : "srv-api",
      "isPublic" : false,
      "properties" : {
        "srv-url" : "https://03462a2ftrial-dev-loja-srv.cfapps.us10-001.hana.ondemand.com"
      },
      "parameters" : { },
      "propertiesMetadata" : {
        "metadata" : { }
      },
      "parametersMetadata" : {
        "metadata" : { }
      }
    }, {
      "majorSchemaVersion" : 3,
      "name" : "Loja-srv",
      "isPublic" : false,
      "properties" : { },
      "parameters" : { },
      "propertiesMetadata" : {
        "metadata" : { }
      },
      "parametersMetadata" : {
        "metadata" : { }
      }
    } ],
    "propertiesMetadata" : {
      "metadata" : { }
    },
    "parametersMetadata" : {
      "metadata" : { }
    },
    "hooks" : [ ]
  }, {
    "majorSchemaVersion" : 3,
    "name" : "Loja-db-deployer",
    "type" : "com.sap.xs.hdi",
    "path" : "Loja-db-deployer",
    "properties" : {
      "EXIT" : 1
    },
    "parameters" : {
      "default-url" : "https://03462a2ftrial-dev-loja-db-deployer.cfapps.us10-001.hana.ondemand.com",
      "default-app-name" : "Loja-db-deployer",
      "generated-password" : "********",
      "default-live-url" : "https://03462a2ftrial-dev-loja-db-deployer.cfapps.us10-001.hana.ondemand.com",
      "default-uri" : "03462a2ftrial-dev-loja-db-deployer.cfapps.us10-001.hana.ondemand.com",
      "memory" : "256M",
      "default-instances" : 1,
      "no-route" : true,
      "default-live-host" : "03462a2ftrial-dev-loja-db-deployer",
      "instances" : 1,
      "buildpack" : "nodejs_buildpack",
      "default-host" : "03462a2ftrial-dev-loja-db-deployer",
      "app-name" : "Loja-db-deployer",
      "default-live-uri" : "03462a2ftrial-dev-loja-db-deployer.cfapps.us10-001.hana.ondemand.com",
      "protocol" : "https",
      "default-live-app-name" : "Loja-db-deployer",
      "default-live-domain" : "cfapps.us10-001.hana.ondemand.com",
      "dependency-type" : "hard",
      "domain" : "cfapps.us10-001.hana.ondemand.com",
      "host" : "03462a2ftrial-dev-loja-db-deployer",
      "generated-user" : "********",
      "tasks" : [ {
        "command" : "npm start",
        "memory" : "256M",
        "name" : "deploy"
      } ],
      "no-start" : true
    },
    "requiredDependencies" : [ {
      "majorSchemaVersion" : 3,
      "name" : "Loja-db",
      "properties" : { },
      "parameters" : { },
      "propertiesMetadata" : {
        "metadata" : { }
      },
      "parametersMetadata" : {
        "metadata" : { }
      }
    } ],
    "providedDependencies" : [ {
      "majorSchemaVersion" : 3,
      "name" : "Loja-db-deployer",
      "isPublic" : false,
      "properties" : { },
      "parameters" : { },
      "propertiesMetadata" : {
        "metadata" : { }
      },
      "parametersMetadata" : {
        "metadata" : { }
      }
    } ],
    "propertiesMetadata" : {
      "metadata" : { }
    },
    "parametersMetadata" : {
      "metadata" : { }
    },
    "hooks" : [ ]
  }, {
    "majorSchemaVersion" : 3,
    "name" : "Loja",
    "type" : "javascript.nodejs",
    "path" : "Loja",
    "properties" : { },
    "parameters" : {
      "default-url" : "https://03462a2ftrial-dev-loja.cfapps.us10-001.hana.ondemand.com",
      "default-app-name" : "Loja",
      "generated-password" : "********",
      "default-live-url" : "https://03462a2ftrial-dev-loja.cfapps.us10-001.hana.ondemand.com",
      "default-uri" : "03462a2ftrial-dev-loja.cfapps.us10-001.hana.ondemand.com",
      "memory" : "256M",
      "default-instances" : 1,
      "default-live-host" : "03462a2ftrial-dev-loja",
      "instances" : 1,
      "default-host" : "03462a2ftrial-dev-loja",
      "keep-existing-routes" : true,
      "app-name" : "Loja",
      "default-live-uri" : "03462a2ftrial-dev-loja.cfapps.us10-001.hana.ondemand.com",
      "protocol" : "https",
      "default-live-app-name" : "Loja",
      "default-live-domain" : "cfapps.us10-001.hana.ondemand.com",
      "disk-quota" : "256M",
      "domain" : "cfapps.us10-001.hana.ondemand.com",
      "host" : "03462a2ftrial-dev-loja",
      "generated-user" : "********"
    },
    "requiredDependencies" : [ {
      "majorSchemaVersion" : 3,
      "name" : "srv-api",
      "group" : "destinations",
      "properties" : {
        "name" : "srv-api",
        "forwardAuthToken" : "********",
        "url" : "https://03462a2ftrial-dev-loja-srv.cfapps.us10-001.hana.ondemand.com"
      },
      "parameters" : { },
      "propertiesMetadata" : {
        "metadata" : { }
      },
      "parametersMetadata" : {
        "metadata" : { }
      }
    }, {
      "majorSchemaVersion" : 3,
      "name" : "********",
      "properties" : { },
      "parameters" : { },
      "propertiesMetadata" : {
        "metadata" : { }
      },
      "parametersMetadata" : {
        "metadata" : { }
      }
    } ],
    "providedDependencies" : [ {
      "majorSchemaVersion" : 3,
      "name" : "app-api",
      "isPublic" : false,
      "properties" : {
        "app-protocol" : "https",
        "app-uri" : "03462a2ftrial-dev-loja.cfapps.us10-001.hana.ondemand.com"
      },
      "parameters" : { },
      "propertiesMetadata" : {
        "metadata" : { }
      },
      "parametersMetadata" : {
        "metadata" : { }
      }
    }, {
      "majorSchemaVersion" : 3,
      "name" : "Loja",
      "isPublic" : false,
      "properties" : { },
      "parameters" : { },
      "propertiesMetadata" : {
        "metadata" : { }
      },
      "parametersMetadata" : {
        "metadata" : { }
      }
    } ],
    "propertiesMetadata" : {
      "metadata" : { }
    },
    "parametersMetadata" : {
      "metadata" : { }
    },
    "hooks" : [ ]
  } ],
  "resources" : [ {
    "majorSchemaVersion" : 3,
    "name" : "********",
    "type" : "org.cloudfoundry.managed-service",
    "properties" : { },
    "parameters" : {
      "generated-password" : "********",
      "path" : "./xs-security.json",
      "service-name" : "********",
      "service-plan" : "application",
      "service" : "xsuaa",
      "generated-user" : "********",
      "default-xsappname" : "********",
      "type" : "managed-service",
      "config" : {
        "oauth2-configuration" : "********",
        "tenant-mode" : "dedicated",
        "xsappname" : "Loja-03462a2ftrial-dev"
      },
      "default-service-name" : "********",
      "default-container-name" : "********"
    },
    "isActive" : true,
    "isOptional" : false,
    "propertiesMetadata" : {
      "metadata" : { }
    },
    "parametersMetadata" : {
      "metadata" : { }
    },
    "requiredDependencies" : [ {
      "majorSchemaVersion" : 3,
      "name" : "app-api",
      "properties" : { },
      "parameters" : { },
      "propertiesMetadata" : {
        "metadata" : { }
      },
      "parametersMetadata" : {
        "metadata" : { }
      }
    } ],
    "processedAfter" : [ ]
  }, {
    "majorSchemaVersion" : 3,
    "name" : "Loja-db",
    "type" : "com.sap.xs.hdi-container",
    "properties" : { },
    "parameters" : {
      "generated-password" : "********",
      "service-name" : "Loja-db",
      "service-plan" : "hdi-shared",
      "service" : "hana",
      "generated-user" : "********",
      "default-xsappname" : "Loja-db",
      "type" : "managed-service",
      "default-service-name" : "Loja-db",
      "default-container-name" : "03462A2FTRIAL_DEV_LOJA_DB"
    },
    "isActive" : true,
    "isOptional" : false,
    "propertiesMetadata" : {
      "metadata" : { }
    },
    "parametersMetadata" : {
      "metadata" : { }
    },
    "requiredDependencies" : [ ],
    "processedAfter" : [ ]
  } ],
  "parameters" : {
    "mta-id" : "Loja",
    "authorization-url" : "********",
    "org-guid" : "04493104-1ac5-4d04-8e0e-f1ae4b500c3a",
    "org" : "03462a2ftrial",
    "deploy-target" : "03462a2ftrial dev",
    "enable-parallel-deployments" : true,
    "region-primary-domain" : "us10.hana.ondemand.com",
    "space" : "dev",
    "region-domain" : "us10-001.hana.ondemand.com",
    "xs-api-url" : "https://api.cf.us10-001.hana.ondemand.com",
    "deploy-url" : "deploy-service.cfapps.us10-001.hana.ondemand.com",
    "xs-type" : "CF",
    "default-domain" : "cfapps.us10-001.hana.ondemand.com",
    "mta-version" : "1.0.0",
    "xs-auth-url" : "********",
    "space-guid" : "3ae7c67b-9057-463c-933e-5dffbfe90d90",
    "user" : "********",
    "controller-url" : "https://api.cf.us10-001.hana.ondemand.com",
    "timestamp" : "20260507214207"
  },
  "parametersMetadata" : {
    "metadata" : { }
  }
}#
#2026 05 07 21:42:27.115#Z#DEBUG#988ff13c-4a5d-11f1-8594-eeee0a955217.OPERATION#flowable-async-job-executor-thread-13961#
[ProcessDescriptorStep] Merged descriptor properties and parameters resolved#
#2026 05 07 21:42:27.115#Z#DEBUG#988ff13c-4a5d-11f1-8594-eeee0a955217.OPERATION#flowable-async-job-executor-thread-13961#
Step "Re-Process Descriptor Step" finished#
#2026 05 07 21:42:27.138#Z#DEBUG#988ff13c-4a5d-11f1-8594-eeee0a955217.OPERATION#flowable-async-job-executor-thread-13961#
[BuildApplicationDeployModelStep] Executing task "buildApplicationDeployModelTask" of process "a4141820-4a5d-11f1-aac6-eeee0a96ae62"...#
#2026 05 07 21:42:27.140#Z#DEBUG#988ff13c-4a5d-11f1-8594-eeee0a955217.OPERATION#flowable-async-job-executor-thread-13961#
[BuildApplicationDeployModelStep] Building cloud deployment model for application "Loja-srv"...#
#2026 05 07 21:42:27.144#Z#DEBUG#988ff13c-4a5d-11f1-8594-eeee0a955217.OPERATION#flowable-async-job-executor-thread-13961#
[BuildApplicationDeployModelStep] No health-check-type is specified. Setting default type: port#
#2026 05 07 21:42:27.144#Z#INFO#988ff13c-4a5d-11f1-8594-eeee0a955217.OPERATION#flowable-async-job-executor-thread-13961#
[BuildApplicationDeployModelStep] Building configuration entries for org 03462a2ftrial, space dev, spaceId 3ae7c67b-9057-463c-933e-5dffbfe90d90 and namespace null!#
#2026 05 07 21:42:27.145#Z#DEBUG#988ff13c-4a5d-11f1-8594-eeee0a955217.OPERATION#flowable-async-job-executor-thread-13961#
[BuildApplicationDeployModelStep] Configuration entries to publish: [ ]#
#2026 05 07 21:42:27.145#Z#DEBUG#988ff13c-4a5d-11f1-8594-eeee0a955217.OPERATION#flowable-async-job-executor-thread-13961#
[BuildApplicationDeployModelStep] Cloud deployment model for application built#
#2026 05 07 21:42:27.145#Z#DEBUG#988ff13c-4a5d-11f1-8594-eeee0a955217.OPERATION#flowable-async-job-executor-thread-13961#
Step "Build Application Deploy Model" finished#
#2026 05 07 21:42:27.177#Z#DEBUG#988ff13c-4a5d-11f1-8594-eeee0a955217.OPERATION#flowable-async-job-executor-thread-13961#
[CreateOrUpdateAppStep] Executing task "createAppTask" of process "a4141820-4a5d-11f1-aac6-eeee0a96ae62"...#
#2026 05 07 21:42:27.178#Z#DEBUG#988ff13c-4a5d-11f1-8594-eeee0a955217.OPERATION#flowable-async-job-executor-thread-13961#
[CreateOrUpdateAppStep] Getting application "Loja-srv"...#
#2026 05 07 21:42:27.219#Z#INFO#988ff13c-4a5d-11f1-8594-eeee0a955217.OPERATION#flowable-async-job-executor-thread-13961#
[CreateOrUpdateAppStep] Updating application "Loja-srv"...#
#2026 05 07 21:42:27.224#Z#DEBUG#988ff13c-4a5d-11f1-8594-eeee0a955217.OPERATION#flowable-async-job-executor-thread-13961#
[CreateOrUpdateAppStep] Getting process for application "ed9d4a9f-430f-4465-b7b8-1aeb69fb45fe"...#
#2026 05 07 21:42:27.253#Z#DEBUG#988ff13c-4a5d-11f1-8594-eeee0a955217.OPERATION#flowable-async-job-executor-thread-13961#
[CreateOrUpdateAppStep] Getting routes for application "ed9d4a9f-430f-4465-b7b8-1aeb69fb45fe"...#
#2026 05 07 21:42:27.297#Z#DEBUG#988ff13c-4a5d-11f1-8594-eeee0a955217.OPERATION#flowable-async-job-executor-thread-13961#
[CreateOrUpdateAppStep] Getting features for application "ed9d4a9f-430f-4465-b7b8-1aeb69fb45fe"#
#2026 05 07 21:42:27.324#Z#DEBUG#988ff13c-4a5d-11f1-8594-eeee0a955217.OPERATION#flowable-async-job-executor-thread-13961#
[CreateOrUpdateAppStep] Updating staging of application "Loja-srv" to: {
  "isReadinessHealthCheckEnabled" : true,
  "buildpacks" : [ "nodejs_buildpack" ],
  "healthCheckType" : "port",
  "appFeatures" : { }
}#
#2026 05 07 21:42:27.526#Z#DEBUG#988ff13c-4a5d-11f1-8594-eeee0a955217.OPERATION#flowable-async-job-executor-thread-13961#
[CreateOrUpdateAppStep] Application "Loja-srv" updated#
#2026 05 07 21:42:27.526#Z#DEBUG#988ff13c-4a5d-11f1-8594-eeee0a955217.OPERATION#flowable-async-job-executor-thread-13961#
[CreateOrUpdateAppStep] Getting environment of application "ed9d4a9f-430f-4465-b7b8-1aeb69fb45fe"...#
#2026 05 07 21:42:27.581#Z#DEBUG#988ff13c-4a5d-11f1-8594-eeee0a955217.OPERATION#flowable-async-job-executor-thread-13961#
[CreateOrUpdateAppStep] Application "Loja-srv" updated#
#2026 05 07 21:42:27.581#Z#DEBUG#988ff13c-4a5d-11f1-8594-eeee0a955217.OPERATION#flowable-async-job-executor-thread-13961#
Step "Create App" finished#
#2026 05 07 21:42:27.665#Z#DEBUG#988ff13c-4a5d-11f1-8594-eeee0a955217.OPERATION#flowable-async-job-executor-thread-13961#
[CheckServiceBindingOperationStep] Executing task "checkForServiceBindingOperationInProgress" of process "a46dd038-4a5d-11f1-aac6-eeee0a96ae62"...#
#2026 05 07 21:42:27.665#Z#DEBUG#988ff13c-4a5d-11f1-8594-eeee0a955217.OPERATION#flowable-async-job-executor-thread-13961#
[CheckServiceBindingOperationStep] Checking for service binding operation in progress between app "Loja-srv" and service instance "Loja-auth"#
#2026 05 07 21:42:27.665#Z#DEBUG#988ff13c-4a5d-11f1-8594-eeee0a955217.OPERATION#flowable-async-job-executor-thread-13961#
[CheckServiceBindingOperationStep] Getting application guid "Loja-srv"...#
#2026 05 07 21:42:27.706#Z#DEBUG#988ff13c-4a5d-11f1-8594-eeee0a955217.OPERATION#flowable-async-job-executor-thread-13961#
[CheckServiceBindingOperationStep] Getting GUID of required service instance "Loja-auth"...#
#2026 05 07 21:42:27.741#Z#DEBUG#988ff13c-4a5d-11f1-8594-eeee0a955217.OPERATION#flowable-async-job-executor-thread-13961#
[CheckServiceBindingOperationStep] Getting binding of service instance "3e58e042-919f-4b73-923a-17fab92a9330" with application "ed9d4a9f-430f-4465-b7b8-1aeb69fb45fe"...#
#2026 05 07 21:42:27.777#Z#DEBUG#988ff13c-4a5d-11f1-8594-eeee0a955217.OPERATION#flowable-async-job-executor-thread-13961#
[CheckServiceBindingOperationStep] Service binding operation "76337957-0112-415b-8e7f-4195b5c6234d" with type "create" is in state "succeeded"#
#2026 05 07 21:42:27.777#Z#DEBUG#988ff13c-4a5d-11f1-8594-eeee0a955217.OPERATION#flowable-async-job-executor-thread-13961#
Step "Check For Service Binding Operation In Progress" finished#
#2026 05 07 21:42:27.800#Z#DEBUG#988ff13c-4a5d-11f1-8594-eeee0a955217.OPERATION#flowable-async-job-executor-thread-13961#
[DetermineApplicationServiceBindingActionsStep] Executing task "determineApplicationServiceBindingActionsTask" of process "a46dd038-4a5d-11f1-aac6-eeee0a96ae62"...#
#2026 05 07 21:42:27.801#Z#DEBUG#988ff13c-4a5d-11f1-8594-eeee0a955217.OPERATION#flowable-async-job-executor-thread-13961#
[DetermineApplicationServiceBindingActionsStep] Determine bind/unbind operations of application "Loja-srv" to service instance "Loja-auth"#
#2026 05 07 21:42:27.802#Z#DEBUG#988ff13c-4a5d-11f1-8594-eeee0a955217.OPERATION#flowable-async-job-executor-thread-13961#
[DetermineApplicationServiceBindingActionsStep] Getting application "Loja-srv"...#
#2026 05 07 21:42:27.845#Z#DEBUG#988ff13c-4a5d-11f1-8594-eeee0a955217.OPERATION#flowable-async-job-executor-thread-13961#
[DetermineApplicationServiceBindingActionsStep] Binding parameters for application "Loja-srv": { }#
#2026 05 07 21:42:27.877#Z#DEBUG#988ff13c-4a5d-11f1-8594-eeee0a955217.OPERATION#flowable-async-job-executor-thread-13961#
[DetermineApplicationServiceBindingActionsStep] Check should rebind application "Loja-srv" and service instance "Loja-auth"#
#2026 05 07 21:42:27.877#Z#DEBUG#988ff13c-4a5d-11f1-8594-eeee0a955217.OPERATION#flowable-async-job-executor-thread-13961#
[DetermineApplicationServiceBindingActionsStep] Getting GUID of required service instance "Loja-auth"...#
#2026 05 07 21:42:27.907#Z#DEBUG#988ff13c-4a5d-11f1-8594-eeee0a955217.OPERATION#flowable-async-job-executor-thread-13961#
[DetermineApplicationServiceBindingActionsStep] Getting binding of service instance "3e58e042-919f-4b73-923a-17fab92a9330" with application "ed9d4a9f-430f-4465-b7b8-1aeb69fb45fe"...#
#2026 05 07 21:42:27.934#Z#DEBUG#988ff13c-4a5d-11f1-8594-eeee0a955217.OPERATION#flowable-async-job-executor-thread-13961#
[DetermineApplicationServiceBindingActionsStep] Getting parameters of service binding "76337957-0112-415b-8e7f-4195b5c6234d"...#
#2026 05 07 21:42:27.969#Z#WARN#988ff13c-4a5d-11f1-8594-eeee0a955217.OPERATION#flowable-async-job-executor-thread-13961#
[DetermineApplicationServiceBindingActionsStep] Cannot retrieve parameters of binding between application "Loja-srv" and service instance "Loja-auth"#
#2026 05 07 21:42:27.970#Z#DEBUG#988ff13c-4a5d-11f1-8594-eeee0a955217.OPERATION#flowable-async-job-executor-thread-13961#
[DetermineApplicationServiceBindingActionsStep] Calculated binding operations between application "Loja-srv" and service instance "Loja-auth": unbind - true bind - true#
#2026 05 07 21:42:27.970#Z#DEBUG#988ff13c-4a5d-11f1-8594-eeee0a955217.OPERATION#flowable-async-job-executor-thread-13961#
Step "Determine Application Service Binding Actions" finished#
#2026 05 07 21:42:28.000#Z#DEBUG#988ff13c-4a5d-11f1-8594-eeee0a955217.OPERATION#flowable-async-job-executor-thread-13961#
[UnbindServiceFromApplicationStep] Executing task "unbindServiceFromApplicationTask" of process "a46dd038-4a5d-11f1-aac6-eeee0a96ae62"...#
#2026 05 07 21:42:28.002#Z#INFO#988ff13c-4a5d-11f1-8594-eeee0a955217.OPERATION#flowable-async-job-executor-thread-13961#
[UnbindServiceFromApplicationStep] Unbinding service instance "Loja-auth" from application "Loja-srv"...#
#2026 05 07 21:42:28.005#Z#DEBUG#988ff13c-4a5d-11f1-8594-eeee0a955217.OPERATION#flowable-async-job-executor-thread-13961#
[UnbindServiceFromApplicationStep] Unbinding application "Loja-srv" from service instance "Loja-auth"...#
#2026 05 07 21:42:28.157#Z#DEBUG#988ff13c-4a5d-11f1-8594-eeee0a955217.OPERATION#flowable-async-job-executor-thread-13961#
Step "Unbind Service from Application" finished#
#2026 05 07 21:42:30.096#Z#DEBUG#988ff13c-4a5d-11f1-8594-eeee0a955217.OPERATION#flowable-async-job-executor-thread-13967#
[CheckServiceBindingOperationStep] Executing task "checkForServiceBindingOperationInProgress" of process "a5df13ba-4a5d-11f1-aac6-eeee0a96ae62"...#
#2026 05 07 21:42:30.096#Z#DEBUG#988ff13c-4a5d-11f1-8594-eeee0a955217.OPERATION#flowable-async-job-executor-thread-13967#
[CheckServiceBindingOperationStep] Checking for service binding operation in progress between app "Loja-srv" and service instance "Loja-db"#
#2026 05 07 21:42:30.097#Z#DEBUG#988ff13c-4a5d-11f1-8594-eeee0a955217.OPERATION#flowable-async-job-executor-thread-13967#
[CheckServiceBindingOperationStep] Getting application guid "Loja-srv"...#
#2026 05 07 21:42:30.138#Z#DEBUG#988ff13c-4a5d-11f1-8594-eeee0a955217.OPERATION#flowable-async-job-executor-thread-13967#
[CheckServiceBindingOperationStep] Getting GUID of required service instance "Loja-db"...#
#2026 05 07 21:42:30.167#Z#DEBUG#988ff13c-4a5d-11f1-8594-eeee0a955217.OPERATION#flowable-async-job-executor-thread-13967#
[CheckServiceBindingOperationStep] Getting binding of service instance "a23bff1b-91e8-488d-bcac-9e3d26ae9223" with application "ed9d4a9f-430f-4465-b7b8-1aeb69fb45fe"...#
#2026 05 07 21:42:30.201#Z#DEBUG#988ff13c-4a5d-11f1-8594-eeee0a955217.OPERATION#flowable-async-job-executor-thread-13967#
[CheckServiceBindingOperationStep] Service binding operation "5492935b-1f8f-4e27-8ba0-88074efa8791" with type "create" is in state "succeeded"#
#2026 05 07 21:42:30.201#Z#DEBUG#988ff13c-4a5d-11f1-8594-eeee0a955217.OPERATION#flowable-async-job-executor-thread-13967#
Step "Check For Service Binding Operation In Progress" finished#
#2026 05 07 21:42:30.229#Z#DEBUG#988ff13c-4a5d-11f1-8594-eeee0a955217.OPERATION#flowable-async-job-executor-thread-13968#
[DetermineApplicationServiceBindingActionsStep] Executing task "determineApplicationServiceBindingActionsTask" of process "a5df13ba-4a5d-11f1-aac6-eeee0a96ae62"...#
#2026 05 07 21:42:30.230#Z#DEBUG#988ff13c-4a5d-11f1-8594-eeee0a955217.OPERATION#flowable-async-job-executor-thread-13968#
[DetermineApplicationServiceBindingActionsStep] Determine bind/unbind operations of application "Loja-srv" to service instance "Loja-db"#
#2026 05 07 21:42:30.230#Z#DEBUG#988ff13c-4a5d-11f1-8594-eeee0a955217.OPERATION#flowable-async-job-executor-thread-13968#
[DetermineApplicationServiceBindingActionsStep] Getting application "Loja-srv"...#
#2026 05 07 21:42:30.275#Z#DEBUG#988ff13c-4a5d-11f1-8594-eeee0a955217.OPERATION#flowable-async-job-executor-thread-13968#
[DetermineApplicationServiceBindingActionsStep] Binding parameters for application "Loja-srv": { }#
#2026 05 07 21:42:30.308#Z#DEBUG#988ff13c-4a5d-11f1-8594-eeee0a955217.OPERATION#flowable-async-job-executor-thread-13968#
[DetermineApplicationServiceBindingActionsStep] Check should rebind application "Loja-srv" and service instance "Loja-db"#
#2026 05 07 21:42:30.308#Z#DEBUG#988ff13c-4a5d-11f1-8594-eeee0a955217.OPERATION#flowable-async-job-executor-thread-13968#
[DetermineApplicationServiceBindingActionsStep] Getting GUID of required service instance "Loja-db"...#
#2026 05 07 21:42:30.337#Z#DEBUG#988ff13c-4a5d-11f1-8594-eeee0a955217.OPERATION#flowable-async-job-executor-thread-13968#
[DetermineApplicationServiceBindingActionsStep] Getting binding of service instance "a23bff1b-91e8-488d-bcac-9e3d26ae9223" with application "ed9d4a9f-430f-4465-b7b8-1aeb69fb45fe"...#
#2026 05 07 21:42:30.366#Z#DEBUG#988ff13c-4a5d-11f1-8594-eeee0a955217.OPERATION#flowable-async-job-executor-thread-13968#
[DetermineApplicationServiceBindingActionsStep] Getting parameters of service binding "5492935b-1f8f-4e27-8ba0-88074efa8791"...#
#2026 05 07 21:42:30.601#Z#INFO#988ff13c-4a5d-11f1-8594-eeee0a955217.OPERATION#flowable-async-job-executor-thread-13968#
[DetermineApplicationServiceBindingActionsStep] Service instance "Loja-db" will not be rebound to application "Loja-srv" because the binding parameters are not modified#
#2026 05 07 21:42:30.604#Z#DEBUG#988ff13c-4a5d-11f1-8594-eeee0a955217.OPERATION#flowable-async-job-executor-thread-13968#
[DetermineApplicationServiceBindingActionsStep] Calculated binding operations between application "Loja-srv" and service instance "Loja-db": unbind - false bind - false#
#2026 05 07 21:42:30.604#Z#DEBUG#988ff13c-4a5d-11f1-8594-eeee0a955217.OPERATION#flowable-async-job-executor-thread-13968#
Step "Determine Application Service Binding Actions" finished#
#2026 05 07 21:42:33.580#Z#DEBUG#988ff13c-4a5d-11f1-8594-eeee0a955217.OPERATION#flowable-async-job-executor-thread-13970#
[UnbindServiceFromApplicationStep] Executing task "unbindServiceFromApplicationTask" of process "a2d9c306-4a5d-11f1-be89-eeee0a8b5731"...#
#2026 05 07 21:42:33.582#Z#DEBUG#988ff13c-4a5d-11f1-8594-eeee0a955217.OPERATION#flowable-async-job-executor-thread-13970#
[UnbindServiceFromApplicationStep] Getting async job "971e1e99-9433-45ed-aa4a-d9d89ecc54b2"#
#2026 05 07 21:42:33.589#Z#DEBUG#988ff13c-4a5d-11f1-8594-eeee0a955217.OPERATION#flowable-async-job-executor-thread-13972#
[UnbindServiceFromApplicationStep] Executing task "unbindServiceFromApplicationTask" of process "a46dd038-4a5d-11f1-aac6-eeee0a96ae62"...#
#2026 05 07 21:42:33.590#Z#DEBUG#988ff13c-4a5d-11f1-8594-eeee0a955217.OPERATION#flowable-async-job-executor-thread-13972#
[UnbindServiceFromApplicationStep] Getting async job "49af2d8e-31f0-4e10-9f4f-5c018514d36e"#
#2026 05 07 21:42:33.613#Z#DEBUG#988ff13c-4a5d-11f1-8594-eeee0a955217.OPERATION#flowable-async-job-executor-thread-13970#
[UnbindServiceFromApplicationStep] Getting service instance "Loja-auth"...#
#2026 05 07 21:42:33.615#Z#DEBUG#988ff13c-4a5d-11f1-8594-eeee0a955217.OPERATION#flowable-async-job-executor-thread-13972#
[UnbindServiceFromApplicationStep] Getting service instance "Loja-auth"...#
#2026 05 07 21:42:33.711#Z#DEBUG#988ff13c-4a5d-11f1-8594-eeee0a955217.OPERATION#flowable-async-job-executor-thread-13972#
[UnbindServiceFromApplicationStep] Async service binding operation with id "49af2d8e-31f0-4e10-9f4f-5c018514d36e" finished#
#2026 05 07 21:42:33.712#Z#DEBUG#988ff13c-4a5d-11f1-8594-eeee0a955217.OPERATION#flowable-async-job-executor-thread-13972#
Step "Unbind Service from Application" finished#
#2026 05 07 21:42:33.726#Z#DEBUG#988ff13c-4a5d-11f1-8594-eeee0a955217.OPERATION#flowable-async-job-executor-thread-13970#
[UnbindServiceFromApplicationStep] Async service binding operation with id "971e1e99-9433-45ed-aa4a-d9d89ecc54b2" finished#
#2026 05 07 21:42:33.726#Z#DEBUG#988ff13c-4a5d-11f1-8594-eeee0a955217.OPERATION#flowable-async-job-executor-thread-13970#
Step "Unbind Service from Application" finished#
#2026 05 07 21:42:33.738#Z#DEBUG#988ff13c-4a5d-11f1-8594-eeee0a955217.OPERATION#flowable-async-job-executor-thread-13972#
[BindServiceToApplicationStep] Executing task "bindServiceToApplicationTask" of process "a46dd038-4a5d-11f1-aac6-eeee0a96ae62"...#
#2026 05 07 21:42:33.740#Z#INFO#988ff13c-4a5d-11f1-8594-eeee0a955217.OPERATION#flowable-async-job-executor-thread-13972#
[BindServiceToApplicationStep] Binding service instance "Loja-auth" to application "Loja-srv"...#
#2026 05 07 21:42:33.746#Z#DEBUG#988ff13c-4a5d-11f1-8594-eeee0a955217.OPERATION#flowable-async-job-executor-thread-13972#
[BindServiceToApplicationStep] Binding service instance "Loja-auth" to application "Loja-srv" with parameters: { }#
#2026 05 07 21:42:33.756#Z#DEBUG#988ff13c-4a5d-11f1-8594-eeee0a955217.OPERATION#flowable-async-job-executor-thread-13970#
[BindServiceToApplicationStep] Executing task "bindServiceToApplicationTask" of process "a2d9c306-4a5d-11f1-be89-eeee0a8b5731"...#
#2026 05 07 21:42:33.757#Z#INFO#988ff13c-4a5d-11f1-8594-eeee0a955217.OPERATION#flowable-async-job-executor-thread-13970#
[BindServiceToApplicationStep] Binding service instance "Loja-auth" to application "Loja"...#
#2026 05 07 21:42:33.764#Z#DEBUG#988ff13c-4a5d-11f1-8594-eeee0a955217.OPERATION#flowable-async-job-executor-thread-13970#
[BindServiceToApplicationStep] Binding service instance "Loja-auth" to application "Loja" with parameters: { }#
#2026 05 07 21:42:33.882#Z#DEBUG#988ff13c-4a5d-11f1-8594-eeee0a955217.OPERATION#flowable-async-job-executor-thread-13970#
Step "Bind Service to Application" finished#
#2026 05 07 21:42:33.883#Z#DEBUG#988ff13c-4a5d-11f1-8594-eeee0a955217.OPERATION#flowable-async-job-executor-thread-13972#
Step "Bind Service to Application" finished#
#2026 05 07 21:42:33.613#Z#DEBUG#988ff13c-4a5d-11f1-8594-eeee0a955217.OPERATION#flowable-async-job-executor-thread-13966#
[UploadAppStep] Executing task "uploadAppTask" of process "a2ef6d93-4a5d-11f1-aac6-eeee0a96ae62"...#
#2026 05 07 21:42:33.614#Z#DEBUG#988ff13c-4a5d-11f1-8594-eeee0a955217.OPERATION#flowable-async-job-executor-thread-13966#
[UploadAppStep] Application upload timeout is default one: 3,600 seconds#
#2026 05 07 21:42:33.616#Z#DEBUG#988ff13c-4a5d-11f1-8594-eeee0a955217.OPERATION#pool-21-thread-2#
[UploadAppStep] Upload of application: Loja-db-deployer started on instance: 0#
#2026 05 07 21:42:33.616#Z#DEBUG#988ff13c-4a5d-11f1-8594-eeee0a955217.OPERATION#pool-21-thread-2#
[UploadAppStep] Uploading file "Loja-db-deployer/data.zip" for application "Loja-db-deployer"#
#2026 05 07 21:42:33.770#Z#INFO#988ff13c-4a5d-11f1-8594-eeee0a955217.OPERATION#pool-21-thread-2#
[UploadAppStep] Time elapsed for app binary download: 153 in millis#
#2026 05 07 21:42:33.770#Z#INFO#988ff13c-4a5d-11f1-8594-eeee0a955217.OPERATION#pool-21-thread-2#
[UploadAppStep] Size of app Loja-db-deployer is 2,426,085 bytes#
#2026 05 07 21:42:33.770#Z#DEBUG#988ff13c-4a5d-11f1-8594-eeee0a955217.OPERATION#pool-21-thread-2#
[UploadAppStep] Asynchronously uploading binaries for application "Loja-db-deployer"...#
#2026 05 07 21:42:33.980#Z#INFO#988ff13c-4a5d-11f1-8594-eeee0a955217.OPERATION#pool-21-thread-2#
[UploadAppStep] Started async upload of application "Loja-db-deployer"#
#2026 05 07 21:42:33.984#Z#INFO#988ff13c-4a5d-11f1-8594-eeee0a955217.OPERATION#flowable-async-job-executor-thread-13966#
[UploadAppStep] Time elapsed for upload: 369 in millis#
#2026 05 07 21:42:33.984#Z#DEBUG#988ff13c-4a5d-11f1-8594-eeee0a955217.OPERATION#flowable-async-job-executor-thread-13966#
[UploadAppStep] Getting application "Loja-db-deployer"...#
#2026 05 07 21:42:34.007#Z#DEBUG#988ff13c-4a5d-11f1-8594-eeee0a955217.OPERATION#App upload monitor: 710dd636-79e2-469e-8ca7-e7b9c5340aa9#
[UploadAppStep] Upload status: PROCESSING_UPLOAD#
#2026 05 07 21:42:34.023#Z#DEBUG#988ff13c-4a5d-11f1-8594-eeee0a955217.OPERATION#flowable-async-job-executor-thread-13966#
[UploadAppStep] Getting environment of application "540913b5-ee82-43db-a33d-eb5577322406"...#
#2026 05 07 21:42:34.051#Z#DEBUG#988ff13c-4a5d-11f1-8594-eeee0a955217.OPERATION#flowable-async-job-executor-thread-13966#
[UploadAppStep] Updating environment of application "Loja-db-deployer"#
#2026 05 07 21:42:34.138#Z#DEBUG#988ff13c-4a5d-11f1-8594-eeee0a955217.OPERATION#flowable-async-job-executor-thread-13966#
Step "Upload App" finished#
#2026 05 07 21:42:39.041#Z#DEBUG#988ff13c-4a5d-11f1-8594-eeee0a955217.OPERATION#App upload monitor: 710dd636-79e2-469e-8ca7-e7b9c5340aa9#
[UploadAppStep] Upload status: READY#
#2026 05 07 21:42:43.642#Z#DEBUG#988ff13c-4a5d-11f1-8594-eeee0a955217.OPERATION#flowable-async-job-executor-thread-13978#
[UploadAppStep] Executing task "uploadAppTask" of process "a2ef6d93-4a5d-11f1-aac6-eeee0a96ae62"...#
#2026 05 07 21:42:43.643#Z#DEBUG#988ff13c-4a5d-11f1-8594-eeee0a955217.OPERATION#flowable-async-job-executor-thread-13978#
[UploadAppStep] Application upload timeout is default one: 3,600 seconds#
#2026 05 07 21:42:43.644#Z#DEBUG#988ff13c-4a5d-11f1-8594-eeee0a955217.OPERATION#flowable-async-job-executor-thread-13978#
[UploadAppStep] Checking upload status of application "Loja-db-deployer"...#
#2026 05 07 21:42:43.644#Z#DEBUG#988ff13c-4a5d-11f1-8594-eeee0a955217.OPERATION#flowable-async-job-executor-thread-13978#
[UploadAppStep] Getting package "710dd636-79e2-469e-8ca7-e7b9c5340aa9"...#
#2026 05 07 21:42:43.683#Z#DEBUG#988ff13c-4a5d-11f1-8594-eeee0a955217.OPERATION#flowable-async-job-executor-thread-13978#
[UploadAppStep] Application "Loja-db-deployer" uploaded#
#2026 05 07 21:42:43.683#Z#DEBUG#988ff13c-4a5d-11f1-8594-eeee0a955217.OPERATION#flowable-async-job-executor-thread-13978#
Step "Upload App" finished#
#2026 05 07 21:42:43.649#Z#DEBUG#988ff13c-4a5d-11f1-8594-eeee0a955217.OPERATION#flowable-async-job-executor-thread-8879#
[BindServiceToApplicationStep] Executing task "bindServiceToApplicationTask" of process "a2d9c306-4a5d-11f1-be89-eeee0a8b5731"...#
#2026 05 07 21:42:43.651#Z#DEBUG#988ff13c-4a5d-11f1-8594-eeee0a955217.OPERATION#flowable-async-job-executor-thread-8879#
[BindServiceToApplicationStep] Getting async job "530f83c0-2e1d-4089-9c46-72ac58759487"#
#2026 05 07 21:42:43.653#Z#DEBUG#988ff13c-4a5d-11f1-8594-eeee0a955217.OPERATION#flowable-async-job-executor-thread-8880#
[BindServiceToApplicationStep] Executing task "bindServiceToApplicationTask" of process "a46dd038-4a5d-11f1-aac6-eeee0a96ae62"...#
#2026 05 07 21:42:43.655#Z#DEBUG#988ff13c-4a5d-11f1-8594-eeee0a955217.OPERATION#flowable-async-job-executor-thread-8880#
[BindServiceToApplicationStep] Getting async job "72158f6d-0910-4cb3-a9a7-8f508cc18e83"#
#2026 05 07 21:42:43.677#Z#DEBUG#988ff13c-4a5d-11f1-8594-eeee0a955217.OPERATION#flowable-async-job-executor-thread-8879#
[BindServiceToApplicationStep] Getting service instance "Loja-auth"...#
#2026 05 07 21:42:43.681#Z#DEBUG#988ff13c-4a5d-11f1-8594-eeee0a955217.OPERATION#flowable-async-job-executor-thread-8880#
[BindServiceToApplicationStep] Getting service instance "Loja-auth"...#
#2026 05 07 21:42:43.770#Z#DEBUG#988ff13c-4a5d-11f1-8594-eeee0a955217.OPERATION#flowable-async-job-executor-thread-8880#
[BindServiceToApplicationStep] Async service binding operation with id "72158f6d-0910-4cb3-a9a7-8f508cc18e83" finished#
#2026 05 07 21:42:43.771#Z#DEBUG#988ff13c-4a5d-11f1-8594-eeee0a955217.OPERATION#flowable-async-job-executor-thread-8880#
Step "Bind Service to Application" finished#
#2026 05 07 21:42:43.785#Z#DEBUG#988ff13c-4a5d-11f1-8594-eeee0a955217.OPERATION#flowable-async-job-executor-thread-8879#
[BindServiceToApplicationStep] Async service binding operation with id "530f83c0-2e1d-4089-9c46-72ac58759487" finished#
#2026 05 07 21:42:43.786#Z#DEBUG#988ff13c-4a5d-11f1-8594-eeee0a955217.OPERATION#flowable-async-job-executor-thread-8879#
Step "Bind Service to Application" finished#
#2026 05 07 21:42:43.719#Z#DEBUG#988ff13c-4a5d-11f1-8594-eeee0a955217.OPERATION#flowable-async-job-executor-thread-13981#
[ScaleAppStep] Executing task "scaleAppTask" of process "a2ef6d93-4a5d-11f1-aac6-eeee0a96ae62"...#
#2026 05 07 21:42:43.721#Z#DEBUG#988ff13c-4a5d-11f1-8594-eeee0a955217.OPERATION#flowable-async-job-executor-thread-13981#
[ScaleAppStep] Scaling application "Loja-db-deployer"...#
#2026 05 07 21:42:43.721#Z#DEBUG#988ff13c-4a5d-11f1-8594-eeee0a955217.OPERATION#flowable-async-job-executor-thread-13981#
[ScaleAppStep] Getting application guid "Loja-db-deployer"...#
#2026 05 07 21:42:43.763#Z#DEBUG#988ff13c-4a5d-11f1-8594-eeee0a955217.OPERATION#flowable-async-job-executor-thread-13981#
[ScaleAppStep] Getting process for application "540913b5-ee82-43db-a33d-eb5577322406"...#
#2026 05 07 21:42:43.794#Z#DEBUG#988ff13c-4a5d-11f1-8594-eeee0a955217.OPERATION#flowable-async-job-executor-thread-13981#
[ScaleAppStep] Application "Loja-db-deployer" scaled#
#2026 05 07 21:42:43.794#Z#DEBUG#988ff13c-4a5d-11f1-8594-eeee0a955217.OPERATION#flowable-async-job-executor-thread-13981#
Step "Scale App" finished#
#2026 05 07 21:42:43.821#Z#DEBUG#988ff13c-4a5d-11f1-8594-eeee0a955217.OPERATION#flowable-async-job-executor-thread-13981#
[DetermineDesiredStateAchievingActionsStep] Executing task "determineDesiredStateAchievingActionsTask" of process "a2ef6d93-4a5d-11f1-aac6-eeee0a96ae62"...#
#2026 05 07 21:42:43.822#Z#DEBUG#988ff13c-4a5d-11f1-8594-eeee0a955217.OPERATION#flowable-async-job-executor-thread-13981#
[DetermineDesiredStateAchievingActionsStep] Getting application "Loja-db-deployer"...#
#2026 05 07 21:42:43.861#Z#DEBUG#988ff13c-4a5d-11f1-8594-eeee0a955217.OPERATION#flowable-async-job-executor-thread-13981#
[DetermineDesiredStateAchievingActionsStep] Getting instances for application "Loja-db-deployer"...#
#2026 05 07 21:42:43.861#Z#DEBUG#988ff13c-4a5d-11f1-8594-eeee0a955217.OPERATION#flowable-async-job-executor-thread-13981#
[DetermineDesiredStateAchievingActionsStep] Getting environment of application "540913b5-ee82-43db-a33d-eb5577322406"...#
#2026 05 07 21:42:43.896#Z#DEBUG#988ff13c-4a5d-11f1-8594-eeee0a955217.OPERATION#flowable-async-job-executor-thread-13981#
[DetermineDesiredStateAchievingActionsStep] Current state of application Loja-db-deployer: STOPPED#
#2026 05 07 21:42:43.896#Z#DEBUG#988ff13c-4a5d-11f1-8594-eeee0a955217.OPERATION#flowable-async-job-executor-thread-13981#
[DetermineDesiredStateAchievingActionsStep] Desired state of application Loja-db-deployer: STOPPED#
#2026 05 07 21:42:43.896#Z#DEBUG#988ff13c-4a5d-11f1-8594-eeee0a955217.OPERATION#flowable-async-job-executor-thread-13981#
[DetermineDesiredStateAchievingActionsStep] Actions that should be executed on application Loja-db-deployer: [STAGE]#
#2026 05 07 21:42:43.896#Z#DEBUG#988ff13c-4a5d-11f1-8594-eeee0a955217.OPERATION#flowable-async-job-executor-thread-13981#
Step "Determine Desired State Achieving Actions" finished#
#2026 05 07 21:42:43.934#Z#DEBUG#988ff13c-4a5d-11f1-8594-eeee0a955217.OPERATION#flowable-async-job-executor-thread-8881#
[DetermineVcapServicesPropertiesChangedStep] Executing task "determineVcapServicesPropertiesChangedTask" of process "ae1bafcf-4a5d-11f1-8594-eeee0a955217"...#
#2026 05 07 21:42:43.934#Z#DEBUG#988ff13c-4a5d-11f1-8594-eeee0a955217.OPERATION#flowable-async-job-executor-thread-8882#
[DetermineVcapServicesPropertiesChangedStep] Executing task "determineVcapServicesPropertiesChangedTask" of process "ae1d3673-4a5d-11f1-8594-eeee0a955217"...#
#2026 05 07 21:42:43.936#Z#DEBUG#988ff13c-4a5d-11f1-8594-eeee0a955217.OPERATION#flowable-async-job-executor-thread-8881#
[DetermineVcapServicesPropertiesChangedStep] VCAP_SERVICES properties for application "Loja-srv" changed: true#
#2026 05 07 21:42:43.936#Z#DEBUG#988ff13c-4a5d-11f1-8594-eeee0a955217.OPERATION#flowable-async-job-executor-thread-8881#
Step "Determine vcap services properties changed" finished#
#2026 05 07 21:42:43.937#Z#DEBUG#988ff13c-4a5d-11f1-8594-eeee0a955217.OPERATION#flowable-async-job-executor-thread-8882#
[DetermineVcapServicesPropertiesChangedStep] VCAP_SERVICES properties for application "Loja" changed: true#
#2026 05 07 21:42:43.937#Z#DEBUG#988ff13c-4a5d-11f1-8594-eeee0a955217.OPERATION#flowable-async-job-executor-thread-8882#
Step "Determine vcap services properties changed" finished#
#2026 05 07 21:42:43.974#Z#DEBUG#988ff13c-4a5d-11f1-8594-eeee0a955217.OPERATION#flowable-async-job-executor-thread-8882#
[UploadAppStep] Executing task "uploadAppTask" of process "ae1d3673-4a5d-11f1-8594-eeee0a955217"...#
#2026 05 07 21:42:43.975#Z#DEBUG#988ff13c-4a5d-11f1-8594-eeee0a955217.OPERATION#flowable-async-job-executor-thread-8881#
[UploadAppStep] Executing task "uploadAppTask" of process "ae1bafcf-4a5d-11f1-8594-eeee0a955217"...#
#2026 05 07 21:42:43.976#Z#DEBUG#988ff13c-4a5d-11f1-8594-eeee0a955217.OPERATION#flowable-async-job-executor-thread-8882#
[UploadAppStep] Application upload timeout is default one: 3,600 seconds#
#2026 05 07 21:42:43.977#Z#INFO#988ff13c-4a5d-11f1-8594-eeee0a955217.OPERATION#flowable-async-job-executor-thread-8882#
[UploadAppStep] Uploading application "Loja"...#
#2026 05 07 21:42:43.977#Z#DEBUG#988ff13c-4a5d-11f1-8594-eeee0a955217.OPERATION#flowable-async-job-executor-thread-8881#
[UploadAppStep] Application upload timeout is default one: 3,600 seconds#
#2026 05 07 21:42:43.977#Z#INFO#988ff13c-4a5d-11f1-8594-eeee0a955217.OPERATION#flowable-async-job-executor-thread-8881#
[UploadAppStep] Uploading application "Loja-srv"...#
#2026 05 07 21:42:43.984#Z#DEBUG#988ff13c-4a5d-11f1-8594-eeee0a955217.OPERATION#flowable-async-job-executor-thread-8881#
[UploadAppStep] Getting application "Loja-srv"...#
#2026 05 07 21:42:43.986#Z#DEBUG#988ff13c-4a5d-11f1-8594-eeee0a955217.OPERATION#flowable-async-job-executor-thread-8882#
[UploadAppStep] Getting application "Loja"...#
#2026 05 07 21:42:44.025#Z#DEBUG#988ff13c-4a5d-11f1-8594-eeee0a955217.OPERATION#flowable-async-job-executor-thread-8882#
[UploadAppStep] Getting environment of application "873ff1b8-4d50-4112-a2cb-c2c99fe18e99"...#
#2026 05 07 21:42:44.027#Z#DEBUG#988ff13c-4a5d-11f1-8594-eeee0a955217.OPERATION#flowable-async-job-executor-thread-8881#
[UploadAppStep] Getting environment of application "ed9d4a9f-430f-4465-b7b8-1aeb69fb45fe"...#
#2026 05 07 21:42:44.055#Z#INFO#988ff13c-4a5d-11f1-8594-eeee0a955217.OPERATION#flowable-async-job-executor-thread-8881#
[UploadAppStep] Calculating application digest: "Loja-srv"#
#2026 05 07 21:42:44.060#Z#INFO#988ff13c-4a5d-11f1-8594-eeee0a955217.OPERATION#flowable-async-job-executor-thread-8882#
[UploadAppStep] Calculating application digest: "Loja"#
#2026 05 07 21:42:44.197#Z#DEBUG#988ff13c-4a5d-11f1-8594-eeee0a955217.OPERATION#flowable-async-job-executor-thread-8881#
Step "Upload App" finished#
#2026 05 07 21:42:44.228#Z#DEBUG#988ff13c-4a5d-11f1-8594-eeee0a955217.OPERATION#flowable-async-job-executor-thread-8882#
Step "Upload App" finished#
#2026 05 07 21:42:43.933#Z#DEBUG#988ff13c-4a5d-11f1-8594-eeee0a955217.OPERATION#flowable-async-job-executor-thread-13981#
[StageAppStep] Executing task "stageAppTask" of process "a2ef6d93-4a5d-11f1-aac6-eeee0a96ae62"...#
#2026 05 07 21:42:43.935#Z#DEBUG#988ff13c-4a5d-11f1-8594-eeee0a955217.OPERATION#flowable-async-job-executor-thread-13981#
[StageAppStep] Application stage timeout is default one: 3,600 seconds#
#2026 05 07 21:42:43.936#Z#INFO#988ff13c-4a5d-11f1-8594-eeee0a955217.OPERATION#flowable-async-job-executor-thread-13981#
[StageAppStep] Staging application "Loja-db-deployer"...#
#2026 05 07 21:42:43.942#Z#DEBUG#988ff13c-4a5d-11f1-8594-eeee0a955217.OPERATION#flowable-async-job-executor-thread-13981#
[StageAppStep] Creating build for package "710dd636-79e2-469e-8ca7-e7b9c5340aa9"...#
#2026 05 07 21:42:44.317#Z#DEBUG#988ff13c-4a5d-11f1-8594-eeee0a955217.OPERATION#flowable-async-job-executor-thread-13981#
Step "Stage App" finished#
#2026 05 07 21:42:53.803#Z#DEBUG#988ff13c-4a5d-11f1-8594-eeee0a955217.OPERATION#flowable-async-job-executor-thread-8887#
[StageAppStep] Executing task "stageAppTask" of process "a2ef6d93-4a5d-11f1-aac6-eeee0a96ae62"...#
#2026 05 07 21:42:53.818#Z#DEBUG#988ff13c-4a5d-11f1-8594-eeee0a955217.OPERATION#flowable-async-job-executor-thread-8887#
[StageAppStep] Application stage timeout is default one: 3,600 seconds#
#2026 05 07 21:42:53.820#Z#DEBUG#988ff13c-4a5d-11f1-8594-eeee0a955217.OPERATION#flowable-async-job-executor-thread-8887#
[StageAppStep] Checking status of application "Loja-db-deployer"...#
#2026 05 07 21:42:53.820#Z#DEBUG#988ff13c-4a5d-11f1-8594-eeee0a955217.OPERATION#flowable-async-job-executor-thread-8887#
[StageAppStep] Getting build "ab616911-8d10-48c3-9909-e553391d3ef8"...#
#2026 05 07 21:42:53.851#Z#DEBUG#988ff13c-4a5d-11f1-8594-eeee0a955217.OPERATION#flowable-async-job-executor-thread-8887#
[StageAppStep] Staging status of application "Loja-db-deployer": PENDING#
#2026 05 07 21:42:53.851#Z#DEBUG#988ff13c-4a5d-11f1-8594-eeee0a955217.OPERATION#flowable-async-job-executor-thread-8887#
[StageAppStep] Getting application guid "Loja-db-deployer"...#
#2026 05 07 21:42:53.974#Z#DEBUG#988ff13c-4a5d-11f1-8594-eeee0a955217.OPERATION#flowable-async-job-executor-thread-8887#
Step "Stage App" finished#
#2026 05 07 21:42:53.923#Z#DEBUG#988ff13c-4a5d-11f1-8594-eeee0a955217.OPERATION#flowable-async-job-executor-thread-8889#
[UploadAppStep] Executing task "uploadAppTask" of process "ae1d3673-4a5d-11f1-8594-eeee0a955217"...#
#2026 05 07 21:42:53.938#Z#DEBUG#988ff13c-4a5d-11f1-8594-eeee0a955217.OPERATION#flowable-async-job-executor-thread-8889#
[UploadAppStep] Application upload timeout is default one: 3,600 seconds#
#2026 05 07 21:42:53.948#Z#DEBUG#988ff13c-4a5d-11f1-8594-eeee0a955217.OPERATION#pool-21-thread-6#
[UploadAppStep] Upload of application: Loja started on instance: 1#
#2026 05 07 21:42:53.948#Z#DEBUG#988ff13c-4a5d-11f1-8594-eeee0a955217.OPERATION#pool-21-thread-6#
[UploadAppStep] Uploading file "Loja/data.zip" for application "Loja"#
#2026 05 07 21:42:53.960#Z#DEBUG#988ff13c-4a5d-11f1-8594-eeee0a955217.OPERATION#flowable-async-job-executor-thread-8884#
[UploadAppStep] Executing task "uploadAppTask" of process "ae1bafcf-4a5d-11f1-8594-eeee0a955217"...#
#2026 05 07 21:42:53.966#Z#DEBUG#988ff13c-4a5d-11f1-8594-eeee0a955217.OPERATION#flowable-async-job-executor-thread-8884#
[UploadAppStep] Application upload timeout is default one: 3,600 seconds#
#2026 05 07 21:42:53.994#Z#DEBUG#988ff13c-4a5d-11f1-8594-eeee0a955217.OPERATION#pool-21-thread-5#
[UploadAppStep] Upload of application: Loja-srv started on instance: 1#
#2026 05 07 21:42:53.994#Z#DEBUG#988ff13c-4a5d-11f1-8594-eeee0a955217.OPERATION#pool-21-thread-5#
[UploadAppStep] Uploading file "Loja-srv/data.zip" for application "Loja-srv"#
#2026 05 07 21:42:54.051#Z#INFO#988ff13c-4a5d-11f1-8594-eeee0a955217.OPERATION#pool-21-thread-6#
[UploadAppStep] Time elapsed for app binary download: 103 in millis#
#2026 05 07 21:42:54.051#Z#INFO#988ff13c-4a5d-11f1-8594-eeee0a955217.OPERATION#pool-21-thread-6#
[UploadAppStep] Size of app Loja is 7,593,494 bytes#
#2026 05 07 21:42:54.051#Z#DEBUG#988ff13c-4a5d-11f1-8594-eeee0a955217.OPERATION#pool-21-thread-6#
[UploadAppStep] Asynchronously uploading binaries for application "Loja"...#
#2026 05 07 21:42:54.088#Z#INFO#988ff13c-4a5d-11f1-8594-eeee0a955217.OPERATION#pool-21-thread-5#
[UploadAppStep] Time elapsed for app binary download: 93 in millis#
#2026 05 07 21:42:54.088#Z#INFO#988ff13c-4a5d-11f1-8594-eeee0a955217.OPERATION#pool-21-thread-5#
[UploadAppStep] Size of app Loja-srv is 3,778,033 bytes#
#2026 05 07 21:42:54.088#Z#DEBUG#988ff13c-4a5d-11f1-8594-eeee0a955217.OPERATION#pool-21-thread-5#
[UploadAppStep] Asynchronously uploading binaries for application "Loja-srv"...#
#2026 05 07 21:42:54.317#Z#INFO#988ff13c-4a5d-11f1-8594-eeee0a955217.OPERATION#pool-21-thread-6#
[UploadAppStep] Started async upload of application "Loja"#
#2026 05 07 21:42:54.318#Z#INFO#988ff13c-4a5d-11f1-8594-eeee0a955217.OPERATION#pool-21-thread-5#
[UploadAppStep] Started async upload of application "Loja-srv"#
#2026 05 07 21:42:54.339#Z#INFO#988ff13c-4a5d-11f1-8594-eeee0a955217.OPERATION#flowable-async-job-executor-thread-8884#
[UploadAppStep] Time elapsed for upload: 372 in millis#
#2026 05 07 21:42:54.339#Z#DEBUG#988ff13c-4a5d-11f1-8594-eeee0a955217.OPERATION#flowable-async-job-executor-thread-8884#
[UploadAppStep] Getting application "Loja-srv"...#
#2026 05 07 21:42:54.343#Z#DEBUG#988ff13c-4a5d-11f1-8594-eeee0a955217.OPERATION#App upload monitor: 409c4552-a23a-42a7-b97b-58703fff8601#
[UploadAppStep] Upload status: PROCESSING_UPLOAD#
#2026 05 07 21:42:54.344#Z#DEBUG#988ff13c-4a5d-11f1-8594-eeee0a955217.OPERATION#App upload monitor: f9225bc8-d128-4528-80ce-8b2c91de83e2#
[UploadAppStep] Upload status: PROCESSING_UPLOAD#
#2026 05 07 21:42:54.346#Z#INFO#988ff13c-4a5d-11f1-8594-eeee0a955217.OPERATION#flowable-async-job-executor-thread-8889#
[UploadAppStep] Time elapsed for upload: 408 in millis#
#2026 05 07 21:42:54.347#Z#DEBUG#988ff13c-4a5d-11f1-8594-eeee0a955217.OPERATION#flowable-async-job-executor-thread-8889#
[UploadAppStep] Getting application "Loja"...#
#2026 05 07 21:42:54.377#Z#DEBUG#988ff13c-4a5d-11f1-8594-eeee0a955217.OPERATION#flowable-async-job-executor-thread-8884#
[UploadAppStep] Getting environment of application "ed9d4a9f-430f-4465-b7b8-1aeb69fb45fe"...#
#2026 05 07 21:42:54.384#Z#DEBUG#988ff13c-4a5d-11f1-8594-eeee0a955217.OPERATION#flowable-async-job-executor-thread-8889#
[UploadAppStep] Getting environment of application "873ff1b8-4d50-4112-a2cb-c2c99fe18e99"...#
#2026 05 07 21:42:54.406#Z#DEBUG#988ff13c-4a5d-11f1-8594-eeee0a955217.OPERATION#flowable-async-job-executor-thread-8884#
[UploadAppStep] Updating environment of application "Loja-srv"#
#2026 05 07 21:42:54.419#Z#DEBUG#988ff13c-4a5d-11f1-8594-eeee0a955217.OPERATION#flowable-async-job-executor-thread-8889#
[UploadAppStep] Updating environment of application "Loja"#
#2026 05 07 21:42:54.492#Z#DEBUG#988ff13c-4a5d-11f1-8594-eeee0a955217.OPERATION#flowable-async-job-executor-thread-8884#
Step "Upload App" finished#
#2026 05 07 21:42:54.500#Z#DEBUG#988ff13c-4a5d-11f1-8594-eeee0a955217.OPERATION#flowable-async-job-executor-thread-8889#
Step "Upload App" finished#
#2026 05 07 21:42:59.374#Z#DEBUG#988ff13c-4a5d-11f1-8594-eeee0a955217.OPERATION#App upload monitor: f9225bc8-d128-4528-80ce-8b2c91de83e2#
[UploadAppStep] Upload status: READY#
#2026 05 07 21:42:59.388#Z#DEBUG#988ff13c-4a5d-11f1-8594-eeee0a955217.OPERATION#App upload monitor: 409c4552-a23a-42a7-b97b-58703fff8601#
[UploadAppStep] Upload status: READY#
#2026 05 07 21:43:03.844#Z#DEBUG#988ff13c-4a5d-11f1-8594-eeee0a955217.OPERATION#flowable-async-job-executor-thread-13988#
[UploadAppStep] Executing task "uploadAppTask" of process "ae1bafcf-4a5d-11f1-8594-eeee0a955217"...#
#2026 05 07 21:43:03.846#Z#DEBUG#988ff13c-4a5d-11f1-8594-eeee0a955217.OPERATION#flowable-async-job-executor-thread-13988#
[UploadAppStep] Application upload timeout is default one: 3,600 seconds#
#2026 05 07 21:43:03.846#Z#DEBUG#988ff13c-4a5d-11f1-8594-eeee0a955217.OPERATION#flowable-async-job-executor-thread-13988#
[UploadAppStep] Checking upload status of application "Loja-srv"...#
#2026 05 07 21:43:03.847#Z#DEBUG#988ff13c-4a5d-11f1-8594-eeee0a955217.OPERATION#flowable-async-job-executor-thread-13988#
[UploadAppStep] Getting package "409c4552-a23a-42a7-b97b-58703fff8601"...#
#2026 05 07 21:43:03.863#Z#DEBUG#988ff13c-4a5d-11f1-8594-eeee0a955217.OPERATION#flowable-async-job-executor-thread-13987#
[UploadAppStep] Executing task "uploadAppTask" of process "ae1d3673-4a5d-11f1-8594-eeee0a955217"...#
#2026 05 07 21:43:03.865#Z#DEBUG#988ff13c-4a5d-11f1-8594-eeee0a955217.OPERATION#flowable-async-job-executor-thread-13987#
[UploadAppStep] Application upload timeout is default one: 3,600 seconds#
#2026 05 07 21:43:03.865#Z#DEBUG#988ff13c-4a5d-11f1-8594-eeee0a955217.OPERATION#flowable-async-job-executor-thread-13987#
[UploadAppStep] Checking upload status of application "Loja"...#
#2026 05 07 21:43:03.866#Z#DEBUG#988ff13c-4a5d-11f1-8594-eeee0a955217.OPERATION#flowable-async-job-executor-thread-13987#
[UploadAppStep] Getting package "f9225bc8-d128-4528-80ce-8b2c91de83e2"...#
#2026 05 07 21:43:03.877#Z#DEBUG#988ff13c-4a5d-11f1-8594-eeee0a955217.OPERATION#flowable-async-job-executor-thread-13988#
[UploadAppStep] Application "Loja-srv" uploaded#
#2026 05 07 21:43:03.877#Z#DEBUG#988ff13c-4a5d-11f1-8594-eeee0a955217.OPERATION#flowable-async-job-executor-thread-13988#
Step "Upload App" finished#
#2026 05 07 21:43:03.892#Z#DEBUG#988ff13c-4a5d-11f1-8594-eeee0a955217.OPERATION#flowable-async-job-executor-thread-13987#
[UploadAppStep] Application "Loja" uploaded#
#2026 05 07 21:43:03.893#Z#DEBUG#988ff13c-4a5d-11f1-8594-eeee0a955217.OPERATION#flowable-async-job-executor-thread-13987#
Step "Upload App" finished#
#2026 05 07 21:43:03.905#Z#DEBUG#988ff13c-4a5d-11f1-8594-eeee0a955217.OPERATION#flowable-async-job-executor-thread-13988#
[ScaleAppStep] Executing task "scaleAppTask" of process "ae1bafcf-4a5d-11f1-8594-eeee0a955217"...#
#2026 05 07 21:43:03.907#Z#DEBUG#988ff13c-4a5d-11f1-8594-eeee0a955217.OPERATION#flowable-async-job-executor-thread-13988#
[ScaleAppStep] Scaling application "Loja-srv"...#
#2026 05 07 21:43:03.907#Z#DEBUG#988ff13c-4a5d-11f1-8594-eeee0a955217.OPERATION#flowable-async-job-executor-thread-13988#
[ScaleAppStep] Getting application guid "Loja-srv"...#
#2026 05 07 21:43:03.920#Z#DEBUG#988ff13c-4a5d-11f1-8594-eeee0a955217.OPERATION#flowable-async-job-executor-thread-13987#
[ScaleAppStep] Executing task "scaleAppTask" of process "ae1d3673-4a5d-11f1-8594-eeee0a955217"...#
#2026 05 07 21:43:03.922#Z#DEBUG#988ff13c-4a5d-11f1-8594-eeee0a955217.OPERATION#flowable-async-job-executor-thread-13987#
[ScaleAppStep] Scaling application "Loja"...#
#2026 05 07 21:43:03.922#Z#DEBUG#988ff13c-4a5d-11f1-8594-eeee0a955217.OPERATION#flowable-async-job-executor-thread-13987#
[ScaleAppStep] Getting application guid "Loja"...#
#2026 05 07 21:43:03.947#Z#DEBUG#988ff13c-4a5d-11f1-8594-eeee0a955217.OPERATION#flowable-async-job-executor-thread-13988#
[ScaleAppStep] Getting process for application "ed9d4a9f-430f-4465-b7b8-1aeb69fb45fe"...#
#2026 05 07 21:43:03.963#Z#DEBUG#988ff13c-4a5d-11f1-8594-eeee0a955217.OPERATION#flowable-async-job-executor-thread-13987#
[ScaleAppStep] Getting process for application "873ff1b8-4d50-4112-a2cb-c2c99fe18e99"...#
#2026 05 07 21:43:03.983#Z#DEBUG#988ff13c-4a5d-11f1-8594-eeee0a955217.OPERATION#flowable-async-job-executor-thread-13988#
[ScaleAppStep] Application "Loja-srv" scaled#
#2026 05 07 21:43:03.983#Z#DEBUG#988ff13c-4a5d-11f1-8594-eeee0a955217.OPERATION#flowable-async-job-executor-thread-13988#
Step "Scale App" finished#
#2026 05 07 21:43:03.999#Z#DEBUG#988ff13c-4a5d-11f1-8594-eeee0a955217.OPERATION#flowable-async-job-executor-thread-13987#
[ScaleAppStep] Application "Loja" scaled#
#2026 05 07 21:43:04.000#Z#DEBUG#988ff13c-4a5d-11f1-8594-eeee0a955217.OPERATION#flowable-async-job-executor-thread-13987#
Step "Scale App" finished#
#2026 05 07 21:43:03.853#Z#DEBUG#988ff13c-4a5d-11f1-8594-eeee0a955217.OPERATION#flowable-async-job-executor-thread-13984#
[StageAppStep] Executing task "stageAppTask" of process "a2ef6d93-4a5d-11f1-aac6-eeee0a96ae62"...#
#2026 05 07 21:43:03.854#Z#DEBUG#988ff13c-4a5d-11f1-8594-eeee0a955217.OPERATION#flowable-async-job-executor-thread-13984#
[StageAppStep] Application stage timeout is default one: 3,600 seconds#
#2026 05 07 21:43:03.855#Z#DEBUG#988ff13c-4a5d-11f1-8594-eeee0a955217.OPERATION#flowable-async-job-executor-thread-13984#
[StageAppStep] Checking status of application "Loja-db-deployer"...#
#2026 05 07 21:43:03.855#Z#DEBUG#988ff13c-4a5d-11f1-8594-eeee0a955217.OPERATION#flowable-async-job-executor-thread-13984#
[StageAppStep] Getting build "ab616911-8d10-48c3-9909-e553391d3ef8"...#
#2026 05 07 21:43:03.889#Z#DEBUG#988ff13c-4a5d-11f1-8594-eeee0a955217.OPERATION#flowable-async-job-executor-thread-13984#
[StageAppStep] Staging status of application "Loja-db-deployer": PENDING#
#2026 05 07 21:43:03.891#Z#DEBUG#988ff13c-4a5d-11f1-8594-eeee0a955217.OPERATION#flowable-async-job-executor-thread-13984#
[StageAppStep] Getting application guid "Loja-db-deployer"...#
#2026 05 07 21:43:03.995#Z#DEBUG#988ff13c-4a5d-11f1-8594-eeee0a955217.OPERATION#flowable-async-job-executor-thread-13984#
Step "Stage App" finished#
#2026 05 07 21:43:04.007#Z#DEBUG#988ff13c-4a5d-11f1-8594-eeee0a955217.OPERATION#flowable-async-job-executor-thread-13988#
[DetermineDesiredStateAchievingActionsStep] Executing task "determineDesiredStateAchievingActionsTask" of process "ae1bafcf-4a5d-11f1-8594-eeee0a955217"...#
#2026 05 07 21:43:04.009#Z#DEBUG#988ff13c-4a5d-11f1-8594-eeee0a955217.OPERATION#flowable-async-job-executor-thread-13988#
[DetermineDesiredStateAchievingActionsStep] Getting application "Loja-srv"...#
#2026 05 07 21:43:04.022#Z#DEBUG#988ff13c-4a5d-11f1-8594-eeee0a955217.OPERATION#flowable-async-job-executor-thread-13987#
[DetermineDesiredStateAchievingActionsStep] Executing task "determineDesiredStateAchievingActionsTask" of process "ae1d3673-4a5d-11f1-8594-eeee0a955217"...#
#2026 05 07 21:43:04.023#Z#DEBUG#988ff13c-4a5d-11f1-8594-eeee0a955217.OPERATION#flowable-async-job-executor-thread-13987#
[DetermineDesiredStateAchievingActionsStep] Getting application "Loja"...#
#2026 05 07 21:43:04.050#Z#DEBUG#988ff13c-4a5d-11f1-8594-eeee0a955217.OPERATION#flowable-async-job-executor-thread-13988#
[DetermineDesiredStateAchievingActionsStep] Getting instances for application "Loja-srv"...#
#2026 05 07 21:43:04.065#Z#DEBUG#988ff13c-4a5d-11f1-8594-eeee0a955217.OPERATION#flowable-async-job-executor-thread-13987#
[DetermineDesiredStateAchievingActionsStep] Getting instances for application "Loja"...#
#2026 05 07 21:43:04.092#Z#DEBUG#988ff13c-4a5d-11f1-8594-eeee0a955217.OPERATION#flowable-async-job-executor-thread-13988#
[DetermineDesiredStateAchievingActionsStep] Getting environment of application "ed9d4a9f-430f-4465-b7b8-1aeb69fb45fe"...#
#2026 05 07 21:43:04.102#Z#DEBUG#988ff13c-4a5d-11f1-8594-eeee0a955217.OPERATION#flowable-async-job-executor-thread-13987#
[DetermineDesiredStateAchievingActionsStep] Getting environment of application "873ff1b8-4d50-4112-a2cb-c2c99fe18e99"...#
#2026 05 07 21:43:04.127#Z#DEBUG#988ff13c-4a5d-11f1-8594-eeee0a955217.OPERATION#flowable-async-job-executor-thread-13988#
[DetermineDesiredStateAchievingActionsStep] Current state of application Loja-srv: STARTED#
#2026 05 07 21:43:04.127#Z#DEBUG#988ff13c-4a5d-11f1-8594-eeee0a955217.OPERATION#flowable-async-job-executor-thread-13988#
[DetermineDesiredStateAchievingActionsStep] Desired state of application Loja-srv: STARTED#
#2026 05 07 21:43:04.127#Z#DEBUG#988ff13c-4a5d-11f1-8594-eeee0a955217.OPERATION#flowable-async-job-executor-thread-13988#
[DetermineDesiredStateAchievingActionsStep] Actions that should be executed on application Loja-srv: [STOP, STAGE, START]#
#2026 05 07 21:43:04.127#Z#DEBUG#988ff13c-4a5d-11f1-8594-eeee0a955217.OPERATION#flowable-async-job-executor-thread-13988#
Step "Determine Desired State Achieving Actions" finished#
#2026 05 07 21:43:04.136#Z#DEBUG#988ff13c-4a5d-11f1-8594-eeee0a955217.OPERATION#flowable-async-job-executor-thread-13987#
[DetermineDesiredStateAchievingActionsStep] Current state of application Loja: STARTED#
#2026 05 07 21:43:04.136#Z#DEBUG#988ff13c-4a5d-11f1-8594-eeee0a955217.OPERATION#flowable-async-job-executor-thread-13987#
[DetermineDesiredStateAchievingActionsStep] Desired state of application Loja: STARTED#
#2026 05 07 21:43:04.136#Z#DEBUG#988ff13c-4a5d-11f1-8594-eeee0a955217.OPERATION#flowable-async-job-executor-thread-13987#
[DetermineDesiredStateAchievingActionsStep] Actions that should be executed on application Loja: [STOP, STAGE, START]#
#2026 05 07 21:43:04.136#Z#DEBUG#988ff13c-4a5d-11f1-8594-eeee0a955217.OPERATION#flowable-async-job-executor-thread-13987#
Step "Determine Desired State Achieving Actions" finished#
#2026 05 07 21:43:04.158#Z#DEBUG#988ff13c-4a5d-11f1-8594-eeee0a955217.OPERATION#flowable-async-job-executor-thread-13988#
[StopAppStep] Executing task "stopAppTask" of process "ae1bafcf-4a5d-11f1-8594-eeee0a955217"...#
#2026 05 07 21:43:04.161#Z#INFO#988ff13c-4a5d-11f1-8594-eeee0a955217.OPERATION#flowable-async-job-executor-thread-13988#
[StopAppStep] Stopping application "Loja-srv"...#
#2026 05 07 21:43:04.164#Z#DEBUG#988ff13c-4a5d-11f1-8594-eeee0a955217.OPERATION#flowable-async-job-executor-thread-13987#
[StopAppStep] Executing task "stopAppTask" of process "ae1d3673-4a5d-11f1-8594-eeee0a955217"...#
#2026 05 07 21:43:04.165#Z#DEBUG#988ff13c-4a5d-11f1-8594-eeee0a955217.OPERATION#flowable-async-job-executor-thread-13988#
[StopAppStep] Stopping application "Loja-srv"...#
#2026 05 07 21:43:04.166#Z#INFO#988ff13c-4a5d-11f1-8594-eeee0a955217.OPERATION#flowable-async-job-executor-thread-13987#
[StopAppStep] Stopping application "Loja"...#
#2026 05 07 21:43:04.170#Z#DEBUG#988ff13c-4a5d-11f1-8594-eeee0a955217.OPERATION#flowable-async-job-executor-thread-13987#
[StopAppStep] Stopping application "Loja"...#
#2026 05 07 21:43:04.326#Z#DEBUG#988ff13c-4a5d-11f1-8594-eeee0a955217.OPERATION#flowable-async-job-executor-thread-13988#
[StopAppStep] Application "Loja-srv" stopped#
#2026 05 07 21:43:04.326#Z#DEBUG#988ff13c-4a5d-11f1-8594-eeee0a955217.OPERATION#flowable-async-job-executor-thread-13988#
[StopAppStep] Getting environment of application "ed9d4a9f-430f-4465-b7b8-1aeb69fb45fe"...#
#2026 05 07 21:43:04.329#Z#DEBUG#988ff13c-4a5d-11f1-8594-eeee0a955217.OPERATION#flowable-async-job-executor-thread-13987#
[StopAppStep] Application "Loja" stopped#
#2026 05 07 21:43:04.329#Z#DEBUG#988ff13c-4a5d-11f1-8594-eeee0a955217.OPERATION#flowable-async-job-executor-thread-13987#
[StopAppStep] Getting environment of application "873ff1b8-4d50-4112-a2cb-c2c99fe18e99"...#
#2026 05 07 21:43:04.363#Z#DEBUG#988ff13c-4a5d-11f1-8594-eeee0a955217.OPERATION#flowable-async-job-executor-thread-13987#
Step "Stop App" finished#
#2026 05 07 21:43:04.365#Z#DEBUG#988ff13c-4a5d-11f1-8594-eeee0a955217.OPERATION#flowable-async-job-executor-thread-13988#
Step "Stop App" finished#
#2026 05 07 21:43:04.402#Z#DEBUG#988ff13c-4a5d-11f1-8594-eeee0a955217.OPERATION#flowable-async-job-executor-thread-13988#
[StageAppStep] Executing task "stageAppTask" of process "ba53e418-4a5d-11f1-aac6-eeee0a96ae62"...#
#2026 05 07 21:43:04.403#Z#DEBUG#988ff13c-4a5d-11f1-8594-eeee0a955217.OPERATION#flowable-async-job-executor-thread-13987#
[StageAppStep] Executing task "stageAppTask" of process "ba53bcfd-4a5d-11f1-aac6-eeee0a96ae62"...#
#2026 05 07 21:43:04.404#Z#DEBUG#988ff13c-4a5d-11f1-8594-eeee0a955217.OPERATION#flowable-async-job-executor-thread-13988#
[StageAppStep] Application stage timeout is default one: 3,600 seconds#
#2026 05 07 21:43:04.405#Z#DEBUG#988ff13c-4a5d-11f1-8594-eeee0a955217.OPERATION#flowable-async-job-executor-thread-13987#
[StageAppStep] Application stage timeout is default one: 3,600 seconds#
#2026 05 07 21:43:04.405#Z#INFO#988ff13c-4a5d-11f1-8594-eeee0a955217.OPERATION#flowable-async-job-executor-thread-13988#
[StageAppStep] Staging application "Loja-srv"...#
#2026 05 07 21:43:04.406#Z#INFO#988ff13c-4a5d-11f1-8594-eeee0a955217.OPERATION#flowable-async-job-executor-thread-13987#
[StageAppStep] Staging application "Loja"...#
#2026 05 07 21:43:04.410#Z#DEBUG#988ff13c-4a5d-11f1-8594-eeee0a955217.OPERATION#flowable-async-job-executor-thread-13988#
[StageAppStep] Creating build for package "409c4552-a23a-42a7-b97b-58703fff8601"...#
#2026 05 07 21:43:04.411#Z#DEBUG#988ff13c-4a5d-11f1-8594-eeee0a955217.OPERATION#flowable-async-job-executor-thread-13987#
[StageAppStep] Creating build for package "f9225bc8-d128-4528-80ce-8b2c91de83e2"...#
#2026 05 07 21:43:04.822#Z#DEBUG#988ff13c-4a5d-11f1-8594-eeee0a955217.OPERATION#flowable-async-job-executor-thread-13988#
Step "Stage App" finished#
#2026 05 07 21:43:04.948#Z#DEBUG#988ff13c-4a5d-11f1-8594-eeee0a955217.OPERATION#flowable-async-job-executor-thread-13987#
Step "Stage App" finished#
#2026 05 07 21:43:14.050#Z#DEBUG#988ff13c-4a5d-11f1-8594-eeee0a955217.OPERATION#flowable-async-job-executor-thread-13992#
Step "Stage App" finished#
#2026 05 07 21:43:13.886#Z#DEBUG#988ff13c-4a5d-11f1-8594-eeee0a955217.OPERATION#flowable-async-job-executor-thread-13992#
[StageAppStep] Executing task "stageAppTask" of process "ba53bcfd-4a5d-11f1-aac6-eeee0a96ae62"...#
#2026 05 07 21:43:13.889#Z#DEBUG#988ff13c-4a5d-11f1-8594-eeee0a955217.OPERATION#flowable-async-job-executor-thread-13992#
[StageAppStep] Application stage timeout is default one: 3,600 seconds#
#2026 05 07 21:43:13.889#Z#DEBUG#988ff13c-4a5d-11f1-8594-eeee0a955217.OPERATION#flowable-async-job-executor-thread-13993#
[StageAppStep] Executing task "stageAppTask" of process "a2ef6d93-4a5d-11f1-aac6-eeee0a96ae62"...#
#2026 05 07 21:43:13.890#Z#DEBUG#988ff13c-4a5d-11f1-8594-eeee0a955217.OPERATION#flowable-async-job-executor-thread-13992#
[StageAppStep] Checking status of application "Loja"...#
#2026 05 07 21:43:13.890#Z#DEBUG#988ff13c-4a5d-11f1-8594-eeee0a955217.OPERATION#flowable-async-job-executor-thread-13992#
[StageAppStep] Getting build "05ebb8aa-85d8-4473-baf4-d71a975b2ee3"...#
#2026 05 07 21:43:13.891#Z#DEBUG#988ff13c-4a5d-11f1-8594-eeee0a955217.OPERATION#flowable-async-job-executor-thread-13993#
[StageAppStep] Application stage timeout is default one: 3,600 seconds#
#2026 05 07 21:43:13.892#Z#DEBUG#988ff13c-4a5d-11f1-8594-eeee0a955217.OPERATION#flowable-async-job-executor-thread-13993#
[StageAppStep] Checking status of application "Loja-db-deployer"...#
#2026 05 07 21:43:13.892#Z#DEBUG#988ff13c-4a5d-11f1-8594-eeee0a955217.OPERATION#flowable-async-job-executor-thread-13993#
[StageAppStep] Getting build "ab616911-8d10-48c3-9909-e553391d3ef8"...#
#2026 05 07 21:43:13.919#Z#DEBUG#988ff13c-4a5d-11f1-8594-eeee0a955217.OPERATION#flowable-async-job-executor-thread-13996#
[StageAppStep] Executing task "stageAppTask" of process "ba53e418-4a5d-11f1-aac6-eeee0a96ae62"...#
#2026 05 07 21:43:13.920#Z#DEBUG#988ff13c-4a5d-11f1-8594-eeee0a955217.OPERATION#flowable-async-job-executor-thread-13996#
[StageAppStep] Application stage timeout is default one: 3,600 seconds#
#2026 05 07 21:43:13.921#Z#DEBUG#988ff13c-4a5d-11f1-8594-eeee0a955217.OPERATION#flowable-async-job-executor-thread-13996#
[StageAppStep] Checking status of application "Loja-srv"...#
#2026 05 07 21:43:13.921#Z#DEBUG#988ff13c-4a5d-11f1-8594-eeee0a955217.OPERATION#flowable-async-job-executor-thread-13996#
[StageAppStep] Getting build "f101f57a-f966-41b7-b4fa-8ab2876aeb6e"...#
#2026 05 07 21:43:13.927#Z#DEBUG#988ff13c-4a5d-11f1-8594-eeee0a955217.OPERATION#flowable-async-job-executor-thread-13992#
[StageAppStep] Staging status of application "Loja": PENDING#
#2026 05 07 21:43:13.928#Z#DEBUG#988ff13c-4a5d-11f1-8594-eeee0a955217.OPERATION#flowable-async-job-executor-thread-13992#
[StageAppStep] Getting application guid "Loja"...#
#2026 05 07 21:43:13.933#Z#DEBUG#988ff13c-4a5d-11f1-8594-eeee0a955217.OPERATION#flowable-async-job-executor-thread-13993#
[StageAppStep] Staging status of application "Loja-db-deployer": STAGED#
#2026 05 07 21:43:13.935#Z#DEBUG#988ff13c-4a5d-11f1-8594-eeee0a955217.OPERATION#flowable-async-job-executor-thread-13993#
[StageAppStep] Getting application guid "Loja-db-deployer"...#
#2026 05 07 21:43:13.951#Z#DEBUG#988ff13c-4a5d-11f1-8594-eeee0a955217.OPERATION#flowable-async-job-executor-thread-13996#
[StageAppStep] Staging status of application "Loja-srv": PENDING#
#2026 05 07 21:43:13.952#Z#DEBUG#988ff13c-4a5d-11f1-8594-eeee0a955217.OPERATION#flowable-async-job-executor-thread-13996#
[StageAppStep] Getting application guid "Loja-srv"...#
#2026 05 07 21:43:14.005#Z#DEBUG#988ff13c-4a5d-11f1-8594-eeee0a955217.OPERATION#flowable-async-job-executor-thread-13993#
[StageAppStep] Getting build "ab616911-8d10-48c3-9909-e553391d3ef8"...#
#2026 05 07 21:43:14.037#Z#DEBUG#988ff13c-4a5d-11f1-8594-eeee0a955217.OPERATION#flowable-async-job-executor-thread-13993#
[StageAppStep] Binding droplet "26dd32d5-66c4-4e14-991f-d552e7b0fbaa" to application "540913b5-ee82-43db-a33d-eb5577322406"...#
#2026 05 07 21:43:14.045#Z#DEBUG#988ff13c-4a5d-11f1-8594-eeee0a955217.OPERATION#flowable-async-job-executor-thread-13996#
Step "Stage App" finished#
#2026 05 07 21:43:14.098#Z#INFO#988ff13c-4a5d-11f1-8594-eeee0a955217.OPERATION#flowable-async-job-executor-thread-13993#
[StageAppStep] Application "Loja-db-deployer" staged#
#2026 05 07 21:43:14.106#Z#DEBUG#988ff13c-4a5d-11f1-8594-eeee0a955217.OPERATION#flowable-async-job-executor-thread-13993#
Step "Stage App" finished#
#2026 05 07 21:43:14.179#Z#DEBUG#988ff13c-4a5d-11f1-8594-eeee0a955217.OPERATION#flowable-async-job-executor-thread-13993#
[PrepareToExecuteTasksStep] Executing task "prepareToExecuteTasksTask" of process "c02833d7-4a5d-11f1-aac6-eeee0a96ae62"...#
#2026 05 07 21:43:14.181#Z#DEBUG#988ff13c-4a5d-11f1-8594-eeee0a955217.OPERATION#flowable-async-job-executor-thread-13993#
Step "Prepare To Execute Tasks" finished#
#2026 05 07 21:43:14.206#Z#DEBUG#988ff13c-4a5d-11f1-8594-eeee0a955217.OPERATION#flowable-async-job-executor-thread-13993#
[ExecuteTaskStep] Executing task "executeTaskTask" of process "c02833d7-4a5d-11f1-aac6-eeee0a96ae62"...#
#2026 05 07 21:43:14.207#Z#DEBUG#988ff13c-4a5d-11f1-8594-eeee0a955217.OPERATION#flowable-async-job-executor-thread-13993#
[ExecuteTaskStep] Application task execution timeout is default one: 43,200 seconds#
#2026 05 07 21:43:14.209#Z#INFO#988ff13c-4a5d-11f1-8594-eeee0a955217.OPERATION#flowable-async-job-executor-thread-13993#
[ExecuteTaskStep] Executing task "deploy" on application "Loja-db-deployer"...#
#2026 05 07 21:43:14.213#Z#DEBUG#988ff13c-4a5d-11f1-8594-eeee0a955217.OPERATION#flowable-async-job-executor-thread-13993#
[ExecuteTaskStep] Running task on application "Loja-db-deployer": {
  "name" : "deploy",
  "command" : "npm start",
  "limits" : {
    "memory" : 256
  }
}#
#2026 05 07 21:43:14.510#Z#DEBUG#988ff13c-4a5d-11f1-8594-eeee0a955217.OPERATION#flowable-async-job-executor-thread-13993#
Step "Execute Task" finished#
#2026 05 07 21:43:23.951#Z#DEBUG#988ff13c-4a5d-11f1-8594-eeee0a955217.OPERATION#flowable-async-job-executor-thread-14003#
[StageAppStep] Executing task "stageAppTask" of process "ba53bcfd-4a5d-11f1-aac6-eeee0a96ae62"...#
#2026 05 07 21:43:23.953#Z#DEBUG#988ff13c-4a5d-11f1-8594-eeee0a955217.OPERATION#flowable-async-job-executor-thread-14003#
[StageAppStep] Application stage timeout is default one: 3,600 seconds#
#2026 05 07 21:43:23.954#Z#DEBUG#988ff13c-4a5d-11f1-8594-eeee0a955217.OPERATION#flowable-async-job-executor-thread-14003#
[StageAppStep] Checking status of application "Loja"...#
#2026 05 07 21:43:23.954#Z#DEBUG#988ff13c-4a5d-11f1-8594-eeee0a955217.OPERATION#flowable-async-job-executor-thread-14003#
[StageAppStep] Getting build "05ebb8aa-85d8-4473-baf4-d71a975b2ee3"...#
#2026 05 07 21:43:23.988#Z#DEBUG#988ff13c-4a5d-11f1-8594-eeee0a955217.OPERATION#flowable-async-job-executor-thread-14003#
[StageAppStep] Staging status of application "Loja": PENDING#
#2026 05 07 21:43:23.989#Z#DEBUG#988ff13c-4a5d-11f1-8594-eeee0a955217.OPERATION#flowable-async-job-executor-thread-14003#
[StageAppStep] Getting application guid "Loja"...#
#2026 05 07 21:43:24.079#Z#DEBUG#988ff13c-4a5d-11f1-8594-eeee0a955217.OPERATION#flowable-async-job-executor-thread-14003#
Step "Stage App" finished#
#2026 05 07 21:43:23.952#Z#DEBUG#988ff13c-4a5d-11f1-8594-eeee0a955217.OPERATION#flowable-async-job-executor-thread-8899#
[StageAppStep] Executing task "stageAppTask" of process "ba53e418-4a5d-11f1-aac6-eeee0a96ae62"...#
#2026 05 07 21:43:23.954#Z#DEBUG#988ff13c-4a5d-11f1-8594-eeee0a955217.OPERATION#flowable-async-job-executor-thread-8899#
[StageAppStep] Application stage timeout is default one: 3,600 seconds#
#2026 05 07 21:43:23.955#Z#DEBUG#988ff13c-4a5d-11f1-8594-eeee0a955217.OPERATION#flowable-async-job-executor-thread-8899#
[StageAppStep] Checking status of application "Loja-srv"...#
#2026 05 07 21:43:23.955#Z#DEBUG#988ff13c-4a5d-11f1-8594-eeee0a955217.OPERATION#flowable-async-job-executor-thread-8899#
[StageAppStep] Getting build "f101f57a-f966-41b7-b4fa-8ab2876aeb6e"...#
#2026 05 07 21:43:23.983#Z#DEBUG#988ff13c-4a5d-11f1-8594-eeee0a955217.OPERATION#flowable-async-job-executor-thread-8899#
[StageAppStep] Staging status of application "Loja-srv": PENDING#
#2026 05 07 21:43:23.984#Z#DEBUG#988ff13c-4a5d-11f1-8594-eeee0a955217.OPERATION#flowable-async-job-executor-thread-8899#
[StageAppStep] Getting application guid "Loja-srv"...#
#2026 05 07 21:43:24.091#Z#DEBUG#988ff13c-4a5d-11f1-8594-eeee0a955217.OPERATION#flowable-async-job-executor-thread-8899#
Step "Stage App" finished#
#2026 05 07 21:43:23.954#Z#DEBUG#988ff13c-4a5d-11f1-8594-eeee0a955217.OPERATION#flowable-async-job-executor-thread-13999#
[ExecuteTaskStep] Executing task "executeTaskTask" of process "c02833d7-4a5d-11f1-aac6-eeee0a96ae62"...#
#2026 05 07 21:43:23.955#Z#DEBUG#988ff13c-4a5d-11f1-8594-eeee0a955217.OPERATION#flowable-async-job-executor-thread-13999#
[ExecuteTaskStep] Application task execution timeout is default one: 43,200 seconds#
#2026 05 07 21:43:23.956#Z#DEBUG#988ff13c-4a5d-11f1-8594-eeee0a955217.OPERATION#flowable-async-job-executor-thread-13999#
[ExecuteTaskStep] Getting task "dd5c15a7-280d-4e8d-9124-3808dbb70abf"...#
#2026 05 07 21:43:23.988#Z#DEBUG#988ff13c-4a5d-11f1-8594-eeee0a955217.OPERATION#flowable-async-job-executor-thread-13999#
[ExecuteTaskStep] Task execution status: running#
#2026 05 07 21:43:23.989#Z#DEBUG#988ff13c-4a5d-11f1-8594-eeee0a955217.OPERATION#flowable-async-job-executor-thread-13999#
[ExecuteTaskStep] Getting application guid "Loja-db-deployer"...#
#2026 05 07 21:43:24.096#Z#DEBUG#988ff13c-4a5d-11f1-8594-eeee0a955217.OPERATION#flowable-async-job-executor-thread-13999#
Step "Execute Task" finished#
#2026 05 07 21:43:34.020#Z#DEBUG#988ff13c-4a5d-11f1-8594-eeee0a955217.OPERATION#flowable-async-job-executor-thread-14011#
[ExecuteTaskStep] Executing task "executeTaskTask" of process "c02833d7-4a5d-11f1-aac6-eeee0a96ae62"...#
#2026 05 07 21:43:34.022#Z#DEBUG#988ff13c-4a5d-11f1-8594-eeee0a955217.OPERATION#flowable-async-job-executor-thread-14011#
[ExecuteTaskStep] Application task execution timeout is default one: 43,200 seconds#
#2026 05 07 21:43:34.023#Z#DEBUG#988ff13c-4a5d-11f1-8594-eeee0a955217.OPERATION#flowable-async-job-executor-thread-14011#
[ExecuteTaskStep] Getting task "dd5c15a7-280d-4e8d-9124-3808dbb70abf"...#
#2026 05 07 21:43:34.048#Z#DEBUG#988ff13c-4a5d-11f1-8594-eeee0a955217.OPERATION#flowable-async-job-executor-thread-14011#
[ExecuteTaskStep] Task execution status: failed#
#2026 05 07 21:43:34.049#Z#DEBUG#988ff13c-4a5d-11f1-8594-eeee0a955217.OPERATION#flowable-async-job-executor-thread-14011#
[ExecuteTaskStep] Getting application guid "Loja-db-deployer"...#
#2026 05 07 21:43:34.119#Z#ERROR#988ff13c-4a5d-11f1-8594-eeee0a955217.OPERATION#flowable-async-job-executor-thread-14011#
[ExecuteTaskStep] Execution of task "deploy" on application "Loja-db-deployer" failed.
Download the application logs via the dmol command and check them for more information.#
#2026 05 07 21:43:34.125#Z#ERROR#988ff13c-4a5d-11f1-8594-eeee0a955217.OPERATION#flowable-async-job-executor-thread-14011#
Exception caught#
org.cloudfoundry.multiapps.common.SLException: A step of the process has failed. Retrying it may solve the issue.
	at org.cloudfoundry.multiapps.controller.process.steps.SyncFlowableStep.executeInternal(SyncFlowableStep.java:83)
	at org.cloudfoundry.multiapps.controller.process.steps.SyncFlowableStep.lambda$execute$0(SyncFlowableStep.java:71)
	at org.cloudfoundry.multiapps.controller.core.util.LoggingUtil.logWithCorrelationId(LoggingUtil.java:14)
	at org.cloudfoundry.multiapps.controller.process.steps.SyncFlowableStep.execute(SyncFlowableStep.java:71)
	at org.flowable.engine.impl.delegate.invocation.JavaDelegateInvocation.invoke(JavaDelegateInvocation.java:35)
	at org.flowable.engine.impl.delegate.invocation.DelegateInvocation.proceed(DelegateInvocation.java:32)
	at org.flowable.engine.impl.delegate.invocation.DefaultDelegateInterceptor.handleInvocation(DefaultDelegateInterceptor.java:26)
	at org.flowable.engine.impl.bpmn.behavior.ServiceTaskDelegateExpressionActivityBehavior.execute(ServiceTaskDelegateExpressionActivityBehavior.java:177)
	at org.flowable.engine.impl.agenda.ContinueProcessOperation.executeActivityBehavior(ContinueProcessOperation.java:298)
	at org.flowable.engine.impl.agenda.ContinueProcessOperation.executeSynchronous(ContinueProcessOperation.java:175)
	at org.flowable.engine.impl.agenda.ContinueProcessOperation.continueThroughFlowNode(ContinueProcessOperation.java:125)
	at org.flowable.engine.impl.agenda.ContinueProcessOperation.run(ContinueProcessOperation.java:88)
	at org.flowable.common.engine.impl.AbstractEngineConfiguration.lambda$new$0(AbstractEngineConfiguration.java:198)
	at org.flowable.engine.impl.interceptor.CommandInvoker.executeOperation(CommandInvoker.java:189)
	at org.flowable.engine.impl.interceptor.CommandInvoker.executeOperations(CommandInvoker.java:128)
	at org.flowable.engine.impl.interceptor.CommandInvoker.execute(CommandInvoker.java:80)
	at org.flowable.engine.impl.interceptor.BpmnOverrideContextInterceptor.execute(BpmnOverrideContextInterceptor.java:26)
	at org.flowable.common.engine.impl.interceptor.TransactionContextInterceptor.execute(TransactionContextInterceptor.java:53)
	at org.flowable.common.engine.impl.interceptor.CommandContextInterceptor.execute(CommandContextInterceptor.java:105)
	at org.flowable.common.spring.SpringTransactionInterceptor.lambda$execute$0(SpringTransactionInterceptor.java:57)
	at org.springframework.transaction.support.TransactionTemplate.execute(TransactionTemplate.java:140)
	at org.flowable.common.spring.SpringTransactionInterceptor.execute(SpringTransactionInterceptor.java:57)
	at org.flowable.common.engine.impl.interceptor.LogInterceptor.execute(LogInterceptor.java:30)
	at org.flowable.common.engine.impl.cfg.CommandExecutorImpl.execute(CommandExecutorImpl.java:56)
	at org.flowable.common.engine.impl.cfg.CommandExecutorImpl.execute(CommandExecutorImpl.java:51)
	at org.flowable.job.service.impl.asyncexecutor.ExecuteAsyncRunnable.handleTransactionalJob(ExecuteAsyncRunnable.java:177)
	at org.flowable.job.service.impl.asyncexecutor.ExecuteAsyncRunnable.executeJob(ExecuteAsyncRunnable.java:146)
	at org.flowable.job.service.impl.asyncexecutor.ExecuteAsyncRunnable.runInternally(ExecuteAsyncRunnable.java:122)
	at org.flowable.job.service.impl.asyncexecutor.ExecuteAsyncRunnable.run(ExecuteAsyncRunnable.java:96)
	at java.base/java.util.concurrent.ThreadPoolExecutor.runWorker(ThreadPoolExecutor.java:1090)
	at java.base/java.util.concurrent.ThreadPoolExecutor$Worker.run(ThreadPoolExecutor.java:614)
	at java.base/java.lang.Thread.run(Thread.java:1474)
#2026 05 07 21:43:34.131#Z#DEBUG#988ff13c-4a5d-11f1-8594-eeee0a955217.OPERATION#flowable-async-job-executor-thread-14011#
Step "Execute Task" finished#
#2026 05 07 21:43:34.005#Z#DEBUG#988ff13c-4a5d-11f1-8594-eeee0a955217.OPERATION#flowable-async-job-executor-thread-14008#
[StageAppStep] Executing task "stageAppTask" of process "ba53bcfd-4a5d-11f1-aac6-eeee0a96ae62"...#
#2026 05 07 21:43:34.007#Z#DEBUG#988ff13c-4a5d-11f1-8594-eeee0a955217.OPERATION#flowable-async-job-executor-thread-14008#
[StageAppStep] Application stage timeout is default one: 3,600 seconds#
#2026 05 07 21:43:34.008#Z#DEBUG#988ff13c-4a5d-11f1-8594-eeee0a955217.OPERATION#flowable-async-job-executor-thread-14008#
[StageAppStep] Checking status of application "Loja"...#
#2026 05 07 21:43:34.008#Z#DEBUG#988ff13c-4a5d-11f1-8594-eeee0a955217.OPERATION#flowable-async-job-executor-thread-14008#
[StageAppStep] Getting build "05ebb8aa-85d8-4473-baf4-d71a975b2ee3"...#
#2026 05 07 21:43:34.040#Z#DEBUG#988ff13c-4a5d-11f1-8594-eeee0a955217.OPERATION#flowable-async-job-executor-thread-14008#
[StageAppStep] Staging status of application "Loja": STAGED#
#2026 05 07 21:43:34.042#Z#DEBUG#988ff13c-4a5d-11f1-8594-eeee0a955217.OPERATION#flowable-async-job-executor-thread-14008#
[StageAppStep] Getting application guid "Loja"...#
#2026 05 07 21:43:34.125#Z#DEBUG#988ff13c-4a5d-11f1-8594-eeee0a955217.OPERATION#flowable-async-job-executor-thread-14008#
[StageAppStep] Getting build "05ebb8aa-85d8-4473-baf4-d71a975b2ee3"...#
#2026 05 07 21:43:34.177#Z#DEBUG#988ff13c-4a5d-11f1-8594-eeee0a955217.OPERATION#flowable-async-job-executor-thread-14008#
[StageAppStep] Binding droplet "927bcbf4-52d8-497b-bd61-18adec8b4af4" to application "873ff1b8-4d50-4112-a2cb-c2c99fe18e99"...#
#2026 05 07 21:43:34.230#Z#INFO#988ff13c-4a5d-11f1-8594-eeee0a955217.OPERATION#flowable-async-job-executor-thread-14008#
[StageAppStep] Application "Loja" staged#
#2026 05 07 21:43:34.236#Z#DEBUG#988ff13c-4a5d-11f1-8594-eeee0a955217.OPERATION#flowable-async-job-executor-thread-14008#
Step "Stage App" finished#
#2026 05 07 21:43:34.002#Z#DEBUG#988ff13c-4a5d-11f1-8594-eeee0a955217.OPERATION#flowable-async-job-executor-thread-8901#
[StageAppStep] Executing task "stageAppTask" of process "ba53e418-4a5d-11f1-aac6-eeee0a96ae62"...#
#2026 05 07 21:43:34.004#Z#DEBUG#988ff13c-4a5d-11f1-8594-eeee0a955217.OPERATION#flowable-async-job-executor-thread-8901#
[StageAppStep] Application stage timeout is default one: 3,600 seconds#
#2026 05 07 21:43:34.004#Z#DEBUG#988ff13c-4a5d-11f1-8594-eeee0a955217.OPERATION#flowable-async-job-executor-thread-8901#
[StageAppStep] Checking status of application "Loja-srv"...#
#2026 05 07 21:43:34.004#Z#DEBUG#988ff13c-4a5d-11f1-8594-eeee0a955217.OPERATION#flowable-async-job-executor-thread-8901#
[StageAppStep] Getting build "f101f57a-f966-41b7-b4fa-8ab2876aeb6e"...#
#2026 05 07 21:43:34.035#Z#DEBUG#988ff13c-4a5d-11f1-8594-eeee0a955217.OPERATION#flowable-async-job-executor-thread-8901#
[StageAppStep] Staging status of application "Loja-srv": STAGED#
#2026 05 07 21:43:34.037#Z#DEBUG#988ff13c-4a5d-11f1-8594-eeee0a955217.OPERATION#flowable-async-job-executor-thread-8901#
[StageAppStep] Getting application guid "Loja-srv"...#
#2026 05 07 21:43:34.136#Z#DEBUG#988ff13c-4a5d-11f1-8594-eeee0a955217.OPERATION#flowable-async-job-executor-thread-8901#
[StageAppStep] Getting build "f101f57a-f966-41b7-b4fa-8ab2876aeb6e"...#
#2026 05 07 21:43:34.168#Z#DEBUG#988ff13c-4a5d-11f1-8594-eeee0a955217.OPERATION#flowable-async-job-executor-thread-8901#
[StageAppStep] Binding droplet "335de5db-8c0b-448a-ab15-9a70d4d2cf89" to application "ed9d4a9f-430f-4465-b7b8-1aeb69fb45fe"...#
#2026 05 07 21:43:34.223#Z#INFO#988ff13c-4a5d-11f1-8594-eeee0a955217.OPERATION#flowable-async-job-executor-thread-8901#
[StageAppStep] Application "Loja-srv" staged#
#2026 05 07 21:43:34.230#Z#DEBUG#988ff13c-4a5d-11f1-8594-eeee0a955217.OPERATION#flowable-async-job-executor-thread-8901#
Step "Stage App" finished#
#2026 05 07 21:43:34.279#Z#DEBUG#988ff13c-4a5d-11f1-8594-eeee0a955217.OPERATION#flowable-async-job-executor-thread-8902#
[RestartAppStep] Executing task "startAppTask" of process "ba53e418-4a5d-11f1-aac6-eeee0a96ae62"...#
#2026 05 07 21:43:34.283#Z#DEBUG#988ff13c-4a5d-11f1-8594-eeee0a955217.OPERATION#flowable-async-job-executor-thread-8902#
[RestartAppStep] Application start timeout is default one: 3,600 seconds#
#2026 05 07 21:43:34.289#Z#DEBUG#988ff13c-4a5d-11f1-8594-eeee0a955217.OPERATION#flowable-async-job-executor-thread-8902#
[RestartAppStep] Getting application "Loja-srv"...#
#2026 05 07 21:43:34.340#Z#INFO#988ff13c-4a5d-11f1-8594-eeee0a955217.OPERATION#flowable-async-job-executor-thread-8902#
[RestartAppStep] Starting application "Loja-srv"...#
#2026 05 07 21:43:34.346#Z#DEBUG#988ff13c-4a5d-11f1-8594-eeee0a955217.OPERATION#flowable-async-job-executor-thread-8902#
[RestartAppStep] Starting application "Loja-srv"...#
#2026 05 07 21:43:34.568#Z#DEBUG#988ff13c-4a5d-11f1-8594-eeee0a955217.OPERATION#flowable-async-job-executor-thread-8902#
Step "Start App" finished#
#2026 05 07 21:43:34.266#Z#DEBUG#988ff13c-4a5d-11f1-8594-eeee0a955217.OPERATION#flowable-async-job-executor-thread-14008#
[RestartAppStep] Executing task "startAppTask" of process "ba53bcfd-4a5d-11f1-aac6-eeee0a96ae62"...#
#2026 05 07 21:43:34.269#Z#DEBUG#988ff13c-4a5d-11f1-8594-eeee0a955217.OPERATION#flowable-async-job-executor-thread-14008#
[RestartAppStep] Application start timeout is default one: 3,600 seconds#
#2026 05 07 21:43:34.333#Z#DEBUG#988ff13c-4a5d-11f1-8594-eeee0a955217.OPERATION#flowable-async-job-executor-thread-14008#
[RestartAppStep] Getting application "Loja"...#
#2026 05 07 21:43:34.390#Z#INFO#988ff13c-4a5d-11f1-8594-eeee0a955217.OPERATION#flowable-async-job-executor-thread-14008#
[RestartAppStep] Starting application "Loja"...#
#2026 05 07 21:43:34.395#Z#DEBUG#988ff13c-4a5d-11f1-8594-eeee0a955217.OPERATION#flowable-async-job-executor-thread-14008#
[RestartAppStep] Starting application "Loja"...#
#2026 05 07 21:43:34.661#Z#DEBUG#988ff13c-4a5d-11f1-8594-eeee0a955217.OPERATION#flowable-async-job-executor-thread-14008#
Step "Start App" finished#
#2026 05 07 21:43:35.628#Z#DEBUG#988ff13c-4a5d-11f1-8594-eeee0a955217.OPERATION#flowable-async-job-executor-thread-8903#
[ExecuteTaskStep] Executing task "executeTaskTask" of process "c02833d7-4a5d-11f1-aac6-eeee0a96ae62"...#
#2026 05 07 21:43:35.630#Z#DEBUG#988ff13c-4a5d-11f1-8594-eeee0a955217.OPERATION#flowable-async-job-executor-thread-8903#
[ExecuteTaskStep] Application task execution timeout is default one: 43,200 seconds#
#2026 05 07 21:43:35.633#Z#INFO#988ff13c-4a5d-11f1-8594-eeee0a955217.OPERATION#flowable-async-job-executor-thread-8903#
[ExecuteTaskStep] Executing task "deploy" on application "Loja-db-deployer"...#
#2026 05 07 21:43:35.639#Z#DEBUG#988ff13c-4a5d-11f1-8594-eeee0a955217.OPERATION#flowable-async-job-executor-thread-8903#
[ExecuteTaskStep] Running task on application "Loja-db-deployer": {
  "name" : "deploy",
  "command" : "npm start",
  "limits" : {
    "memory" : 256
  }
}#
#2026 05 07 21:43:35.901#Z#DEBUG#988ff13c-4a5d-11f1-8594-eeee0a955217.OPERATION#flowable-async-job-executor-thread-8903#
Step "Execute Task" finished#
#2026 05 07 21:43:44.043#Z#DEBUG#988ff13c-4a5d-11f1-8594-eeee0a955217.OPERATION#flowable-async-job-executor-thread-14018#
[ExecuteTaskStep] Executing task "executeTaskTask" of process "c02833d7-4a5d-11f1-aac6-eeee0a96ae62"...#
#2026 05 07 21:43:44.045#Z#DEBUG#988ff13c-4a5d-11f1-8594-eeee0a955217.OPERATION#flowable-async-job-executor-thread-14018#
[ExecuteTaskStep] Application task execution timeout is default one: 43,200 seconds#
#2026 05 07 21:43:44.046#Z#DEBUG#988ff13c-4a5d-11f1-8594-eeee0a955217.OPERATION#flowable-async-job-executor-thread-14018#
[ExecuteTaskStep] Getting task "4a77d2a4-f5ef-48fb-a434-6cf8e95b107d"...#
#2026 05 07 21:43:44.076#Z#DEBUG#988ff13c-4a5d-11f1-8594-eeee0a955217.OPERATION#flowable-async-job-executor-thread-14018#
[ExecuteTaskStep] Task execution status: running#
#2026 05 07 21:43:44.077#Z#DEBUG#988ff13c-4a5d-11f1-8594-eeee0a955217.OPERATION#flowable-async-job-executor-thread-14018#
[ExecuteTaskStep] Getting application guid "Loja-db-deployer"...#
#2026 05 07 21:43:44.174#Z#DEBUG#988ff13c-4a5d-11f1-8594-eeee0a955217.OPERATION#flowable-async-job-executor-thread-14018#
Step "Execute Task" finished#
#2026 05 07 21:43:44.064#Z#DEBUG#988ff13c-4a5d-11f1-8594-eeee0a955217.OPERATION#flowable-async-job-executor-thread-14019#
[RestartAppStep] Executing task "startAppTask" of process "cc62b1a3-4a5d-11f1-aac6-eeee0a96ae62"...#
#2026 05 07 21:43:44.067#Z#DEBUG#988ff13c-4a5d-11f1-8594-eeee0a955217.OPERATION#flowable-async-job-executor-thread-14019#
[RestartAppStep] Application start timeout is default one: 3,600 seconds#
#2026 05 07 21:43:44.067#Z#DEBUG#988ff13c-4a5d-11f1-8594-eeee0a955217.OPERATION#flowable-async-job-executor-thread-14019#
[RestartAppStep] Checking status of application "Loja"...#
#2026 05 07 21:43:44.067#Z#DEBUG#988ff13c-4a5d-11f1-8594-eeee0a955217.OPERATION#flowable-async-job-executor-thread-14019#
[RestartAppStep] Getting application "Loja"...#
#2026 05 07 21:43:44.112#Z#DEBUG#988ff13c-4a5d-11f1-8594-eeee0a955217.OPERATION#flowable-async-job-executor-thread-14019#
[RestartAppStep] Getting instances for application "Loja"...#
#2026 05 07 21:43:44.179#Z#DEBUG#988ff13c-4a5d-11f1-8594-eeee0a955217.OPERATION#flowable-async-job-executor-thread-14019#
[RestartAppStep] Application "Loja": 1 of 1 instances running (1 running)#
#2026 05 07 21:43:44.216#Z#DEBUG#988ff13c-4a5d-11f1-8594-eeee0a955217.OPERATION#flowable-async-job-executor-thread-14019#
[RestartAppStep] Getting routes for application "873ff1b8-4d50-4112-a2cb-c2c99fe18e99"...#
#2026 05 07 21:43:44.258#Z#INFO#988ff13c-4a5d-11f1-8594-eeee0a955217.OPERATION#flowable-async-job-executor-thread-14019#
[RestartAppStep] Application "Loja" started and available at "03462a2ftrial-dev-loja.cfapps.us10-001.hana.ondemand.com"#
#2026 05 07 21:43:44.263#Z#DEBUG#988ff13c-4a5d-11f1-8594-eeee0a955217.OPERATION#flowable-async-job-executor-thread-14019#
Step "Start App" finished#
#2026 05 07 21:43:44.063#Z#DEBUG#988ff13c-4a5d-11f1-8594-eeee0a955217.OPERATION#flowable-async-job-executor-thread-9708#
[RestartAppStep] Executing task "startAppTask" of process "cc54cf5f-4a5d-11f1-8594-eeee0a955217"...#
#2026 05 07 21:43:44.068#Z#DEBUG#988ff13c-4a5d-11f1-8594-eeee0a955217.OPERATION#flowable-async-job-executor-thread-9708#
[RestartAppStep] Application start timeout is default one: 3,600 seconds#
#2026 05 07 21:43:44.069#Z#DEBUG#988ff13c-4a5d-11f1-8594-eeee0a955217.OPERATION#flowable-async-job-executor-thread-9708#
[RestartAppStep] Checking status of application "Loja-srv"...#
#2026 05 07 21:43:44.069#Z#DEBUG#988ff13c-4a5d-11f1-8594-eeee0a955217.OPERATION#flowable-async-job-executor-thread-9708#
[RestartAppStep] Getting application "Loja-srv"...#
#2026 05 07 21:43:44.116#Z#DEBUG#988ff13c-4a5d-11f1-8594-eeee0a955217.OPERATION#flowable-async-job-executor-thread-9708#
[RestartAppStep] Getting instances for application "Loja-srv"...#
#2026 05 07 21:43:44.162#Z#DEBUG#988ff13c-4a5d-11f1-8594-eeee0a955217.OPERATION#flowable-async-job-executor-thread-9708#
[RestartAppStep] Application "Loja-srv": 1 of 1 instances running (1 running)#
#2026 05 07 21:43:44.231#Z#DEBUG#988ff13c-4a5d-11f1-8594-eeee0a955217.OPERATION#flowable-async-job-executor-thread-9708#
[RestartAppStep] Getting routes for application "ed9d4a9f-430f-4465-b7b8-1aeb69fb45fe"...#
#2026 05 07 21:43:44.278#Z#INFO#988ff13c-4a5d-11f1-8594-eeee0a955217.OPERATION#flowable-async-job-executor-thread-9708#
[RestartAppStep] Application "Loja-srv" started and available at "03462a2ftrial-dev-loja-srv.cfapps.us10-001.hana.ondemand.com"#
#2026 05 07 21:43:44.288#Z#DEBUG#988ff13c-4a5d-11f1-8594-eeee0a955217.OPERATION#flowable-async-job-executor-thread-9708#
Step "Start App" finished#
#2026 05 07 21:43:54.093#Z#DEBUG#988ff13c-4a5d-11f1-8594-eeee0a955217.OPERATION#flowable-async-job-executor-thread-8905#
[RestartAppStep] Executing task "startAppTask" of process "d21bd822-4a5d-11f1-aac6-eeee0a96ae62"...#
#2026 05 07 21:43:54.097#Z#DEBUG#988ff13c-4a5d-11f1-8594-eeee0a955217.OPERATION#flowable-async-job-executor-thread-8905#
[RestartAppStep] Application start timeout is default one: 3,600 seconds#
#2026 05 07 21:43:54.099#Z#DEBUG#988ff13c-4a5d-11f1-8594-eeee0a955217.OPERATION#flowable-async-job-executor-thread-8905#
Step "Start App" finished#
#2026 05 07 21:43:54.122#Z#DEBUG#988ff13c-4a5d-11f1-8594-eeee0a955217.OPERATION#flowable-async-job-executor-thread-9711#
[RestartAppStep] Executing task "startAppTask" of process "d2201dea-4a5d-11f1-be89-eeee0a8b5731"...#
#2026 05 07 21:43:54.126#Z#DEBUG#988ff13c-4a5d-11f1-8594-eeee0a955217.OPERATION#flowable-async-job-executor-thread-9711#
[RestartAppStep] Application start timeout is default one: 3,600 seconds#
#2026 05 07 21:43:54.129#Z#DEBUG#988ff13c-4a5d-11f1-8594-eeee0a955217.OPERATION#flowable-async-job-executor-thread-9711#
Step "Start App" finished#
#2026 05 07 21:43:54.203#Z#DEBUG#988ff13c-4a5d-11f1-8594-eeee0a955217.OPERATION#flowable-async-job-executor-thread-8907#
[PrepareToExecuteTasksStep] Executing task "prepareToExecuteTasksTask" of process "d8007b57-4a5d-11f1-8594-eeee0a955217"...#
#2026 05 07 21:43:54.205#Z#DEBUG#988ff13c-4a5d-11f1-8594-eeee0a955217.OPERATION#flowable-async-job-executor-thread-8907#
Step "Prepare To Execute Tasks" finished#
#2026 05 07 21:43:54.089#Z#DEBUG#988ff13c-4a5d-11f1-8594-eeee0a955217.OPERATION#flowable-async-job-executor-thread-14027#
[ExecuteTaskStep] Executing task "executeTaskTask" of process "c02833d7-4a5d-11f1-aac6-eeee0a96ae62"...#
#2026 05 07 21:43:54.091#Z#DEBUG#988ff13c-4a5d-11f1-8594-eeee0a955217.OPERATION#flowable-async-job-executor-thread-14027#
[ExecuteTaskStep] Application task execution timeout is default one: 43,200 seconds#
#2026 05 07 21:43:54.092#Z#DEBUG#988ff13c-4a5d-11f1-8594-eeee0a955217.OPERATION#flowable-async-job-executor-thread-14027#
[ExecuteTaskStep] Getting task "4a77d2a4-f5ef-48fb-a434-6cf8e95b107d"...#
#2026 05 07 21:43:54.127#Z#DEBUG#988ff13c-4a5d-11f1-8594-eeee0a955217.OPERATION#flowable-async-job-executor-thread-14027#
[ExecuteTaskStep] Task execution status: failed#
#2026 05 07 21:43:54.128#Z#DEBUG#988ff13c-4a5d-11f1-8594-eeee0a955217.OPERATION#flowable-async-job-executor-thread-14027#
[ExecuteTaskStep] Getting application guid "Loja-db-deployer"...#
#2026 05 07 21:43:54.211#Z#ERROR#988ff13c-4a5d-11f1-8594-eeee0a955217.OPERATION#flowable-async-job-executor-thread-14027#
[ExecuteTaskStep] Execution of task "deploy" on application "Loja-db-deployer" failed.
Download the application logs via the dmol command and check them for more information.#
#2026 05 07 21:43:54.220#Z#ERROR#988ff13c-4a5d-11f1-8594-eeee0a955217.OPERATION#flowable-async-job-executor-thread-14027#
Exception caught#
org.cloudfoundry.multiapps.common.SLException: A step of the process has failed. Retrying it may solve the issue.
	at org.cloudfoundry.multiapps.controller.process.steps.SyncFlowableStep.executeInternal(SyncFlowableStep.java:83)
	at org.cloudfoundry.multiapps.controller.process.steps.SyncFlowableStep.lambda$execute$0(SyncFlowableStep.java:71)
	at org.cloudfoundry.multiapps.controller.core.util.LoggingUtil.logWithCorrelationId(LoggingUtil.java:14)
	at org.cloudfoundry.multiapps.controller.process.steps.SyncFlowableStep.execute(SyncFlowableStep.java:71)
	at org.flowable.engine.impl.delegate.invocation.JavaDelegateInvocation.invoke(JavaDelegateInvocation.java:35)
	at org.flowable.engine.impl.delegate.invocation.DelegateInvocation.proceed(DelegateInvocation.java:32)
	at org.flowable.engine.impl.delegate.invocation.DefaultDelegateInterceptor.handleInvocation(DefaultDelegateInterceptor.java:26)
	at org.flowable.engine.impl.bpmn.behavior.ServiceTaskDelegateExpressionActivityBehavior.execute(ServiceTaskDelegateExpressionActivityBehavior.java:177)
	at org.flowable.engine.impl.agenda.ContinueProcessOperation.executeActivityBehavior(ContinueProcessOperation.java:298)
	at org.flowable.engine.impl.agenda.ContinueProcessOperation.executeSynchronous(ContinueProcessOperation.java:175)
	at org.flowable.engine.impl.agenda.ContinueProcessOperation.continueThroughFlowNode(ContinueProcessOperation.java:125)
	at org.flowable.engine.impl.agenda.ContinueProcessOperation.run(ContinueProcessOperation.java:88)
	at org.flowable.common.engine.impl.AbstractEngineConfiguration.lambda$new$0(AbstractEngineConfiguration.java:198)
	at org.flowable.engine.impl.interceptor.CommandInvoker.executeOperation(CommandInvoker.java:189)
	at org.flowable.engine.impl.interceptor.CommandInvoker.executeOperations(CommandInvoker.java:128)
	at org.flowable.engine.impl.interceptor.CommandInvoker.execute(CommandInvoker.java:80)
	at org.flowable.engine.impl.interceptor.BpmnOverrideContextInterceptor.execute(BpmnOverrideContextInterceptor.java:26)
	at org.flowable.common.engine.impl.interceptor.TransactionContextInterceptor.execute(TransactionContextInterceptor.java:53)
	at org.flowable.common.engine.impl.interceptor.CommandContextInterceptor.execute(CommandContextInterceptor.java:105)
	at org.flowable.common.spring.SpringTransactionInterceptor.lambda$execute$0(SpringTransactionInterceptor.java:57)
	at org.springframework.transaction.support.TransactionTemplate.execute(TransactionTemplate.java:140)
	at org.flowable.common.spring.SpringTransactionInterceptor.execute(SpringTransactionInterceptor.java:57)
	at org.flowable.common.engine.impl.interceptor.LogInterceptor.execute(LogInterceptor.java:30)
	at org.flowable.common.engine.impl.cfg.CommandExecutorImpl.execute(CommandExecutorImpl.java:56)
	at org.flowable.common.engine.impl.cfg.CommandExecutorImpl.execute(CommandExecutorImpl.java:51)
	at org.flowable.job.service.impl.asyncexecutor.ExecuteAsyncRunnable.handleTransactionalJob(ExecuteAsyncRunnable.java:177)
	at org.flowable.job.service.impl.asyncexecutor.ExecuteAsyncRunnable.executeJob(ExecuteAsyncRunnable.java:146)
	at org.flowable.job.service.impl.asyncexecutor.ExecuteAsyncRunnable.runInternally(ExecuteAsyncRunnable.java:122)
	at org.flowable.job.service.impl.asyncexecutor.ExecuteAsyncRunnable.run(ExecuteAsyncRunnable.java:96)
	at java.base/java.util.concurrent.ThreadPoolExecutor.runWorker(ThreadPoolExecutor.java:1090)
	at java.base/java.util.concurrent.ThreadPoolExecutor$Worker.run(ThreadPoolExecutor.java:614)
	at java.base/java.lang.Thread.run(Thread.java:1474)
#2026 05 07 21:43:54.226#Z#DEBUG#988ff13c-4a5d-11f1-8594-eeee0a955217.OPERATION#flowable-async-job-executor-thread-14027#
Step "Execute Task" finished#
#2026 05 07 21:43:54.237#Z#DEBUG#988ff13c-4a5d-11f1-8594-eeee0a955217.OPERATION#flowable-async-job-executor-thread-9713#
[PrepareToExecuteTasksStep] Executing task "prepareToExecuteTasksTask" of process "d805ab72-4a5d-11f1-be89-eeee0a8b5731"...#
#2026 05 07 21:43:54.239#Z#DEBUG#988ff13c-4a5d-11f1-8594-eeee0a955217.OPERATION#flowable-async-job-executor-thread-9713#
Step "Prepare To Execute Tasks" finished#
#2026 05 07 21:43:54.279#Z#DEBUG#988ff13c-4a5d-11f1-8594-eeee0a955217.OPERATION#flowable-async-job-executor-thread-8908#
[PublishConfigurationEntriesStep] Executing task "publishProvidedDependenciesTask" of process "d7f94f44-4a5d-11f1-8594-eeee0a955217"...#
#2026 05 07 21:43:54.281#Z#DEBUG#988ff13c-4a5d-11f1-8594-eeee0a955217.OPERATION#flowable-async-job-executor-thread-8908#
[PublishConfigurationEntriesStep] Publishing public provided dependencies for application "Loja"...#
#2026 05 07 21:43:54.282#Z#DEBUG#988ff13c-4a5d-11f1-8594-eeee0a955217.OPERATION#flowable-async-job-executor-thread-8908#
[PublishConfigurationEntriesStep] No public provided dependencies for publishing#
#2026 05 07 21:43:54.282#Z#DEBUG#988ff13c-4a5d-11f1-8594-eeee0a955217.OPERATION#flowable-async-job-executor-thread-8908#
Step "Publish Provided Dependencies" finished#
#2026 05 07 21:43:54.321#Z#DEBUG#988ff13c-4a5d-11f1-8594-eeee0a955217.OPERATION#flowable-async-job-executor-thread-9714#
[PublishConfigurationEntriesStep] Executing task "publishProvidedDependenciesTask" of process "d7fdbc0f-4a5d-11f1-be89-eeee0a8b5731"...#
#2026 05 07 21:43:54.322#Z#DEBUG#988ff13c-4a5d-11f1-8594-eeee0a955217.OPERATION#flowable-async-job-executor-thread-9714#
[PublishConfigurationEntriesStep] Publishing public provided dependencies for application "Loja-srv"...#
#2026 05 07 21:43:54.323#Z#DEBUG#988ff13c-4a5d-11f1-8594-eeee0a955217.OPERATION#flowable-async-job-executor-thread-9714#
[PublishConfigurationEntriesStep] No public provided dependencies for publishing#
#2026 05 07 21:43:54.323#Z#DEBUG#988ff13c-4a5d-11f1-8594-eeee0a955217.OPERATION#flowable-async-job-executor-thread-9714#
Step "Publish Provided Dependencies" finished#
#2026 05 07 21:43:54.322#Z#DEBUG#988ff13c-4a5d-11f1-8594-eeee0a955217.OPERATION#flowable-async-job-executor-thread-8909#
[CreateOrUpdateServiceBrokerStep] Executing task "createOrUpdateServiceBrokerTask" of process "d7f94f44-4a5d-11f1-8594-eeee0a955217"...#
#2026 05 07 21:43:54.323#Z#DEBUG#988ff13c-4a5d-11f1-8594-eeee0a955217.OPERATION#flowable-async-job-executor-thread-8909#
[CreateOrUpdateServiceBrokerStep] Creating service brokers...#
#2026 05 07 21:43:54.325#Z#DEBUG#988ff13c-4a5d-11f1-8594-eeee0a955217.OPERATION#flowable-async-job-executor-thread-8909#
Step "Create Or Update Service Broker " finished#
#2026 05 07 21:43:54.371#Z#DEBUG#988ff13c-4a5d-11f1-8594-eeee0a955217.OPERATION#flowable-async-job-executor-thread-9715#
[CreateOrUpdateServiceBrokerStep] Executing task "createOrUpdateServiceBrokerTask" of process "d7fdbc0f-4a5d-11f1-be89-eeee0a8b5731"...#
#2026 05 07 21:43:54.374#Z#DEBUG#988ff13c-4a5d-11f1-8594-eeee0a955217.OPERATION#flowable-async-job-executor-thread-9715#
[CreateOrUpdateServiceBrokerStep] Creating service brokers...#
#2026 05 07 21:43:54.375#Z#DEBUG#988ff13c-4a5d-11f1-8594-eeee0a955217.OPERATION#flowable-async-job-executor-thread-9715#
Step "Create Or Update Service Broker " finished#
#2026 05 07 21:43:56.997#Z#DEBUG#988ff13c-4a5d-11f1-8594-eeee0a955217.OPERATION#flowable-async-job-executor-thread-8911#
[ExecuteTaskStep] Executing task "executeTaskTask" of process "c02833d7-4a5d-11f1-aac6-eeee0a96ae62"...#
#2026 05 07 21:43:56.999#Z#DEBUG#988ff13c-4a5d-11f1-8594-eeee0a955217.OPERATION#flowable-async-job-executor-thread-8911#
[ExecuteTaskStep] Application task execution timeout is default one: 43,200 seconds#
#2026 05 07 21:43:57.002#Z#INFO#988ff13c-4a5d-11f1-8594-eeee0a955217.OPERATION#flowable-async-job-executor-thread-8911#
[ExecuteTaskStep] Executing task "deploy" on application "Loja-db-deployer"...#
#2026 05 07 21:43:57.008#Z#DEBUG#988ff13c-4a5d-11f1-8594-eeee0a955217.OPERATION#flowable-async-job-executor-thread-8911#
[ExecuteTaskStep] Running task on application "Loja-db-deployer": {
  "name" : "deploy",
  "command" : "npm start",
  "limits" : {
    "memory" : 256
  }
}#
#2026 05 07 21:43:57.281#Z#DEBUG#988ff13c-4a5d-11f1-8594-eeee0a955217.OPERATION#flowable-async-job-executor-thread-8911#
Step "Execute Task" finished#
#2026 05 07 21:44:04.144#Z#DEBUG#988ff13c-4a5d-11f1-8594-eeee0a955217.OPERATION#flowable-async-job-executor-thread-9718#
[ExecuteTaskStep] Executing task "executeTaskTask" of process "c02833d7-4a5d-11f1-aac6-eeee0a96ae62"...#
#2026 05 07 21:44:04.147#Z#DEBUG#988ff13c-4a5d-11f1-8594-eeee0a955217.OPERATION#flowable-async-job-executor-thread-9718#
[ExecuteTaskStep] Application task execution timeout is default one: 43,200 seconds#
#2026 05 07 21:44:04.150#Z#DEBUG#988ff13c-4a5d-11f1-8594-eeee0a955217.OPERATION#flowable-async-job-executor-thread-9718#
[ExecuteTaskStep] Getting task "8b61510f-2802-40af-a37f-29d9951c4b21"...#
#2026 05 07 21:44:04.199#Z#DEBUG#988ff13c-4a5d-11f1-8594-eeee0a955217.OPERATION#flowable-async-job-executor-thread-9718#
[ExecuteTaskStep] Task execution status: running#
#2026 05 07 21:44:04.200#Z#DEBUG#988ff13c-4a5d-11f1-8594-eeee0a955217.OPERATION#flowable-async-job-executor-thread-9718#
[ExecuteTaskStep] Getting application guid "Loja-db-deployer"...#
#2026 05 07 21:44:04.305#Z#DEBUG#988ff13c-4a5d-11f1-8594-eeee0a955217.OPERATION#flowable-async-job-executor-thread-9718#
Step "Execute Task" finished#
#2026 05 07 21:44:14.147#Z#DEBUG#988ff13c-4a5d-11f1-8594-eeee0a955217.OPERATION#flowable-async-job-executor-thread-8913#
[ExecuteTaskStep] Executing task "executeTaskTask" of process "c02833d7-4a5d-11f1-aac6-eeee0a96ae62"...#
#2026 05 07 21:44:14.150#Z#DEBUG#988ff13c-4a5d-11f1-8594-eeee0a955217.OPERATION#flowable-async-job-executor-thread-8913#
[ExecuteTaskStep] Application task execution timeout is default one: 43,200 seconds#
#2026 05 07 21:44:14.151#Z#DEBUG#988ff13c-4a5d-11f1-8594-eeee0a955217.OPERATION#flowable-async-job-executor-thread-8913#
[ExecuteTaskStep] Getting task "8b61510f-2802-40af-a37f-29d9951c4b21"...#
#2026 05 07 21:44:14.184#Z#DEBUG#988ff13c-4a5d-11f1-8594-eeee0a955217.OPERATION#flowable-async-job-executor-thread-8913#
[ExecuteTaskStep] Task execution status: failed#
#2026 05 07 21:44:14.186#Z#DEBUG#988ff13c-4a5d-11f1-8594-eeee0a955217.OPERATION#flowable-async-job-executor-thread-8913#
[ExecuteTaskStep] Getting application guid "Loja-db-deployer"...#
#2026 05 07 21:44:14.278#Z#ERROR#988ff13c-4a5d-11f1-8594-eeee0a955217.OPERATION#flowable-async-job-executor-thread-8913#
[ExecuteTaskStep] Execution of task "deploy" on application "Loja-db-deployer" failed.
Download the application logs via the dmol command and check them for more information.#
#2026 05 07 21:44:14.285#Z#ERROR#988ff13c-4a5d-11f1-8594-eeee0a955217.OPERATION#flowable-async-job-executor-thread-8913#
Exception caught#
org.cloudfoundry.multiapps.common.SLException: A step of the process has failed. Retrying it may solve the issue.
	at org.cloudfoundry.multiapps.controller.process.steps.SyncFlowableStep.executeInternal(SyncFlowableStep.java:83)
	at org.cloudfoundry.multiapps.controller.process.steps.SyncFlowableStep.lambda$execute$0(SyncFlowableStep.java:71)
	at org.cloudfoundry.multiapps.controller.core.util.LoggingUtil.logWithCorrelationId(LoggingUtil.java:14)
	at org.cloudfoundry.multiapps.controller.process.steps.SyncFlowableStep.execute(SyncFlowableStep.java:71)
	at org.flowable.engine.impl.delegate.invocation.JavaDelegateInvocation.invoke(JavaDelegateInvocation.java:35)
	at org.flowable.engine.impl.delegate.invocation.DelegateInvocation.proceed(DelegateInvocation.java:32)
	at org.flowable.engine.impl.delegate.invocation.DefaultDelegateInterceptor.handleInvocation(DefaultDelegateInterceptor.java:26)
	at org.flowable.engine.impl.bpmn.behavior.ServiceTaskDelegateExpressionActivityBehavior.execute(ServiceTaskDelegateExpressionActivityBehavior.java:177)
	at org.flowable.engine.impl.agenda.ContinueProcessOperation.executeActivityBehavior(ContinueProcessOperation.java:298)
	at org.flowable.engine.impl.agenda.ContinueProcessOperation.executeSynchronous(ContinueProcessOperation.java:175)
	at org.flowable.engine.impl.agenda.ContinueProcessOperation.continueThroughFlowNode(ContinueProcessOperation.java:125)
	at org.flowable.engine.impl.agenda.ContinueProcessOperation.run(ContinueProcessOperation.java:88)
	at org.flowable.common.engine.impl.AbstractEngineConfiguration.lambda$new$0(AbstractEngineConfiguration.java:198)
	at org.flowable.engine.impl.interceptor.CommandInvoker.executeOperation(CommandInvoker.java:189)
	at org.flowable.engine.impl.interceptor.CommandInvoker.executeOperations(CommandInvoker.java:128)
	at org.flowable.engine.impl.interceptor.CommandInvoker.execute(CommandInvoker.java:80)
	at org.flowable.engine.impl.interceptor.BpmnOverrideContextInterceptor.execute(BpmnOverrideContextInterceptor.java:26)
	at org.flowable.common.engine.impl.interceptor.TransactionContextInterceptor.execute(TransactionContextInterceptor.java:53)
	at org.flowable.common.engine.impl.interceptor.CommandContextInterceptor.execute(CommandContextInterceptor.java:105)
	at org.flowable.common.spring.SpringTransactionInterceptor.lambda$execute$0(SpringTransactionInterceptor.java:57)
	at org.springframework.transaction.support.TransactionTemplate.execute(TransactionTemplate.java:140)
	at org.flowable.common.spring.SpringTransactionInterceptor.execute(SpringTransactionInterceptor.java:57)
	at org.flowable.common.engine.impl.interceptor.LogInterceptor.execute(LogInterceptor.java:30)
	at org.flowable.common.engine.impl.cfg.CommandExecutorImpl.execute(CommandExecutorImpl.java:56)
	at org.flowable.common.engine.impl.cfg.CommandExecutorImpl.execute(CommandExecutorImpl.java:51)
	at org.flowable.job.service.impl.asyncexecutor.ExecuteAsyncRunnable.handleTransactionalJob(ExecuteAsyncRunnable.java:177)
	at org.flowable.job.service.impl.asyncexecutor.ExecuteAsyncRunnable.executeJob(ExecuteAsyncRunnable.java:146)
	at org.flowable.job.service.impl.asyncexecutor.ExecuteAsyncRunnable.runInternally(ExecuteAsyncRunnable.java:122)
	at org.flowable.job.service.impl.asyncexecutor.ExecuteAsyncRunnable.run(ExecuteAsyncRunnable.java:96)
	at java.base/java.util.concurrent.ThreadPoolExecutor.runWorker(ThreadPoolExecutor.java:1090)
	at java.base/java.util.concurrent.ThreadPoolExecutor$Worker.run(ThreadPoolExecutor.java:614)
	at java.base/java.lang.Thread.run(Thread.java:1474)
#2026 05 07 21:44:14.294#Z#DEBUG#988ff13c-4a5d-11f1-8594-eeee0a955217.OPERATION#flowable-async-job-executor-thread-8913#
Step "Execute Task" finished#
#2026 05 07 21:44:15.350#Z#DEBUG#988ff13c-4a5d-11f1-8594-eeee0a955217.OPERATION#flowable-async-job-executor-thread-8915#
[ExecuteTaskStep] Executing task "executeTaskTask" of process "c02833d7-4a5d-11f1-aac6-eeee0a96ae62"...#
#2026 05 07 21:44:15.352#Z#DEBUG#988ff13c-4a5d-11f1-8594-eeee0a955217.OPERATION#flowable-async-job-executor-thread-8915#
[ExecuteTaskStep] Application task execution timeout is default one: 43,200 seconds#
#2026 05 07 21:44:15.424#Z#INFO#988ff13c-4a5d-11f1-8594-eeee0a955217.OPERATION#flowable-async-job-executor-thread-8915#
[ExecuteTaskStep] Executing task "deploy" on application "Loja-db-deployer"...#
#2026 05 07 21:44:15.431#Z#DEBUG#988ff13c-4a5d-11f1-8594-eeee0a955217.OPERATION#flowable-async-job-executor-thread-8915#
[ExecuteTaskStep] Running task on application "Loja-db-deployer": {
  "name" : "deploy",
  "command" : "npm start",
  "limits" : {
    "memory" : 256
  }
}#
#2026 05 07 21:44:15.754#Z#DEBUG#988ff13c-4a5d-11f1-8594-eeee0a955217.OPERATION#flowable-async-job-executor-thread-8915#
Step "Execute Task" finished#
#2026 05 07 21:44:24.231#Z#DEBUG#988ff13c-4a5d-11f1-8594-eeee0a955217.OPERATION#flowable-async-job-executor-thread-9720#
[ExecuteTaskStep] Executing task "executeTaskTask" of process "c02833d7-4a5d-11f1-aac6-eeee0a96ae62"...#
#2026 05 07 21:44:24.234#Z#DEBUG#988ff13c-4a5d-11f1-8594-eeee0a955217.OPERATION#flowable-async-job-executor-thread-9720#
[ExecuteTaskStep] Application task execution timeout is default one: 43,200 seconds#
#2026 05 07 21:44:24.236#Z#DEBUG#988ff13c-4a5d-11f1-8594-eeee0a955217.OPERATION#flowable-async-job-executor-thread-9720#
[ExecuteTaskStep] Getting task "5fea750c-fb35-4f6c-a1fa-5fd8e2bae107"...#
#2026 05 07 21:44:24.282#Z#DEBUG#988ff13c-4a5d-11f1-8594-eeee0a955217.OPERATION#flowable-async-job-executor-thread-9720#
[ExecuteTaskStep] Task execution status: running#
#2026 05 07 21:44:24.283#Z#DEBUG#988ff13c-4a5d-11f1-8594-eeee0a955217.OPERATION#flowable-async-job-executor-thread-9720#
[ExecuteTaskStep] Getting application guid "Loja-db-deployer"...#
#2026 05 07 21:44:24.353#Z#DEBUG#988ff13c-4a5d-11f1-8594-eeee0a955217.OPERATION#flowable-async-job-executor-thread-9720#
Step "Execute Task" finished#
#2026 05 07 21:44:34.250#Z#DEBUG#988ff13c-4a5d-11f1-8594-eeee0a955217.OPERATION#flowable-async-job-executor-thread-9723#
[ExecuteTaskStep] Executing task "executeTaskTask" of process "c02833d7-4a5d-11f1-aac6-eeee0a96ae62"...#
#2026 05 07 21:44:34.253#Z#DEBUG#988ff13c-4a5d-11f1-8594-eeee0a955217.OPERATION#flowable-async-job-executor-thread-9723#
[ExecuteTaskStep] Application task execution timeout is default one: 43,200 seconds#
#2026 05 07 21:44:34.255#Z#DEBUG#988ff13c-4a5d-11f1-8594-eeee0a955217.OPERATION#flowable-async-job-executor-thread-9723#
[ExecuteTaskStep] Getting task "5fea750c-fb35-4f6c-a1fa-5fd8e2bae107"...#
#2026 05 07 21:44:34.286#Z#DEBUG#988ff13c-4a5d-11f1-8594-eeee0a955217.OPERATION#flowable-async-job-executor-thread-9723#
[ExecuteTaskStep] Task execution status: failed#
#2026 05 07 21:44:34.288#Z#DEBUG#988ff13c-4a5d-11f1-8594-eeee0a955217.OPERATION#flowable-async-job-executor-thread-9723#
[ExecuteTaskStep] Getting application guid "Loja-db-deployer"...#
#2026 05 07 21:44:34.394#Z#ERROR#988ff13c-4a5d-11f1-8594-eeee0a955217.OPERATION#flowable-async-job-executor-thread-9723#
[ExecuteTaskStep] Execution of task "deploy" on application "Loja-db-deployer" failed.
Download the application logs via the dmol command and check them for more information.#
#2026 05 07 21:44:34.404#Z#ERROR#988ff13c-4a5d-11f1-8594-eeee0a955217.OPERATION#flowable-async-job-executor-thread-9723#
Exception caught#
org.cloudfoundry.multiapps.common.SLException: A step of the process has failed. Retrying it may solve the issue.
	at org.cloudfoundry.multiapps.controller.process.steps.SyncFlowableStep.executeInternal(SyncFlowableStep.java:83)
	at org.cloudfoundry.multiapps.controller.process.steps.SyncFlowableStep.lambda$execute$0(SyncFlowableStep.java:71)
	at org.cloudfoundry.multiapps.controller.core.util.LoggingUtil.logWithCorrelationId(LoggingUtil.java:14)
	at org.cloudfoundry.multiapps.controller.process.steps.SyncFlowableStep.execute(SyncFlowableStep.java:71)
	at org.flowable.engine.impl.delegate.invocation.JavaDelegateInvocation.invoke(JavaDelegateInvocation.java:35)
	at org.flowable.engine.impl.delegate.invocation.DelegateInvocation.proceed(DelegateInvocation.java:32)
	at org.flowable.engine.impl.delegate.invocation.DefaultDelegateInterceptor.handleInvocation(DefaultDelegateInterceptor.java:26)
	at org.flowable.engine.impl.bpmn.behavior.ServiceTaskDelegateExpressionActivityBehavior.execute(ServiceTaskDelegateExpressionActivityBehavior.java:177)
	at org.flowable.engine.impl.agenda.ContinueProcessOperation.executeActivityBehavior(ContinueProcessOperation.java:298)
	at org.flowable.engine.impl.agenda.ContinueProcessOperation.executeSynchronous(ContinueProcessOperation.java:175)
	at org.flowable.engine.impl.agenda.ContinueProcessOperation.continueThroughFlowNode(ContinueProcessOperation.java:125)
	at org.flowable.engine.impl.agenda.ContinueProcessOperation.run(ContinueProcessOperation.java:88)
	at org.flowable.common.engine.impl.AbstractEngineConfiguration.lambda$new$0(AbstractEngineConfiguration.java:198)
	at org.flowable.engine.impl.interceptor.CommandInvoker.executeOperation(CommandInvoker.java:189)
	at org.flowable.engine.impl.interceptor.CommandInvoker.executeOperations(CommandInvoker.java:128)
	at org.flowable.engine.impl.interceptor.CommandInvoker.execute(CommandInvoker.java:80)
	at org.flowable.engine.impl.interceptor.BpmnOverrideContextInterceptor.execute(BpmnOverrideContextInterceptor.java:26)
	at org.flowable.common.engine.impl.interceptor.TransactionContextInterceptor.execute(TransactionContextInterceptor.java:53)
	at org.flowable.common.engine.impl.interceptor.CommandContextInterceptor.execute(CommandContextInterceptor.java:105)
	at org.flowable.common.spring.SpringTransactionInterceptor.lambda$execute$0(SpringTransactionInterceptor.java:57)
	at org.springframework.transaction.support.TransactionTemplate.execute(TransactionTemplate.java:140)
	at org.flowable.common.spring.SpringTransactionInterceptor.execute(SpringTransactionInterceptor.java:57)
	at org.flowable.common.engine.impl.interceptor.LogInterceptor.execute(LogInterceptor.java:30)
	at org.flowable.common.engine.impl.cfg.CommandExecutorImpl.execute(CommandExecutorImpl.java:56)
	at org.flowable.common.engine.impl.cfg.CommandExecutorImpl.execute(CommandExecutorImpl.java:51)
	at org.flowable.job.service.impl.asyncexecutor.ExecuteAsyncRunnable.handleTransactionalJob(ExecuteAsyncRunnable.java:177)
	at org.flowable.job.service.impl.asyncexecutor.ExecuteAsyncRunnable.executeJob(ExecuteAsyncRunnable.java:146)
	at org.flowable.job.service.impl.asyncexecutor.ExecuteAsyncRunnable.runInternally(ExecuteAsyncRunnable.java:122)
	at org.flowable.job.service.impl.asyncexecutor.ExecuteAsyncRunnable.run(ExecuteAsyncRunnable.java:96)
	at java.base/java.util.concurrent.ThreadPoolExecutor.runWorker(ThreadPoolExecutor.java:1090)
	at java.base/java.util.concurrent.ThreadPoolExecutor$Worker.run(ThreadPoolExecutor.java:614)
	at java.base/java.lang.Thread.run(Thread.java:1474)
#2026 05 07 21:44:34.411#Z#DEBUG#988ff13c-4a5d-11f1-8594-eeee0a955217.OPERATION#flowable-async-job-executor-thread-9723#
Step "Execute Task" finished#
